Distance in metres,Time in minutes,latitude,longitude
16814.477999999996,63.11740990990988,43.067887775209066,-2.6625801025001206
,,43.07165717816082,-2.6652653483401476
16814.477999999996,63.11740990990988,43.06922005457579,-2.66286946714884
16721.18,62.767192192192184,43.07055233119576,-2.663158849269591
16439.231000000003,61.70882507507508,43.07211199965848,-2.661631136941588
16721.18,62.767192192192184,43.07188460506907,-2.6634482488638183
16439.231000000003,61.70882507507508,43.0732168761958,-2.6637376659329766
17327.177000000007,65.04195570570572,43.0729894433213,-2.6655548048695974
17327.177000000007,65.04195570570572,43.07432170573488,-2.66584427887766
17769.495000000003,66.70230855855856,43.075426488272704,-2.6679509757787794
17327.177000000007,65.04195570570572,43.07565396540168,-2.6661337703657706
,,43.07675873922462,-2.668240524214246
16439.231000000003,61.70882507507508,43.07344427675068,-2.66192051454929
17327.177000000007,65.04195570570572,43.07454914457602,-2.664027100478499
16142.539000000002,60.59511636636637,43.07477655109675,-2.6622099096311374
16654.003,62.51502627627627,43.0750039252967,-2.660392706337138
16142.539000000002,60.59511636636637,43.076108822696746,-2.6624993221885553
17347.195000000007,65.11709834834838,43.0758814102098,-2.664316552501842
16205.771000000002,60.83247372372373,43.07633620286214,-2.660682079427493
15869.596000000003,59.57055555555556,43.077668477681954,-2.6609714699926426
15869.596000000003,59.57055555555556,43.077441091550774,-2.6627887522230056
17347.195000000007,65.11709834834838,43.077213673097255,-2.6646060220044405
16248.255000000001,60.991948198198195,43.07880492349041,-2.6518848721618147
,,43.07857769897622,-2.6537022166132815
,,43.07679086622686,-2.657047556568299
16654.003,62.51502627627627,43.07656355070563,-2.6588648242202204
15869.596000000003,59.57055555555556,43.077895831490444,-2.6591541753149164
,,43.07812315297589,-2.6573368681914027
,,43.078350442137925,-2.655519548623664
,,43.08059158936038,-2.648539277650414
,,43.08215103989268,-2.6470109660919725
,,43.08237814702541,-2.6451934929259235
,,43.08192390043286,-2.648828426820925
14934.937000000004,56.06207582582583,43.083256208762535,-2.649117593454912
,,43.08371046727548,-2.645482580588382
14934.937000000004,56.06207582582583,43.083483354182945,-2.647300093240766
15347.024000000003,57.60894894894896,43.08504278478356,-2.645771685711278
17347.195000000007,65.11709834834838,43.07698622232176,-2.666423279335378
,,43.078090987429526,-2.668530090134892
,,43.07831847649518,-2.6667128057879306
,,43.0794232328875,-2.6688196735421696
16355.709000000004,61.39530405405406,43.07965072792204,-2.667002349724878
15869.596000000003,59.57055555555556,43.07900074975624,-2.661260878034022
15955.056000000006,59.89135135135137,43.07877335765889,-2.6630781997359265
15955.056000000006,59.89135135135137,43.078545933238416,-2.664895508987754
15955.056000000006,59.89135135135137,43.08033301908506,-2.661550303553088
15955.056000000006,59.89135135135137,43.0801056210212,-2.663367664728767
15955.056000000006,59.89135135135137,43.0798781906334,-2.665185013453219
,,43.08166528566852,-2.661839746551287
16355.709000000004,61.39530405405406,43.08143788163775,-2.6636571472029713
16355.709000000004,61.39530405405406,43.08121044528226,-2.6654745354022893
,,43.08299754950667,-2.662129207030057
16355.709000000004,61.39530405405406,43.08098297660245,-2.6672919111476596
16355.709000000004,61.39530405405406,43.080755475598636,-2.669109274437517
16695.966,62.67254504504504,43.08208771556299,-2.669398892822389
16355.709000000004,61.39530405405406,43.08231522253644,-2.6675814900577266
16355.709000000004,61.39530405405406,43.082542697185104,-2.6657640748364053
16355.709000000004,61.39530405405406,43.08277013950864,-2.6639466471599915
16691.887000000002,62.65723348348349,43.08432981059962,-2.662418684990848
16691.887000000002,62.65723348348349,43.08410239463393,-2.66423616460127
16691.887000000002,62.65723348348349,43.08387494634197,-2.6660536317570203
16691.887000000002,62.65723348348349,43.08566206894743,-2.6627081804351143
16691.887000000002,62.65723348348349,43.085434647013734,-2.664525699528255
16691.887000000002,62.65723348348349,43.08520719275298,-2.666343206165575
15777.478000000005,59.224767267267275,43.086994324550155,-2.662997693364291
16691.887000000002,62.65723348348349,43.0867668966481,-2.66481525194239
16695.966,62.67254504504504,43.08341995278065,-2.6696885286982295
16695.966,62.67254504504504,43.083647465724106,-2.667871086456528
16695.966,62.67254504504504,43.084979706165534,-2.6681607003455103
16820.491000000005,63.139981231231246,43.08631194386078,-2.668450331726121
16691.887000000002,62.65723348348349,43.086539436418185,-2.666632798063523
15777.478000000005,59.224767267267275,43.088099143537114,-2.665104821845129
,,43.08787167733768,-2.666922407452309
15777.478000000005,59.224767267267275,43.08832657740792,-2.6632872237798346
15846.524000000003,59.48394894894896,43.089203915511526,-2.667212034333381
,,43.08943138768086,-2.665394409237914
15777.478000000005,59.224767267267275,43.089658827520765,-2.6635767716831866
15481.655000000004,58.114320570570584,43.090763629079426,-2.665684014122199
15846.524000000003,59.48394894894896,43.0905361509398,-2.6675016787081867
15481.655000000004,58.114320570570584,43.0909910748888,-2.663866337075797
16820.491000000005,63.139981231231246,43.087644178809946,-2.6687399805998027
15846.524000000003,59.48394894894896,43.08897641101311,-2.6690296469680117
15846.524000000003,59.48394894894896,43.09030864047033,-2.6693193308321868
15683.035000000005,58.87025150150152,43.09164086718172,-2.6696090321937853
15457.601000000004,58.02402777777779,43.09186838362263,-2.6677913405781704
15481.655000000004,58.114320570570584,43.09209586773286,-2.6659736364994266
15481.655000000004,58.114320570570584,43.092323319512104,-2.6641559199591156
15457.601000000004,58.02402777777779,43.09342810364128,-2.6662632763710454
15457.601000000004,58.02402777777779,43.09320061356003,-2.6680810199447915
15457.601000000004,58.02402777777779,43.09297309114733,-2.6698987510542525
15481.655000000004,58.114320570570584,43.09365556139072,-2.664445520334589
15048.595000000003,56.48871996996998,43.09476033680473,-2.666552933738503
15457.601000000004,58.02402777777779,43.0945328407521,-2.6683707168094863
16167.229000000005,60.68779654654656,43.09430531236723,-2.6701884874150323
,,43.079682732105965,-2.655808838243553
,,43.07945543698012,-2.6576261972862683
15869.596000000003,59.57055555555556,43.07922810953009,-2.6594435438836155
,,43.08056038482466,-2.6597329299277592
,,43.08101501932967,-2.6560981453344072
,,43.08078771823964,-2.657915543854344
,,43.081892657374226,-2.6600223334487927
15113.337000000005,56.73174549549551,43.082119996754535,-2.6582049078970726
15113.337000000005,56.73174549549551,43.082347303809065,-2.656387469897686
15113.337000000005,56.73174549549551,43.08322492717886,-2.6603117544481707
,,43.08013722538368,-2.6521740828282963
,,43.079909994907275,-2.6539914667570383
,,43.08036442353484,-2.6503566864588963
,,43.081469524533325,-2.652463310961279
,,43.08124228809434,-2.6542807343695305
,,43.08169672864629,-2.65064587511122
15027.484000000006,56.409474474474486,43.082574578537496,-2.6545700194522044
14934.937000000004,56.06207582582583,43.08280182093946,-2.6527525565622034
14934.937000000004,56.06207582582583,43.08302903101458,-2.6509350812292474
15027.484000000006,56.409474474474486,43.083906866236845,-2.6548593220065078
15113.337000000005,56.73174549549551,43.08367958554431,-2.6566768119348234
15113.337000000005,56.73174549549551,43.083452272524866,-2.6584942894159034
15113.337000000005,56.73174549549551,43.08455719423865,-2.660601192927334
15132.185000000003,56.80249624624626,43.085011864535424,-2.656966171447279
15113.337000000005,56.73174549549551,43.084784545550704,-2.6587836884122833
15777.478000000005,59.224767267267275,43.085889458553666,-2.6608906488877233
15132.185000000003,56.80249624624626,43.086116815832156,-2.6590731048876606
15132.185000000003,56.80249624624626,43.08634414078251,-2.6572555484364884
15777.478000000005,59.224767267267275,43.08744908336928,-2.6593625388434785
14783.790000000003,55.49470720720721,43.08767641428564,-2.6575449429039013
14934.937000000004,56.06207582582583,43.084815665730865,-2.6475892378522397
14934.937000000004,56.06207582582583,43.08458851434948,-2.6494067775538137
15347.024000000003,57.60894894894896,43.08637509954975,-2.6460608082960624
14934.937000000004,56.06207582582583,43.0861479745365,-2.647878399927835
14934.937000000004,56.06207582582583,43.0859208171938,-2.6496959791190755
15347.024000000003,57.60894894894896,43.08770741157412,-2.646349948344175
14695.216000000002,55.162222222222226,43.08725311729556,-2.649985198152145
14695.216000000002,55.162222222222226,43.08748028059997,-2.648167579468999
14152.739000000003,53.12589714714716,43.0888125839213,-2.6484567764771785
14559.298,54.65201951951952,43.088585414654844,-2.6502744346544613
14934.937000000004,56.06207582582583,43.08436133063979,-2.65122430481443
14934.937000000004,56.06207582582583,43.084134114602115,-2.653041819632522
14695.216000000002,55.162222222222226,43.085466405521416,-2.6533311001736704
14695.216000000002,55.162222222222226,43.085693627521984,-2.651513545868213
15132.185000000003,56.80249624624626,43.08523915119245,-2.6551486420338835
14695.216000000002,55.162222222222226,43.087025921661265,-2.651802804392034
14455.988000000003,54.26421921921922,43.08679869369742,-2.653620398187104
15132.185000000003,56.80249624624626,43.08657143340437,-2.6554379795357796
14559.298,54.65201951951952,43.08835821305768,-2.652092080387351
14455.988000000003,54.26421921921922,43.088130979130206,-2.6539097136742646
15777.478000000005,59.224767267267275,43.087221720124,-2.661180122330797
15777.478000000005,59.224767267267275,43.08878134816216,-2.6596519902811804
14783.790000000003,55.49470720720721,43.0890086850449,-2.6578343548509604
15777.478000000005,59.224767267267275,43.08855397894971,-2.661469613257994
14907.553000000005,55.95928303303305,43.09034095306036,-2.658123784279125
15777.478000000005,59.224767267267275,43.0898862350309,-2.6617591216707637
14907.553000000005,55.95928303303305,43.09011361021087,-2.6599414592022232
15309.276000000003,57.46725225225226,43.09121848836762,-2.662048647570558
15074.050000000005,56.58427177177178,43.091673218332105,-2.658413231189832
15074.050000000005,56.58427177177178,43.09144586951551,-2.6602309456080433
14389.961000000001,54.016370120120115,43.089039720856746,-2.64663910585706
14389.961000000001,54.016370120120115,43.090372027397706,-2.6469282808361707
14109.116000000004,52.96214714714716,43.08991770927174,-2.6505636886274817
14152.739000000003,53.12589714714716,43.09014488450063,-2.648745990953815
14152.739000000003,53.12589714714716,43.091477182338,-2.649035222900355
14053.619,52.75382507507507,43.091250001146285,-2.6508529600726445
14152.739000000003,53.12589714714716,43.09170433119708,-2.647217473282944
13988.154000000004,52.5080855855856,43.09280947743349,-2.6493244723182516
13988.154000000004,52.5080855855856,43.0925822902786,-2.6511422489913965
13690.628000000002,51.391246246246254,43.093036632254965,-2.6475066831988365
14783.790000000003,55.49470720720721,43.08790371287272,-2.655727334513638
14455.988000000003,54.26421921921922,43.08969050171135,-2.6523813738556
14783.790000000003,55.49470720720721,43.089463261819844,-2.654199046636602
14783.790000000003,55.49470720720721,43.089235989597576,-2.6560167069689165
14578.544000000004,54.72426426426428,43.09056826357901,-2.6563060969030468
14251.444000000001,53.49641141141141,43.09102278762232,-2.6526706847982355
14578.544000000004,54.72426426426428,43.09079554176644,-2.6544883970755593
14578.544000000004,54.72426426426428,43.09190053481708,-2.656595504317486
14251.444000000001,53.49641141141141,43.09235507079068,-2.6529600132167004
14418.958,54.12521771771772,43.09212781897004,-2.6547777649925863
15309.276000000003,57.46725225225226,43.092550738959986,-2.6623381909588146
15074.050000000005,56.58427177177178,43.09300548086023,-2.6587026955845268
15258.982000000005,57.27846096096098,43.09277812607614,-2.6605204495000985
15181.950000000003,56.98930180180181,43.09388298680804,-2.662627751836991
14855.781000000004,55.7649436936937,43.09433774064477,-2.658992177464664
15181.950000000003,56.98930180180181,43.09411037989284,-2.6608099708798254
14855.781000000004,55.7649436936937,43.09566999768583,-2.659281676831685
14929.260000000004,56.04076576576578,43.09544263096568,-2.6610995097486807
14929.260000000004,56.04076576576578,43.095215231911865,-2.6629173302065317
14929.260000000004,56.04076576576578,43.09654747427157,-2.663206926068882
13567.219000000003,50.92799924924926,43.09436893057142,-2.6477959105852875
13690.628000000002,51.391246246246254,43.093914576668766,-2.6514315553851895
13690.628000000002,51.391246246246254,43.094141769787186,-2.6496137392089483
13567.219000000003,50.92799924924926,43.09570122614652,-2.648085155443744
13905.805000000006,52.198967717717736,43.09524686031685,-2.651720879255465
14389.672,54.01528528528528,43.09547405939918,-2.649903023573887
13567.219000000003,50.92799924924926,43.09703351898035,-2.64837441777565
13905.805000000006,52.198967717717736,43.09657914122292,-2.6520102206036698
13905.805000000006,52.198967717717736,43.096806346269524,-2.6501923254145177
13638.057000000003,51.19390765765766,43.09791141938707,-2.652299579431252
14418.958,54.12521771771772,43.09346009343075,-2.6550671503891277
14418.958,54.12521771771772,43.09323280331188,-2.656884929213681
14418.958,54.12521771771772,43.09368735121651,-2.6532493591124404
14016.995000000004,52.61634759759761,43.09479236514865,-2.6553565532666323
14016.995000000004,52.61634759759761,43.0945650690635,-2.657174371593075
13905.805000000006,52.198967717717736,43.095019628899884,-2.6535387224869016
13961.780000000004,52.40908408408409,43.0961246341238,-2.655645973626544
14218.431000000002,53.372488738738745,43.095897332072006,-2.6574638314571146
13905.805000000006,52.198967717717736,43.09635190384089,-2.6538281033415343
13869.212000000005,52.06160660660662,43.0976841760396,-2.654117501677785
14218.431000000002,53.372488738738745,43.09722959233747,-2.6577533088072536
13869.212000000005,52.06160660660662,43.09745690035629,-2.655935411470308
13638.057000000003,51.19390765765766,43.09901644549609,-2.6544069174971
13930.425000000005,52.291385135135144,43.09878916384619,-2.65622486679938
14434.703000000003,54.18432057057058,43.09856184985999,-2.6580428036449337
13930.425000000005,52.291385135135144,43.10012142459358,-2.6565143396152067
13930.425000000005,52.291385135135144,43.10034871221045,-2.6546963508009322
14352.124000000002,53.87433933933934,43.09989410463963,-2.658332315971603
13930.425000000005,52.291385135135144,43.101453682598546,-2.656803829919231
13930.425000000005,52.291385135135144,43.10168097618275,-2.654985801590714
14218.431000000002,53.372488738738745,43.09700225198351,-2.6595711936870434
14929.260000000004,56.04076576576578,43.09677487929475,-2.66138906610811
14434.703000000003,54.18432057057058,43.098334503537856,-2.6598607280321835
14434.703000000003,54.18432057057058,43.098107124880144,-2.6616786399595633
14579.184000000003,54.726666666666674,43.0978797138872,-2.663496539425491
14352.124000000002,53.87433933933934,43.09966675234897,-2.6601502798685552
14480.737000000003,54.35712087087087,43.09943936772193,-2.6619682313044812
14706.786000000002,55.20565315315316,43.09921195075888,-2.6637861702778105
14526.354000000001,54.52835585585585,43.10077160782017,-2.6622578401443158
14352.124000000002,53.87433933933934,43.10099899841691,-2.660439849197602
12929.353000000001,48.533607357357354,43.09904715107417,-2.643209781443502
13071.227000000004,49.06616741741743,43.09859295541077,-2.646845737983332
12721.12,47.75195195195195,43.1001523686889,-2.6453169841897934
12655.817000000001,47.50682057057057,43.100379456313654,-2.6434989601801577
13027.982000000005,48.90383633633635,43.099925248725754,-2.6471349957521353
12949.967000000002,48.61098723723725,43.101484665226245,-2.6456062199164094
13024.372000000005,48.890285285285294,43.10125753930007,-2.64742427099649
12944.086000000001,48.58891141141142,43.10171175881321,-2.6437881563878878
12944.086000000001,48.58891141141142,43.10281695902335,-2.6458954731177844
12944.086000000001,48.58891141141142,43.103044058572934,-2.6440773700681333
13139.449000000002,49.32225600600601,43.09813863039831,-2.6504816447322885
13139.449000000002,49.32225600600601,43.09836580907299,-2.648663697582455
13228.035000000002,49.654786036036036,43.09947091178562,-2.6507709815286433
13128.886000000004,49.28260510510511,43.09969809642454,-2.6489529948656068
13638.057000000003,51.19390765765766,43.09924369480936,-2.652588955739665
13310.028000000004,49.962567567567575,43.10103038103504,-2.6492423096265543
13228.035000000002,49.654786036036036,43.10080319043153,-2.6510603358050293
13930.425000000005,52.291385135135144,43.10057596748989,-2.6528783495303454
13385.844000000003,50.24716216216216,43.10236266290461,-2.6495316418667416
13385.844000000003,50.24716216216216,43.10213546633613,-2.6513497075628982
14352.124000000002,53.87433933933934,43.101226356676484,-2.6586218457887147
,,43.102558605970614,-2.658911393097715
,,43.10278593786117,-2.6570933377129005
,,43.10301323741307,-2.6552752698679116
,,43.10411819038152,-2.657382862997667
,,43.104345495901484,-2.6555647556339657
,,43.10389085252213,-2.659200957900046
,,43.10567775164808,-2.6558542588903187
,,43.10522309633105,-2.6594905401971656
,,43.1054504401597,-2.657672405774977
13024.372000000005,48.890285285285294,43.102589827133805,-2.647713563717842
13269.137000000004,49.809072822822834,43.104376355592876,-2.6443666012223486
13385.844000000003,50.24716216216216,43.10392211222704,-2.6480028739176458
13209.105000000001,49.58372747747748,43.10414925008034,-2.6461847437953665
13209.105000000001,49.58372747747748,43.105708649873144,-2.6446558498519757
14050.833,52.74336711711712,43.10525439457984,-2.6482922015973442
13209.105000000001,49.58372747747748,43.10548153839728,-2.646474031950603
14050.833,52.74336711711712,43.10658667419229,-2.648581546758381
13622.499000000002,51.135506756756754,43.10704094141379,-2.6449451159584645
13775.724000000004,51.71067567567569,43.10681382397423,-2.646763337584941
13385.844000000003,50.24716216216216,43.10190823742873,-2.6531677608047497
13385.844000000003,50.24716216216216,43.10369494203331,-2.6498209915876125
13385.844000000003,50.24716216216216,43.103240504625965,-2.653457189564318
13385.844000000003,50.24716216216216,43.103467739499486,-2.6516390968036956
14050.833,52.74336711711712,43.10502721842119,-2.650110358790623
,,43.10457276908166,-2.653746635810503
14050.833,52.74336711711712,43.10480000992168,-2.651928503528865
14050.833,52.74336711711712,43.10635949206837,-2.6503997434772115
14050.833,52.74336711711712,43.10590503079592,-2.654036099544755
14050.833,52.74336711711712,43.1061322776028,-2.652217927739862
14706.786000000002,55.20565315315316,43.10054418488663,-2.6640758186272877
,,43.10233124174176,-2.660729436020776
14526.354000000001,54.52835585585585,43.102103845174966,-2.6625474664805213
14706.786000000002,55.20565315315316,43.10187641627057,-2.6643654844753715
,,43.10366348232362,-2.6610190403395313
,,43.103436079786384,-2.6628371103145394
,,43.10320864491076,-2.664655167823506
,,43.104995720162535,-2.6613086621553017
,,43.104768311654496,-2.663126771647822
,,43.10454087080728,-2.6649448686731474
15776.200000000003,59.21996996996997,43.10791895106449,-2.6488709094022105
13775.724000000004,51.71067567567569,43.10814610681127,-2.6470526606998304
13730.662000000002,51.54152402402403,43.108373230214916,-2.645234399543257
15776.200000000003,59.21996996996997,43.1092512251965,-2.649160289530275
13926.006000000003,52.274797297297305,43.10970551627659,-2.6455237006078076
15776.200000000003,59.21996996996997,43.109478386908506,-2.6473420012967104
15776.200000000003,59.21996996996997,43.11058349658839,-2.649449687144027
13946.770000000006,52.35274024024026,43.1110377995989,-2.6458130191535623
15776.200000000003,59.21996996996997,43.110810664266005,-2.647631359377037
14167.962000000001,53.18304054054054,43.11237008018192,-2.6461023551819673
15048.595000000003,56.48871996996998,43.09498780052476,-2.664735138203663
15048.595000000003,56.48871996996998,43.09609256722331,-2.666842608603251
15048.595000000003,56.48871996996998,43.09586506519893,-2.668660431173705
16167.229000000005,60.68779654654656,43.095637530841536,-2.6704782412775807
14945.314000000004,56.10102852852854,43.09632003691431,-2.6650247735677857
15169.590000000006,56.94290540540542,43.097197286900595,-2.6689501630389043
16167.229000000005,60.68779654654656,43.096969746570295,-2.6707680126433386
15169.590000000006,56.94290540540542,43.09742479489708,-2.6671323009667365
14945.314000000004,56.10102852852854,43.097652270559394,-2.6653144264284068
15207.332000000004,57.08457957957959,43.09830195955359,-2.671057801513763
16224.623000000005,60.9032394894895,43.096742173906534,-2.672585849778473
15452.621000000005,58.0053340840841,43.098074380915776,-2.6728756781505485
14959.016000000005,56.15246246246248,43.098757019826145,-2.6674220108304065
15169.590000000006,56.94290540540542,43.09852950585718,-2.669239912406525
14706.786000000002,55.20565315315316,43.09898450146016,-2.6656040967869754
15359.662000000002,57.65638888888889,43.099634169791514,-2.671347607890299
15207.332000000004,57.08457957957959,43.09986172206874,-2.6695296792780216
14706.786000000002,55.20565315315316,43.10031672961664,-2.665893784644946
15024.888000000004,56.39972972972974,43.10008924201057,-2.6677117381957087
15207.332000000004,57.08457957957959,43.10119393553537,-2.669819463654837
15442.626000000002,57.96781531531532,43.10096637728414,-2.6716374317744
15024.888000000004,56.39972972972974,43.10142146145042,-2.668001483064103
15452.621000000005,58.0053340840841,43.099406585179274,-2.6731655240309724
15541.779000000004,58.34001126126127,43.1007387866971,-2.6734553874212
15661.234000000002,58.78841591591592,43.100511163774584,-2.6752733305936767
15661.234000000002,58.78841591591592,43.10207098546933,-2.6737452683226732
15736.129000000003,59.06955330330331,43.101615695336505,-2.677381221205019
15736.129000000003,59.06955330330331,43.101843356570875,-2.6755632510023717
,,43.101648955028935,-2.6661834900037515
16457.068000000003,61.775780780780785,43.10229858203155,-2.6719272731675034
,,43.10298117769711,-2.66647321286486
16457.068000000003,61.775780780780785,43.10252614625714,-2.670109265538433
,,43.10275367814578,-2.668291245437027
16457.068000000003,61.775780780780785,43.10363078403381,-2.6722171320710704
,,43.10431339762124,-2.6667629532297075
16457.068000000003,61.775780780780785,43.103858354234156,-2.670399084930242
,,43.104085892096755,-2.668581025315928
16457.068000000003,61.775780780780785,43.10496298329101,-2.672507008486554
16245.135000000004,60.9802364864865,43.102947879409776,-2.6776711986369555
16457.068000000003,61.775780780780785,43.10340318149606,-2.674035166736852
15736.129000000003,59.06955330330331,43.103175546621266,-2.675853188926002
16457.068000000003,61.775780780780785,43.10473537477735,-2.6743250826651734
16245.135000000004,60.9802364864865,43.10428006073689,-2.6779611935875205
16771.745,62.95700075075074,43.10450773392586,-2.676143144366023
16771.745,62.95700075075074,43.10561223931791,-2.6782512060581602
16771.745,62.95700075075074,43.105839918484726,-2.6764331173238793
16771.745,62.95700075075074,43.10606756531328,-2.6746150161090996
16835.192000000003,63.195165165165164,43.1069444151529,-2.6785412360503336
,,43.10564561480143,-2.6670527110997444
,,43.1054181033034,-2.6688708227022664
16457.068000000003,61.775780780780785,43.10519055946647,-2.670688921831724
16457.068000000003,61.775780780780785,43.10629517980321,-2.6727969024153926
17478.544000000005,65.61015015015016,43.106977829237735,-2.6673424864764272
16457.068000000003,61.775780780780785,43.10652276195417,-2.6709787762443318
18086.593000000004,67.89261636636637,43.10675031176579,-2.669160637597485
18086.593000000004,67.89261636636637,43.107627373570516,-2.6730868138590442
18086.593000000004,67.89261636636637,43.10785496169733,-2.6712686481695065
17478.544000000005,65.61015015015016,43.10831004093024,-2.6676322793611984
18086.593000000004,67.89261636636637,43.10808251748402,-2.669450470003032
17414.337000000007,65.3691328828829,43.108959564592986,-2.6733767428189568
18086.593000000004,67.89261636636637,43.109187158696024,-2.671558537608701
17478.544000000005,65.61015015015016,43.109642249879045,-2.6679220897555136
18086.593000000004,67.89261636636637,43.10941472045817,-2.6697403199203635
17414.337000000007,65.3691328828829,43.110291752870715,-2.67366668929658
17946.161000000004,67.36546921921924,43.1107469206883,-2.6700301873509242
17414.337000000007,65.3691328828829,43.11051935295034,-2.67184844456337
17414.337000000007,65.3691328828829,43.111623938403774,-2.6739566532933634
17880.209000000003,67.11790165165165,43.11207911817448,-2.67032007229617
16771.745,62.95700075075074,43.10739975310394,-2.6749049670700766
16835.192000000003,63.195165165165164,43.10717210029794,-2.6767231078010267
16835.192000000003,63.195165165165164,43.108276588241964,-2.6788312835654815
16835.192000000003,63.195165165165164,43.10873193814939,-2.675194935549548
16835.192000000003,63.195165165165164,43.10850427936559,-2.6770131157989177
16835.192000000003,63.195165165165164,43.109608758585175,-2.679121348605063
17414.337000000007,65.3691328828829,43.11006412044974,-2.6754849215489767
16835.192000000003,63.195165165165164,43.109836455687756,-2.6773031413189985
,,43.11094092618258,-2.6794114311705264
17414.337000000007,65.3691328828829,43.111396300005026,-2.6757749250698115
16245.135000000004,60.9802364864865,43.10405235521081,-2.6797792303280947
16330.030000000004,61.29891141141142,43.105384527813186,-2.680069282310373
16597.88,62.30435435435435,43.10671669766916,-2.6803593518164113
16671.343,62.58011636636636,43.10804886477884,-2.680649438847673
8866.494000000002,33.282635135135145,43.08447502997696,-2.6064472221181747
8969.232000000004,33.6682882882883,43.08580748066946,-2.606735445480355
9204.892000000003,34.55289789789791,43.08558105843024,-2.6085531399542146
9204.892000000003,34.55289789789791,43.08691350044546,-2.6088414202350774
10304.002000000002,38.67868618618619,43.086687039928854,-2.6106591418129987
9204.892000000003,34.55289789789791,43.08713992862756,-2.60702368625307
9204.892000000003,34.55289789789791,43.08847237385131,-2.607311944437756
,,43.082605221830676,-2.6433760073243526
,,43.08416459647546,-2.6418475179751733
,,43.083937548039756,-2.6436650554993255
,,43.084391612582216,-2.640029968017494
15347.024000000003,57.60894894894896,43.08549692590153,-2.6421365441174802
,,43.08620657755178,-2.6254891209376416
,,43.08643330268212,-2.6236714591489334
,,43.087312197155754,-2.6275954804810615
14302.506000000003,53.68808558558559,43.08708540140923,-2.6294131569294668
,,43.0861778951046,-2.6366837384706585
15347.024000000003,57.60894894894896,43.085269871507236,-2.6439541211325004
,,43.08572394796608,-2.640318954667784
,,43.08705628060916,-2.6406079587732467
15347.024000000003,57.60894894894896,43.08682925258644,-2.642425587717193
15347.024000000003,57.60894894894896,43.08660219223318,-2.6442432042253254
15347.024000000003,57.60894894894896,43.08793451021767,-2.644532304779234
14578.253000000002,54.723171921921924,43.08838861051154,-2.64089698033532
14578.253000000002,54.723171921921924,43.08816157653026,-2.642714648775767
14578.253000000002,54.723171921921924,43.08949389773307,-2.6430037272946296
14578.253000000002,54.723171921921924,43.08926682546078,-2.6448214227956903
14302.506000000003,53.68808558558559,43.0868585733305,-2.631230820954202
14302.506000000003,53.68808558558559,43.0884177697848,-2.6297019240453334
14163.286000000002,53.16548798798799,43.08796406938781,-2.6333373186706788
14302.506000000003,53.68808558558559,43.08819093575262,-2.6315196275711976
14163.286000000002,53.16548798798799,43.08929642311646,-2.633626182235318
,,43.08975013542186,-2.6299907086043772
14163.286000000002,53.16548798798799,43.08952329543587,-2.631808451633617
12017.510000000004,45.11077327327328,43.09085565238032,-2.632097293142896
,,43.091082498320475,-2.6302795106080477
,,43.0875389605697,-2.6257777916105516
,,43.087765691650766,-2.6239600903195113
,,43.08909807788192,-2.6242487389251106
,,43.088644571483975,-2.6278842080946463
,,43.08887134084979,-2.6260664797207176
10693.836000000001,40.14202702702703,43.090203718392104,-2.626355185269585
10693.836000000001,40.14202702702703,43.09043046137569,-2.624537404967171
,,43.08997694307405,-2.628172953149175
10693.836000000001,40.14202702702703,43.09153609319673,-2.626643908258595
,,43.091309311926075,-2.628461715646092
,,43.08595093770057,-2.6385013527849877
14226.183000000003,53.401587837837845,43.08640482017783,-2.6348661117263696
14163.286000000002,53.16548798798799,43.08751023966166,-2.6369726635841717
,,43.087283276301015,-2.638790317395046
14163.286000000002,53.16548798798799,43.08773717069071,-2.635154997342192
,,43.088842581478744,-2.6372616061498237
,,43.08861561216114,-2.639079299459486
14163.286000000002,53.16548798798799,43.08906951846396,-2.6354439004079095
,,43.09017492055592,-2.6375505661690597
,,43.08994794528099,-2.6393682989797433
10499.100000000004,39.41103603603605,43.08578087452437,-2.617929904052363
10499.100000000004,39.41103603603605,43.086886655945,-2.6200360983196544
,,43.08665999547997,-2.6218537849424157
10499.100000000004,39.41103603603605,43.087113284076864,-2.6182183992822305
,,43.088219056812704,-2.620324650482145
10499.100000000004,39.41103603603605,43.08600746437548,-2.6161122321065178
10499.100000000004,39.41103603603605,43.08623402189352,-2.6142945477502875
10304.002000000002,38.67868618618619,43.08646054707809,-2.6124768509852627
10499.100000000004,39.41103603603605,43.08733987987517,-2.6164006878317108
10155.937000000004,38.12288663663664,43.08756644333958,-2.6145829639696787
10304.002000000002,38.67868618618619,43.087792974469764,-2.6127652276976856
10499.100000000004,39.41103603603605,43.088672292638755,-2.616689160981529
9360.961000000003,35.1387424924925,43.08824593972599,-2.6091297179301542
10304.002000000002,38.67868618618619,43.08801947326535,-2.6109474790173235
9360.961000000003,35.1387424924925,43.08980481634082,-2.6076002200358603
9634.519000000002,36.16561186186187,43.08935190386686,-2.611235833639541
9360.961000000003,35.1387424924925,43.089578376271895,-2.6094180330408894
9634.519000000002,36.16561186186187,43.090910810083244,-2.6097063655687167
9634.519000000002,36.16561186186187,43.090684331733456,-2.611524205681102
10892.190000000004,40.886599099099115,43.09113725609617,-2.607888513048818
9634.519000000002,36.16561186186187,43.09224324116014,-2.609994715515088
10892.190000000004,40.886599099099115,43.092469693117394,-2.6081768234780736
10499.100000000004,39.41103603603605,43.08844569089288,-2.6185069119389546
,,43.087992390398526,-2.622142376609518
10268.649000000003,38.54597972972974,43.08977809497253,-2.618795442023981
10594.718000000003,39.769962462462466,43.08932478257998,-2.6224309857094044
10383.874000000002,38.97850600600601,43.08955145494364,-2.620613220075166
10268.649000000003,38.54597972972974,43.091110496315885,-2.6190839895387414
10594.718000000003,39.769962462462466,43.09065717202439,-2.6227196122435092
10383.874000000002,38.97850600600601,43.09088385033793,-2.620901807100178
10383.874000000002,38.97850600600601,43.092442894923025,-2.6193725544846864
10594.718000000003,39.769962462462466,43.091989558731846,-2.623008256213285
10155.937000000004,38.12288663663664,43.08889886204993,-2.614871397611434
10155.937000000004,38.12288663663664,43.089125399126075,-2.6130536218302507
9854.117000000004,36.98992867867869,43.09023127802464,-2.6151598486770156
10051.041000000003,37.729132882882894,43.09000470266632,-2.616977651557401
9854.117000000004,36.98992867867869,43.09045782104713,-2.6133420333843898
9950.005000000003,37.34986861861863,43.09156369126379,-2.615448317167855
10154.158000000001,38.116208708708704,43.091337109957955,-2.617266159560776
9927.615000000003,37.26582207207208,43.09179024023298,-2.6136304623615536
10076.432000000003,37.82444444444445,43.09289610176742,-2.6157368030854022
10211.549,38.33164039039039,43.092669514513744,-2.617554684993094
9634.519000000002,36.16561186186187,43.09201675686522,-2.6118125951434363
,,43.09380212740462,-2.608465151325069
10206.275000000003,38.3118430930931,43.09357566950267,-2.610283082881438
10206.275000000003,38.3118430930931,43.09334917926224,-2.6121010020279973
10206.275000000003,38.3118430930931,43.094908095110874,-2.610571467669212
10206.275000000003,38.3118430930931,43.09468159892459,-2.612389426336223
,,43.095134558957916,-2.6087534965912504
,,43.09646698777737,-2.609041859278056
10206.275000000003,38.3118430930931,43.09624051798487,-2.6108598698798544
10272.333000000004,38.559808558558565,43.09601401585234,-2.6126778680695524
9975.608000000002,37.44597597597598,43.09312265668371,-2.613918908763176
10211.549,38.33164039039039,43.09400191633376,-2.6178432278558024
10217.964000000002,38.35572072072072,43.094455070399405,-2.614207372590706
10123.939000000004,38.002774024024035,43.09422850953568,-2.6160253064310894
10272.333000000004,38.559808558558565,43.095334315418086,-2.618131788150338
10272.333000000004,38.559808558558565,43.095560914568594,-2.616313827206369
10272.333000000004,38.559808558558565,43.095787481380135,-2.614495853845587
10499.759000000004,39.41350975975977,43.09689331686628,-2.6166023654126866
10499.759000000004,39.41350975975977,43.096666711766794,-2.618420365878147
10499.759000000004,39.41350975975977,43.097119889626,-2.6147843525292545
10383.874000000002,38.97850600600601,43.092216242995605,-2.6211904115586093
10383.874000000002,38.97850600600601,43.09377529079402,-2.619661136863266
10693.836000000001,40.14202702702703,43.09332194270244,-2.6232969176201597
10588.413000000002,39.74629504504505,43.09354863291678,-2.6214790334519114
,,43.09510768392895,-2.619949736675914
10693.836000000001,40.14202702702703,43.094654323936204,-2.6235855964655945
,,43.09488102010153,-2.6217676727815227
,,43.096440074327894,-2.620238353924075
,,43.09598670243328,-2.623874292751026
,,43.096213404549935,-2.622056329548891
,,43.097572938124706,-2.6111482895148046
,,43.097799413863015,-2.609330239386929
10499.759000000004,39.41350975975977,43.09734643004559,-2.6129663272294383
,,43.0989053555305,-2.6114367265755076
10884.638,40.85825075075075,43.09867884150441,-2.613254803817314
,,43.099131837214976,-2.6096186369193113
,,43.100237770202305,-2.6117251810634023
,,43.10046425783332,-2.609907051876645
10884.638,40.85825075075075,43.10001125022887,-2.6135432978346302
10884.638,40.85825075075075,43.101343656219065,-2.6138318092828228
10499.759000000004,39.41350975975977,43.09799910537997,-2.6187089610406797
10499.759000000004,39.41350975975977,43.09822571642879,-2.6168909210514744
10499.759000000004,39.41350975975977,43.09845229513705,-2.615072868643162
11169.074000000002,41.92595345345346,43.09955811325621,-2.6171794941241853
11169.074000000002,41.92595345345346,43.09933149625768,-2.618997573639364
10884.638,40.85825075075075,43.099784697913385,-2.6153614021887477
11169.074000000002,41.92595345345346,43.10089050734864,-2.617468084632259
11169.074000000002,41.92595345345346,43.100663884400035,-2.6192862036756592
10884.638,40.85825075075075,43.10111709795509,-2.6156499531674497
11169.074000000002,41.92595345345346,43.10222289870611,-2.617756692577136
14578.253000000002,54.723171921921924,43.08972093767325,-2.641186019355459
14389.961000000001,54.016370120120115,43.09059913796259,-2.6451105582761216
14665.779000000004,55.05172297297299,43.09082621619496,-2.6432928232752406
14665.779000000004,55.05172297297299,43.09105326209443,-2.6414750758350984
14665.779000000004,55.05172297297299,43.092158531916,-2.643581936719045
14665.779000000004,55.05172297297299,43.091931447723205,-2.6453997112219843
14665.779000000004,55.05172297297299,43.092385583775126,-2.6417641497756876
,,43.09349084489628,-2.643871067627476
13567.219000000003,50.92799924924926,43.09326375474268,-2.645688881634722
,,43.09371790271541,-2.642053241178682
12017.510000000004,45.11077327327328,43.090628774105944,-2.633915063249062
12017.510000000004,45.11077327327328,43.092188006586056,-2.632386152100486
11288.107000000002,42.372774024024025,43.09241485848076,-2.6305683300577885
12017.510000000004,45.11077327327328,43.09196112235634,-2.634203961713357
12017.510000000004,45.11077327327328,43.093520358053155,-2.632675028507831
11288.107000000002,42.372774024024025,43.09374721590278,-2.6308571669550425
12017.510000000004,45.11077327327328,43.09329346786773,-2.6344928776296417
11454.560000000003,42.997597597597604,43.09485270678169,-2.6329639223663674
12155.566000000004,45.62900150150151,43.09462581064021,-2.634781810999366
11454.560000000003,42.997597597597604,43.09507957058659,-2.6311460213012503
10693.836000000001,40.14202702702703,43.091762842132106,-2.6248260884471373
11288.107000000002,42.372774024024025,43.092868465263734,-2.6269326486891984
10693.836000000001,40.14202702702703,43.0930952201513,-2.625114789366451
11288.107000000002,42.372774024024025,43.09264167804011,-2.6287504955868366
11288.107000000002,42.372774024024025,43.09420083459321,-2.627221406562832
,,43.094427595433324,-2.6254035077265563
11288.107000000002,42.372774024024025,43.09397404141624,-2.6290392929728523
11288.107000000002,42.372774024024025,43.095533201185226,-2.6275101818809437
,,43.09575996797825,-2.6256922435288983
11442.738000000003,42.95322072072073,43.095306402054554,-2.6293281078055886
12017.510000000004,45.11077327327328,43.09040186349769,-2.635732820924973
12017.510000000004,45.11077327327328,43.09150725689327,-2.637839543643316
,,43.09128027566065,-2.639657315957267
12017.510000000004,45.11077327327328,43.09173420579196,-2.6360217588948243
12155.566000000004,45.62900150150151,43.09283959049091,-2.638128538574051
,,43.09261260330021,-2.639946350393503
12155.566000000004,45.62900150150151,43.09306654534686,-2.636310714318905
12155.566000000004,45.62900150150151,43.09417192134885,-2.6384175509626995
,,43.093944928199726,-2.640235402289895
12155.566000000004,45.62900150150151,43.09439888216246,-2.636599687198665
,,43.095277250359295,-2.640524471647888
,,43.09550424946724,-2.6387065808107115
12155.566000000004,45.62900150150151,43.09573121623887,-2.6368886775355485
,,43.09706354757613,-2.637177685330999
15094.768000000002,56.66204204204204,43.096609569778984,-2.6408135584689294
,,43.09683657484611,-2.6389956281195293
,,43.09839587617432,-2.6374667105864598
12618.702000000003,47.367500000000014,43.09816889748555,-2.639284692890602
12541.217000000002,47.076640390390395,43.09794188645889,-2.641102662754467
,,43.09972820203355,-2.6377557533033853
15094.768000000002,56.66204204204204,43.09505021891539,-2.6423423500455065
15094.768000000002,56.66204204204204,43.09482315513588,-2.6441602160019952
13567.219000000003,50.92799924924926,43.0945960590211,-2.645978069515779
15094.768000000002,56.66204204204204,43.09615546263484,-2.6444493818440367
15094.768000000002,56.66204204204204,43.09638253237511,-2.6426314763776246
13567.219000000003,50.92799924924926,43.09592836055853,-2.6462672748665996
15094.768000000002,56.66204204204204,43.097487767393275,-2.6447385651550515
15094.768000000002,56.66204204204204,43.09771484309468,-2.6429206201764703
13071.227000000004,49.06616741741743,43.09726065935506,-2.646556497688637
12830.382000000003,48.1620945945946,43.09882006941128,-2.6450277659364936
11454.560000000003,42.997597597597604,43.09618505277176,-2.633252833677551
12155.566000000004,45.62900150150151,43.095958150673816,-2.6350707618239695
11454.560000000003,42.997597597597604,43.09641192253232,-2.6314348930978673
,,43.09751739602342,-2.6335417624428232
,,43.097290487968685,-2.6353597301049043
11454.560000000003,42.997597597597604,43.09774427173999,-2.6317237823463246
13391.794000000004,50.269496996997006,43.09862282252485,-2.635648715843614
13391.794000000004,50.269496996997006,43.09907661820973,-2.6320126890480764
13391.794000000004,50.269496996997006,43.09884973653676,-2.633830708663625
13391.794000000004,50.269496996997006,43.10018207431185,-2.6341196723414066
,,43.09686556503987,-2.627798974644981
12041.845000000003,45.20212087087088,43.09709233778619,-2.625980996774924
11442.738000000003,42.95322072072073,43.09663875995514,-2.6296169400864806
,,43.09819792615724,-2.6280877848563793
12041.845000000003,45.20212087087088,43.098424704857194,-2.626269767466075
,,43.09797111511805,-2.629905789816984
,,43.099530284537366,-2.6283766125165893
12041.845000000003,45.20212087087088,43.099757069191355,-2.626558555603798
,,43.09930346754338,-2.6301946569985444
11539.033000000001,43.31468843843844,43.10086264018038,-2.628665457627059
12618.702000000003,47.367500000000014,43.099501217385644,-2.639573775125375
12618.702000000003,47.367500000000014,43.09927420039907,-2.6413917845059363
,,43.101060525153876,-2.6380448134832126
12618.702000000003,47.367500000000014,43.10083353454648,-2.6398628748252952
12640.667000000003,47.44995120120121,43.10060651159964,-2.6416809237248025
13308.957000000004,49.95854729729731,43.102392845535384,-2.6383338911273904
14041.504000000003,52.70834834834836,43.102165848968134,-2.640151991991805
12640.667000000003,47.44995120120121,43.10193882006064,-2.6419700804124915
14041.504000000003,52.70834834834836,43.103498160650666,-2.6404411266263526
13308.957000000004,49.95854729729731,43.10372516317815,-2.6386229862373662
11539.033000000001,43.31468843843844,43.10108943078874,-2.62684736118953
13391.794000000004,50.269496996997006,43.10063581723121,-2.6304835416325916
11539.033000000001,43.31468843843844,43.102194993086314,-2.628954320189224
,,43.1019681641816,-2.630772443720586
11539.033000000001,43.31468843843844,43.10242178964944,-2.6271361842247263
11539.033000000001,43.31468843843844,43.10352734325529,-2.6292432002045385
11539.033000000001,43.31468843843844,43.103754145773536,-2.6274250247108264
,,43.10330050839467,-2.631061363263966
13166.577000000003,49.424087837837845,43.10485969068737,-2.6295320976744425
13166.577000000003,49.424087837837845,43.104632849870455,-2.6313503002641827
,,43.09777246199094,-2.6205269886091958
12041.845000000003,45.20212087087088,43.0973190781937,-2.6241630064778927
12041.845000000003,45.20212087087088,43.09754578626207,-2.6223450037554605
12041.845000000003,45.20212087087088,43.09910484691816,-2.6208156407327206
12041.845000000003,45.20212087087088,43.09865145121757,-2.6244517376476493
12041.845000000003,45.20212087087088,43.09887816523801,-2.6226336954026723
12041.845000000003,45.20212087087088,43.100437229109644,-2.6211043102960896
12041.845000000003,45.20212087087088,43.099983821504956,-2.62474048626173
12041.845000000003,45.20212087087088,43.100210541477836,-2.622922404491973
11539.033000000001,43.31468843843844,43.101316189055936,-2.6250292523215912
,,43.101796675718134,-2.610195484260376
,,43.10157018214019,-2.6120136529799383
,,43.102676059475066,-2.6141203381633358
,,43.103129090869494,-2.6104839340719486
,,43.10290259134428,-2.6123021423265524
12710.059000000001,47.71043168168168,43.1042349978146,-2.6125906491046966
,,43.104461503287474,-2.610772401312799
12710.059000000001,47.71043168168168,43.104008459996955,-2.6144088844776205
11788.362000000003,44.25060810810812,43.10579391297215,-2.6110608859843785
12710.059000000001,47.71043168168168,43.10556740155126,-2.6128791733158048
11169.074000000002,41.92595345345346,43.101996269807074,-2.619574851151007
10884.638,40.85825075075075,43.10244949526222,-2.6159385215807247
,,43.10355528732877,-2.6180453179602727
,,43.103328652478915,-2.619863516066845
12710.059000000001,47.71043168168168,43.103781889834885,-2.6162271074300048
,,43.10488767321664,-2.6183339607830978
,,43.104661032415606,-2.620152198424618
12710.059000000001,47.71043168168168,43.105114281673146,-2.6165157107167425
,,43.10599340961725,-2.620440898225774
,,43.106220056369814,-2.618622621047069
11539.033000000001,43.31468843843844,43.101542914981636,-2.6232111310248047
,,43.10176960856546,-2.6213929973007515
11539.033000000001,43.31468843843844,43.102875285749484,-2.6234998750026137
11539.033000000001,43.31468843843844,43.10264855387062,-2.625318035828665
,,43.10310198528571,-2.6216817017481495
11539.033000000001,43.31468843843844,43.10420765378145,-2.623788636426843
11539.033000000001,43.31468843843844,43.103980915949045,-2.6256068367844017
,,43.104434359270435,-2.6219704236397248
,,43.10554001907762,-2.624077415298941
,,43.105766730519726,-2.622259162976926
12710.059000000001,47.71043168168168,43.10534085778481,-2.61469744822712
12710.059000000001,47.71043168168168,43.10667325283872,-2.6149860294132687
11914.952000000003,44.7257957957958,43.10689980255433,-2.6131677149613273
11914.952000000003,44.7257957957958,43.10712631992361,-2.611349388088132
11914.952000000003,44.7257957957958,43.108232200823906,-2.6134562740427096
12710.059000000001,47.71043168168168,43.108005645158734,-2.6152746280375183
11837.834000000003,44.43631381381382,43.10845872414195,-2.611637907625496
12284.800000000005,46.11411411411413,43.10933803474498,-2.6155632441013124
11724.197000000004,44.00974849849851,43.10956459636006,-2.6137448505613907
11724.197000000004,44.00974849849851,43.1097911256272,-2.6119264445979136
12710.059000000001,47.71043168168168,43.10644667077709,-2.6168043314423723
,,43.107325784083905,-2.62072961547176
,,43.10755243678839,-2.6189112987536207
,,43.10777905714678,-2.6170929696083496
12284.800000000005,46.11411411411413,43.109111440782314,-2.617381625216111
,,43.108658155815675,-2.621018350164015
,,43.108884814472425,-2.6191999939042003
,,43.10999052481261,-2.62130710230399
12284.800000000005,46.11411411411413,43.11021718942202,-2.619488706500254
12284.800000000005,46.11411411411413,43.110443821683766,-2.6176702982671016
,,43.1053132752913,-2.625895655190247
,,43.106872381638105,-2.6243662116203486
12130.862000000003,45.53626876876877,43.106645631897486,-2.6261844910476464
,,43.107099099033704,-2.622547919761195
,,43.108204741462934,-2.624655025392511
12130.862000000003,45.53626876876877,43.10797798576768,-2.6264733443580455
,,43.10843146481239,-2.6228366939939782
,,43.1097638278559,-2.6231254856767197
12130.862000000003,45.53626876876877,43.10931033690194,-2.6267622151228855
,,43.10953709855221,-2.6249438566168797
12411.276000000005,46.588873873873894,43.11089698916287,-2.614033444518817
12284.800000000005,46.11411411411413,43.110670421597504,-2.6158518776060964
11504.745000000003,43.18597972972974,43.1111235243795,-2.6122149990068397
12411.276000000005,46.588873873873894,43.1122293792324,-2.614322055916436
12411.276000000005,46.588873873873894,43.112002805716386,-2.6161405285533106
11756.844000000003,44.132297297297306,43.11245592039889,-2.6125035708537085
12411.276000000005,46.588873873873894,43.11333518710172,-2.616429196944405
11756.844000000003,44.132297297297306,43.11378831368546,-2.6127921601399686
12321.815000000002,46.25305930930931,43.11356176656875,-2.6146106847556823
12321.815000000002,46.25305930930931,43.11466756575357,-2.616717882780824
12411.276000000005,46.588873873873894,43.11177619985122,-2.617958988762769
12284.800000000005,46.11411411411413,43.11154956163723,-2.619777436543233
,,43.11132289107481,-2.62159587189312
,,43.112881931118174,-2.620066184034571
12411.276000000005,46.588873873873894,43.11310857528474,-2.6182476967045614
,,43.11265525460235,-2.621884658932866
12651.471000000001,47.49050675675676,43.1142142978649,-2.6203549489757236
12622.492000000002,47.381726726726725,43.11444094798442,-2.6185364220939156
,,43.11398761539532,-2.6221734634246587
12651.471000000001,47.49050675675676,43.11554666187748,-2.620643731368125
,,43.11086945290601,-2.6252327052948905
,,43.11064268530035,-2.6270511033436237
,,43.11109618816429,-2.623414294810868
12944.203000000003,48.58935060060061,43.11197503096298,-2.6273400090216894
,,43.11220180452442,-2.625521571428
,,43.11242854573766,-2.623703121397865
12944.203000000003,48.58935060060061,43.11330737388996,-2.627628932158538
13345.291000000005,50.094936186186196,43.1135341534075,-2.625810455017644
13345.291000000005,50.094936186186196,43.11376090057606,-2.6239919654391612
13345.291000000005,50.094936186186196,43.11486649955535,-2.6260993560652772
13391.794000000004,50.269496996997006,43.0999551543424,-2.635937719041537
13391.794000000004,50.269496996997006,43.10040896194158,-2.6323016132045693
13391.794000000004,50.269496996997006,43.10128748342144,-2.6362267397001253
13391.794000000004,50.269496996997006,43.101514409348795,-2.634408653477612
13391.794000000004,50.269496996997006,43.10174130293566,-2.632590554817241
,,43.103073641192005,-2.6328795138875405
13308.957000000004,49.95854729729731,43.10284674164767,-2.634697652073688
13308.957000000004,49.95854729729731,43.10261980976201,-2.6365157778208292
13308.957000000004,49.95854729729731,43.103952133364224,-2.636804833405085
13308.957000000004,49.95854729729731,43.10417907120853,-2.634986668131078
14041.504000000003,52.70834834834836,43.10327112578216,-2.6422592545704657
13308.957000000004,49.95854729729731,43.10505747808225,-2.638912098814589
14041.504000000003,52.70834834834836,43.104830469594184,-2.6407302787303837
14041.504000000003,52.70834834834836,43.104603428764264,-2.6425484462001623
13946.877000000006,52.35314189189191,43.10638979024779,-2.6392012288604993
13946.877000000006,52.35314189189191,43.106162775798744,-2.6410194483053515
13946.877000000006,52.35314189189191,43.10593572900707,-2.642837655303032
13849.314000000004,51.98691441441442,43.10772209967481,-2.639490376376548
13849.314000000004,51.98691441441442,43.107268026510646,-2.6431268818805225
13849.314000000004,51.98691441441442,43.10749507926444,-2.6413086353526896
12130.862000000003,45.53626876876877,43.105086499161104,-2.6277138826492736
12130.862000000003,45.53626876876877,43.10619203538261,-2.629821012600385
12130.862000000003,45.53626876876877,43.10641884981222,-2.6280027580415166
13166.577000000003,49.424087837837845,43.10596518860905,-2.6316392547226743
12227.809000000003,45.90018393393394,43.10752437734113,-2.6301099449838112
12130.862000000003,45.53626876876877,43.10775119772696,-2.628291650889002
13166.577000000003,49.424087837837845,43.10729752461054,-2.631928226640893
12227.809000000003,45.90018393393394,43.10885671656299,-2.6303988948261643
12227.809000000003,45.90018393393394,43.10908354290541,-2.628580561193176
12961.678000000002,48.65494744744745,43.108629857875016,-2.632217216020282
13308.957000000004,49.95854729729731,43.10440597671073,-2.6331684904169177
13166.577000000003,49.424087837837845,43.10573830949188,-2.633457484406817
13308.957000000004,49.95854729729731,43.10528445422813,-2.637093906454344
13308.957000000004,49.95854729729731,43.10551139803146,-2.63527570165123
13308.957000000004,49.95854729729731,43.10661677235384,-2.637382996970056
13166.577000000003,49.424087837837845,43.10707063953558,-2.633746495858677
12961.678000000002,48.65494744744745,43.10684372211656,-2.6355647526355876
,,43.10794908774141,-2.6376721049536576
12961.678000000002,48.65494744744745,43.10840296684187,-2.6340355247739504
12961.678000000002,48.65494744744745,43.10817604346387,-2.6358538210856
13849.314000000004,51.98691441441442,43.10882737999135,-2.641597839873861
,,43.109054406363406,-2.639779541364177
13622.499000000002,51.135506756756754,43.10860032127504,-2.6434161259340754
,,43.11038671031367,-2.6400687238248386
13946.770000000006,52.35274024024026,43.110159677979524,-2.641887061870301
13926.006000000003,52.274797297297305,43.10993261330038,-2.6437053874651477
14360.451000000003,53.90559684684685,43.11171901152566,-2.6403579237599786
14360.451000000003,53.90559684684685,43.111491973229086,-2.6421763013434587
14010.129000000003,52.59057432432433,43.111264902586704,-2.6439946664751806
14360.451000000003,53.90559684684685,43.11305130999947,-2.6406471411710464
,,43.10928140039093,-2.637961230406602
12961.678000000002,48.65494744744745,43.10973529141085,-2.6343245711540844
12961.678000000002,48.65494744744745,43.10950836207352,-2.636142907002717
12688.655,47.63008633633634,43.11106761324256,-2.6346136350005214
,,43.11061371030247,-2.6382503733303393
12961.678000000002,48.65494744744745,43.11084067794555,-2.6364320103883756
,,43.11217299108006,-2.6367211312440264
12688.655,47.63008633633634,43.11239993233715,-2.6349027163147123
14360.451000000003,53.90559684684685,43.11194601747611,-2.638539533726313
13684.390000000001,51.36783033033033,43.11350530147712,-2.6370102695711286
12563.490000000003,47.16024774774776,43.11018905304825,-2.6306878621288923
12563.490000000003,47.16024774774776,43.11041588534764,-2.628869488955479
12563.490000000003,47.16024774774776,43.10996218840254,-2.632506222862283
12944.203000000003,48.58935060060061,43.111748225053745,-2.6291584341773597
12688.655,47.63008633633634,43.11129451619319,-2.6327952471683504
12647.302000000001,47.47485735735736,43.11152138679702,-2.6309768468934416
12989.585000000001,48.759703453453454,43.11262684124704,-2.6330842889399295
12944.203000000003,48.58935060060061,43.11285371780938,-2.631265849121254
12944.203000000003,48.58935060060061,43.113080562023804,-2.6294473968602694
12989.585000000001,48.759703453453454,43.11418604608539,-2.6315548688137866
12944.203000000003,48.58935060060061,43.11441289625789,-2.6297363770056457
12989.585000000001,48.759703453453454,43.11395916356419,-2.6333733481784587
13719.240000000003,51.49864864864866,43.11529148314471,-2.6336624248853973
12989.585000000001,48.759703453453454,43.11551837162514,-2.631843905972476
13742.653000000004,51.586535285285294,43.115745227756065,-2.6300253746149385
13742.653000000004,51.586535285285294,43.11685069442869,-2.632132960598771
13742.653000000004,51.586535285285294,43.11707755651843,-2.6303143896895977
13719.240000000003,51.49864864864866,43.116623799988666,-2.63395151906218
13742.653000000004,51.586535285285294,43.11818301449615,-2.632422032694122
14006.008000000003,52.57510510510511,43.11795611409616,-2.6342406307102637
14360.451000000003,53.90559684684685,43.11327832191194,-2.6388287115959663
13684.390000000001,51.36783033033033,43.11373224869465,-2.635191815098099
13684.390000000001,51.36783033033033,43.1148376091368,-2.6372994253711117
14360.451000000003,53.90559684684685,43.11461062361003,-2.639117906940751
13684.390000000001,51.36783033033033,43.115064562315155,-2.6354809313521326
14150.581000000004,53.11779654654655,43.1161699140592,-2.6375885986454284
14568.831000000004,54.68780405405406,43.115942922570454,-2.639407119762112
14150.581000000004,53.11779654654655,43.116396873198724,-2.6357700650782596
14568.831000000004,54.68780405405406,43.11750221624439,-2.63787778939553
14568.831000000004,54.68780405405406,43.11727521879332,-2.639696350061503
14133.971000000003,53.0554466966967,43.112597189134114,-2.644283962965617
14360.451000000003,53.90559684684685,43.11282426574008,-2.6424655582947865
14360.451000000003,53.90559684684685,43.11438360573517,-2.6409363760594804
14462.793000000003,54.28976351351352,43.1141565555126,-2.6427548327257293
14201.817000000001,53.31012387387387,43.11392947294266,-2.6445732769379164
14462.793000000003,54.28976351351352,43.115715898732844,-2.6412256284267452
14462.793000000003,54.28976351351352,43.115261754012444,-2.64486260839352
14462.793000000003,54.28976351351352,43.11548884254673,-2.643044124637732
14462.793000000003,54.28976351351352,43.116594032343556,-2.6451519573338738
14568.831000000004,54.68780405405406,43.11704818899258,-2.641514898274267
12042.647000000003,45.20513138138139,43.115120704239295,-2.613080766867063
12321.815000000002,46.25305930930931,43.114894151171974,-2.6148993310380093
12622.492000000002,47.381726726726725,43.115999941672015,-2.617006586064006
12084.106000000003,45.360758258258265,43.116453092060475,-2.613369391036443
12084.106000000003,45.360758258258265,43.11622653304219,-2.6151879947648684
12651.471000000001,47.49050675675676,43.11733231485717,-2.6172953067954086
12161.514000000003,45.65132882882883,43.11778547714906,-2.6136580326495458
12084.106000000003,45.360758258258265,43.117558912179454,-2.6154766759376904
,,43.11866468530908,-2.617584044976458
11838.775000000003,44.439846096096105,43.119117859505145,-2.613946691707817
12651.471000000001,47.49050675675676,43.115773317950335,-2.6188251649322845
13649.742000000006,51.23777027027029,43.115319973453786,-2.6224622853699566
12651.471000000001,47.49050675675676,43.11687902315602,-2.620932531213233
12651.471000000001,47.49050675675676,43.11710568518257,-2.619113925221108
13649.742000000006,51.23777027027029,43.11665232877783,-2.622751124770192
13649.742000000006,51.23777027027029,43.118211381700554,-2.6212213485124845
,,43.1184380496812,-2.619402702961841
13649.742000000006,51.23777027027029,43.11798468136753,-2.6230399816268224
,,43.11954373751123,-2.6215101832673304
13649.742000000006,51.23777027027029,43.11931703122297,-2.6233288559412897
13348.477,50.10689564564564,43.11463971408132,-2.627917872755613
13345.291000000005,50.094936186186196,43.115093252679635,-2.6242808269361957
13649.742000000006,51.23777027027029,43.11642560204838,-2.624569705890421
13345.291000000005,50.094936186186196,43.116198842968046,-2.6263882745723373
13348.477,50.10689564564564,43.115972051537156,-2.6282068308143707
13742.653000000004,51.586535285285294,43.11753118364567,-2.626677210540276
13742.653000000004,51.586535285285294,43.11730438625754,-2.628495806336245
13649.742000000006,51.23777027027029,43.117757948682446,-2.6248586023032776
13742.653000000004,51.586535285285294,43.118863521588274,-2.6269661639705415
13742.653000000004,51.586535285285294,43.11863671824256,-2.62878479932268
,,43.11889128858383,-2.615765374557931
11999.199000000002,45.04203828828829,43.1204502391288,-2.6142353682127064
12222.267000000003,45.87938063063064,43.11999705302781,-2.6178728006086223
12222.267000000003,45.87938063063064,43.12022366225544,-2.616054090627024
12119.319000000003,45.492939189189194,43.121782616020134,-2.614524062165653
12842.458000000002,48.20742492492493,43.12132941801349,-2.618161573693336
12222.267000000003,45.87938063063064,43.121556033194324,-2.6163428241464324
12248.450000000004,45.97766516516518,43.12311499017919,-2.6148127735681124
12842.458000000002,48.20742492492493,43.12266178026615,-2.618450364232042
12239.605000000003,45.94446321321322,43.122888401400594,-2.61663157511759
,,43.11977041144629,-2.619691498155916
12842.458000000002,48.20742492492493,43.12087609058808,-2.621799035479213
,,43.120649378344226,-2.6236177477150373
12842.458000000002,48.20742492492493,43.12110277047795,-2.619980310804787
12842.458000000002,48.20742492492493,43.12243512677623,-2.620269140909901
13139.042000000005,49.32072822822825,43.12198172273136,-2.623906656949514
12779.028000000002,47.96932432432433,43.12220844093118,-2.6220879051495816
12779.028000000002,47.96932432432433,43.123767480341236,-2.6205579884726995
13139.042000000005,49.32072822822825,43.123314064384495,-2.6241955836461694
13139.042000000005,49.32072822822825,43.12354078854065,-2.622376792279882
13649.742000000006,51.23777027027029,43.119090292581866,-2.625147516176217
,,43.12019585679598,-2.627255134864575
13742.653000000004,51.586535285285294,43.1199690474923,-2.629073809775139
,,43.120422633746735,-2.6254364475106824
14961.238000000005,56.16080330330331,43.12152818926883,-2.6275441232238252
14961.238000000005,56.16080330330331,43.12175497217713,-2.625725396308124
14961.238000000005,56.16080330330331,43.12130137400682,-2.629362837695054
14961.238000000005,56.16080330330331,43.12308730787314,-2.626014362569979
14961.238000000005,56.16080330330331,43.12286051900693,-2.6278331290497445
14961.238000000005,56.16080330330331,43.12263369778619,-2.6296518830838775
12248.450000000004,45.97766516516518,43.12444736160608,-2.615101502421523
12779.028000000002,47.96932432432433,43.1239941397859,-2.6187391722261943
12575.943000000003,47.20699324324325,43.12422076687429,-2.6169203435419424
12626.317000000003,47.39608483483484,43.12577973030085,-2.615390248727329
12575.943000000003,47.20699324324325,43.125326496572804,-2.619027997677233
12575.943000000003,47.20699324324325,43.12555312961553,-2.617209129420942
12672.641000000003,47.56997372372373,43.126658850626946,-2.619316840586609
12707.267000000003,47.69995120120121,43.127112096263595,-2.615679012486989
12707.267000000003,47.69995120120121,43.12688548962437,-2.6174979327560304
12707.267000000003,47.69995120120121,43.128444459494396,-2.6159677937019326
13006.380000000005,48.822747747747755,43.125099831173024,-2.620846853494631
13537.712000000007,50.81723723723726,43.12464640330368,-2.624484527806445
13102.044000000005,49.18184684684686,43.124873133416536,-2.6226656968715627
13006.380000000005,48.822747747747755,43.12643217927168,-2.621135735977144
13359.026000000005,50.14649399399401,43.12597873948899,-2.624773489431794
13209.894000000004,49.5866891891892,43.126205475558905,-2.6229546189260646
13267.825000000004,49.80414789789791,43.127764524637286,-2.6214246359216857
13359.026000000005,50.14649399399401,43.127311072940515,-2.625062468523656
13267.825000000004,49.80414789789791,43.12753781496786,-2.6232435584448437
13958.860000000004,52.398123123123135,43.12864340365832,-2.625351465083484
14961.238000000005,56.16080330330331,43.12419284601033,-2.628122152343771
13537.712000000007,50.81723723723726,43.12441964083483,-2.6263033462977057
14961.238000000005,56.16080330330331,43.123966018830544,-2.6299409459430585
14375.799000000003,53.96320945945946,43.12529833713991,-2.6302300262740435
14246.909000000003,53.47938813813814,43.12552517027914,-2.6284111931073566
13537.712000000007,50.81723723723726,43.12575197106228,-2.6265923474927493
14329.829000000005,53.79064939939941,43.126630652714375,-2.6305191240782757
14204.574000000004,53.320472972972986,43.12685749181341,-2.6287002513419497
14141.373000000003,53.08323198198199,43.12708429855557,-2.62688136615655
13958.860000000004,52.398123123123135,43.128416623314806,-2.6271704022905644
12707.267000000003,47.69995120120121,43.12799120194842,-2.6196057009557654
12707.267000000003,47.69995120120121,43.12821784690091,-2.617786753548655
13562.976000000006,50.91207207207209,43.12932355053729,-2.6198945787861505
,,43.129776819993346,-2.616256592373618
12707.267000000003,47.69995120120121,43.12955020144521,-2.6180755918002636
13765.252000000004,51.67136636636637,43.13065589639362,-2.6201834740792145
15678.295000000002,58.85245870870871,43.1311091777605,-2.6165454085034847
15678.295000000002,58.85245870870871,43.13088255325735,-2.618364447512302
13855.607000000004,52.010536786786794,43.13198823951751,-2.6204723868363975
15678.295000000002,58.85245870870871,43.132441532795944,-2.616834242092981
13742.653000000004,51.586535285285294,43.11840988254506,-2.63060342223107
13790.296000000004,51.765375375375385,43.11951533182758,-2.6327111222599715
13742.653000000004,51.586535285285294,43.11974220583605,-2.6308924722407965
13828.894000000006,51.91026276276278,43.11928842546725,-2.6345297598310924
14060.315000000004,52.77896021021022,43.12084764642306,-2.6330002292977714
14060.315000000004,52.77896021021022,43.12107452639144,-2.6311815397202305
13790.296000000004,51.765375375375385,43.12062073410203,-2.6348189064261125
14060.315000000004,52.77896021021022,43.12217995828267,-2.6332893538089706
14060.315000000004,52.77896021021022,43.12240684421133,-2.6314706246708117
14011.634000000004,52.59622372372373,43.121953040000584,-2.6351080704967687
14006.008000000003,52.57510510510511,43.11772918134545,-2.6360592162779244
14568.831000000004,54.68780405405406,43.11883451569245,-2.6381669976228643
14568.831000000004,54.68780405405406,43.118607512278665,-2.6399855978403686
13828.894000000006,51.91026276276278,43.11906148675543,-2.6363483849525813
14444.963000000002,54.222834084084084,43.12016681240345,-2.6384562233288804
13827.656000000004,51.90561561561562,43.12039378942872,-2.63663757110367
14444.963000000002,54.222834084084084,43.1199398030266,-2.6402748631001516
14055.091000000002,52.7593506006006,43.12172608936539,-2.636926774732646
14619.260000000004,54.87710210210211,43.12127209103718,-2.6405641458423075
14444.963000000002,54.222834084084084,43.12149910637748,-2.6387454665150147
14462.793000000003,54.28976351351352,43.11682112684254,-2.6433334340322516
15062.551000000005,56.541107357357376,43.118380476514425,-2.6418041856035117
14880.948000000002,55.85941441441442,43.11792630793606,-2.6454413237604277
15006.370000000004,56.33021771771773,43.11815340840012,-2.6436227609107235
15062.551000000005,56.541107357357376,43.11948568721953,-2.643912105274606
14688.963000000002,55.13875,43.1197127612985,-2.6420934904159186
14933.281000000004,56.05585960960962,43.119258580790024,-2.645730707674637
14688.963000000002,55.13875,43.121045043344864,-2.642382812712941
14989.888000000004,56.26834834834836,43.120590850905565,-2.646020109077943
14902.911000000006,55.94185810810812,43.12081796330087,-2.644201467125342
14435.482000000002,54.187244744744746,43.12373915929582,-2.6317597270939994
14359.558000000003,53.90224474474475,43.123512267406504,-2.6335784957950095
14293.295000000004,53.65350975975977,43.12328534316297,-2.635397252044518
14423.632000000005,54.14276276276278,43.125071471644965,-2.6320488469912315
14435.482000000002,54.187244744744746,43.12484457379463,-2.6338676552573412
14359.558000000003,53.90224474474475,43.12461764358927,-2.6356864510708005
14435.482000000002,54.187244744744746,43.125949941279586,-2.6359756675770645
14423.632000000005,54.14276276276278,43.12640378125883,-2.6323379843639563
14435.482000000002,54.187244744744746,43.12617687744712,-2.634156832197413
,,43.12728223623397,-2.6362649015647652
14372.935000000003,53.95245870870872,43.123058386565546,-2.6372159958409505
14642.726000000004,54.9651876876877,43.1226043763105,-2.640853446068276
14372.935000000003,53.95245870870872,43.12283139761461,-2.6390347271827306
14372.935000000003,53.95245870870872,43.124163686114926,-2.6393240053334632
14372.935000000003,53.95245870870872,43.124390681029254,-2.637505234430033
14642.726000000004,54.9651876876877,43.123936658846645,-2.641142763779515
,,43.125495971878514,-2.639613300968668
14372.935000000003,53.95245870870872,43.125722972756606,-2.6377944905013453
,,43.12526893864568,-2.641432098977467
,,43.12660121570769,-2.6417214516635847
15155.215000000006,56.88894519519521,43.1219231182827,-2.6463095279717974
14879.411000000006,55.85364489489491,43.1221502366442,-2.6444908464643855
14775.950000000003,55.465277777777786,43.122377322653584,-2.642672152496019
14879.411000000006,55.85364489489491,43.123709599224746,-2.642961509766611
15257.700000000006,57.27364864864867,43.12325538292158,-2.6465989643576457
15257.700000000006,57.27364864864867,43.123482507249605,-2.6447802432931824
,,43.12504187305844,-2.643250884526165
15257.700000000006,57.27364864864867,43.12458764482223,-2.6468884182369394
15257.700000000006,57.27364864864867,43.12481477511718,-2.6450696576131794
15478.326000000006,58.10182432432434,43.126374144154745,-2.6435402767761214
,,43.12682825490544,-2.639902614089798
,,43.12705526174765,-2.6380837640563297
,,43.128160535195796,-2.6401919446982944
,,43.12838754800251,-2.6383730550964435
15466.966000000006,58.0591816816817,43.127933490032746,-2.642010821839319
,,43.129492812749646,-2.6404812927956125
15466.966000000006,58.0591816816817,43.129265761620935,-2.6423002095061143
,,43.129719831521214,-2.638662363623127
15482.873000000007,58.11889264264266,43.13105211230386,-2.638951689637841
,,43.13082508756707,-2.6407706583831922
14329.829000000005,53.79064939939941,43.12773608813752,-2.632627139213625
14435.482000000002,54.187244744744746,43.12750917836404,-2.634446026616672
,,43.12861452845252,-2.636554153035342
14875.311000000005,55.83825450450452,43.12906839228112,-2.63291631154169
14838.334000000006,55.699451951951964,43.1288414765455,-2.634735238516568
14838.334000000006,55.699451951951964,43.13040069368968,-2.6332055013495923
14972.959000000006,56.20480105105107,43.12994681793532,-2.636843421990249
14972.959000000006,56.20480105105107,43.1301737719916,-2.6350244678985466
15410.994000000006,57.8490765765766,43.13127910468241,-2.6371327084309346
14972.959000000006,56.20480105105107,43.131732992363304,-2.633494708638785
15478.326000000006,58.10182432432434,43.12614704024698,-2.6453590894258294
15478.326000000006,58.10182432432434,43.12591990398474,-2.647177889611131
15466.966000000006,58.0591816816817,43.12770641251372,-2.6438296865179387
15479.822000000006,58.10743993993995,43.1272521604092,-2.6474673784816662
15478.326000000006,58.10182432432434,43.1274793026391,-2.64564853873258
15466.966000000006,58.0591816816817,43.12903867813548,-2.64411911375306
17829.41700000001,66.92724099099102,43.128584414095684,-2.647756884849993
15466.966000000006,58.0591816816817,43.12881156229362,-2.645938005534879
15778.737000000006,59.22949324324326,43.13037094102007,-2.6444085584829367
17829.41700000001,66.92724099099102,43.12991666504427,-2.648046408717565
15466.966000000006,58.0591816816817,43.130598030472335,-2.642589614665417
15482.873000000007,58.11889264264266,43.13238439035055,-2.639241033142019
,,43.13215735964816,-2.6410600414624876
,,43.131930296587036,-2.6428790373186835
15482.873000000007,58.11889264264266,43.13371666566135,-2.6395303941371195
,,43.133262559965104,-2.6431684774673574
,,43.133489628992976,-2.6413494420349553
17554.010000000002,65.89343093093093,43.13482189560162,-2.6416388601020326
17554.010000000002,65.89343093093093,43.13459482060661,-2.6434579351128944
15482.873000000007,58.11889264264266,43.13504893823635,-2.639819772624596
13562.976000000006,50.91207207207209,43.12909686726993,-2.6217135533297022
13562.976000000006,50.91207207207209,43.12887015164348,-2.6235325154293405
13765.252000000004,51.67136636636637,43.130429207169676,-2.6220024882026407
13646.586000000007,51.22592342342344,43.12997573164251,-2.6256404791127275
13646.586000000007,51.22592342342344,43.13020248558586,-2.6238214898810033
14078.561000000005,52.84745120120122,43.13130805689316,-2.625929510612825
13855.607000000004,52.010536786786794,43.131761544336605,-2.622291440541945
14078.561000000005,52.84745120120122,43.13153481679504,-2.6241104818012793
13958.989000000005,52.39860735735737,43.13286714527112,-2.6243994911916184
14164.889000000003,53.17150525525526,43.13264037941033,-2.626218559585234
14329.829000000005,53.79064939939941,43.12796296555405,-2.6308082393572114
14002.784000000007,52.563003003003026,43.12818981061325,-2.628989327048997
13958.860000000004,52.398123123123135,43.129748945340026,-2.6274594558962323
14866.406000000006,55.804827327327345,43.12952212667873,-2.6292784202299466
14866.406000000006,55.804827327327345,43.12929527565897,-2.631097372112294
14642.749000000007,54.96527402402405,43.13085444000991,-2.6295675308862476
14078.561000000005,52.84745120120122,43.13108126463134,-2.6277485269750076
14642.749000000007,54.96527402402405,43.130627583029245,-2.6313865223449677
14642.749000000007,54.96527402402405,43.132186750606884,-2.629856659019344
14642.749000000007,54.96527402402405,43.13195988766494,-2.6316756900566856
15678.295000000002,58.85245870870871,43.13221490233741,-2.6186533206862226
14053.819000000007,52.75457582582585,43.13332057990905,-2.620761317059154
15678.295000000002,58.85245870870871,43.13377388509976,-2.617123093143561
15678.295000000002,58.85245870870871,43.13354724868549,-2.6189422113234584
14223.459000000003,53.39136261261262,43.13465291756829,-2.621050264748929
15678.295000000002,58.85245870870871,43.13510623467204,-2.6174119616566633
,,43.134879592301644,-2.619231119425472
14223.459000000003,53.39136261261262,43.135985252495345,-2.621339229907165
,,43.136438581512834,-2.61770084763374
,,43.136211933185955,-2.6195200449937026
14053.819000000007,52.75457582582585,43.13309387877081,-2.622580410349065
14161.521000000004,53.15886261261263,43.13419947101418,-2.624688518053468
14053.819000000007,52.75457582582585,43.13442621047236,-2.6228693976254496
14164.889000000003,53.17150525525526,43.13397269919412,-2.6265076260313944
14305.462000000003,53.69918168168169,43.1355317940243,-2.624977562388271
14305.462000000003,53.69918168168169,43.13530501624458,-2.6267967099527594
14223.459000000003,53.39136261261262,43.13575853944133,-2.6231584023725483
14287.001000000004,53.629883633633646,43.13709086567782,-2.623447424591805
14305.462000000003,53.69918168168169,43.136637330561825,-2.6270858113507787
14287.001000000004,53.629883633633646,43.13686411430155,-2.6252666241974816
14164.889000000003,53.17150525525526,43.1324135811888,-2.6280376155283323
14610.372000000007,54.843738738738764,43.13329218956613,-2.6319648752488978
14164.889000000003,53.17150525525526,43.133745895012524,-2.6283267215576602
14610.372000000007,54.843738738738764,43.13351905846973,-2.6301458046306894
14610.372000000007,54.843738738738764,43.13462448873291,-2.6322540779230454
14164.889000000003,53.17150525525526,43.13507820610254,-2.6286158450644392
14610.372000000007,54.843738738738764,43.134851363598536,-2.6304349677217265
15018.361000000008,56.375228978979,43.13641051445897,-2.628904986050113
15036.491000000005,56.44328453453455,43.13595678516536,-2.632543298080585
14981.002000000008,56.234992492492516,43.13618366599337,-2.630724148293908
14853.262000000006,55.755487987988005,43.13754427133853,-2.6198089880296043
14853.262000000006,55.755487987988005,43.13777092562225,-2.617989751076236
14223.459000000003,53.39136261261262,43.13731758469025,-2.6216282125353145
14980.818000000007,56.23430180180182,43.1388766067594,-2.6200979485346156
14853.262000000006,55.755487987988005,43.13910326700036,-2.6182786719856015
14980.818000000007,56.23430180180182,43.138649914153135,-2.621917212634832
14980.818000000007,56.23430180180182,43.140208939448684,-2.6203869265101907
14980.818000000007,56.23430180180182,43.139982240884024,-2.6222062302071536
14980.818000000007,56.23430180180182,43.140435605647234,-2.618567610363278
14980.818000000007,56.23430180180182,43.14154126940645,-2.620675921957779
,,43.138423189181886,-2.6237364642846654
,,43.138196431846026,-2.6255557034825507
,,43.137969642145904,-2.6273749302268974
15979.494000000006,59.983085585585606,43.13952874665778,-2.625844800244913
15979.494000000006,59.983085585585606,43.139301950996916,-2.6276640665825655
15979.494000000006,59.983085585585606,43.13975550995361,-2.624025521452589
15858.496000000005,59.5288888888889,43.14108782799308,-2.624314596097012
15979.494000000006,59.983085585585606,43.140861058736924,-2.6261339144860374
15938.264000000006,59.82831831831834,43.14063425711492,-2.6279532204192275
15610.022000000006,58.5961786786787,43.14242014330036,-2.6246036882193877
15018.361000000008,56.375228978979,43.13774282008189,-2.629194144516134
15036.491000000005,56.44328453453455,43.13728907886355,-2.6328325357229643
15018.361000000008,56.375228978979,43.1375159656543,-2.6310133463486833
15018.361000000008,56.375228978979,43.13907512297135,-2.629483320463951
15100.592000000008,56.683903903903925,43.13884826258143,-2.631302561887496
15100.592000000008,56.683903903903925,43.13862136982754,-2.63312179085163
15473.585000000006,58.0840277777778,43.14018055677483,-2.6315917949118033
15754.305000000008,59.13778153153156,43.140407423127456,-2.6297725138950097
15406.216000000008,57.83114114114117,43.13995365805746,-2.63341106346803
15569.090000000007,58.442530030030056,43.14151284823457,-2.6318810454230492
14980.818000000007,56.23430180180182,43.14176794156297,-2.6188565662107264
15610.022000000006,58.5961786786787,43.14131456488304,-2.6224952652537334
15281.451000000001,57.36280405405405,43.142873596632775,-2.620964934878824
15175.012000000002,56.963258258258264,43.1431002747476,-2.61914553952938
15610.022000000006,58.5961786786787,43.14264688615023,-2.622784317776021
15410.576000000005,57.84750750750752,43.143979204685714,-2.6230733877754595
15304.601000000006,57.44970345345347,43.14420592112773,-2.621253965274776
15281.451000000001,57.36280405405405,43.14443260520127,-2.619434530320695
15204.623000000003,57.07441066066067,43.145538242891405,-2.621543013147084
15245.537000000004,57.227991741741754,43.14531152048952,-2.623362475253505
15858.496000000005,59.5288888888889,43.14219336808351,-2.626423046207358
15938.264000000006,59.82831831831834,43.14196656050002,-2.6282423917383384
15858.496000000005,59.5288888888889,43.14352567469764,-2.6267121954103234
15729.270000000008,59.04380630630633,43.14329886115229,-2.628531580541347
15466.789000000006,58.058517267267284,43.143752455875564,-2.62489279782117
15466.789000000006,58.058517267267284,43.144857978579374,-2.6270013620963923
15798.301000000007,59.3029316816817,43.1446311590718,-2.6288207868296998
15466.789000000006,58.058517267267284,43.145084765718735,-2.6251819249037984
15807.010000000006,59.33562312312314,43.1461902797288,-2.627290546267002
15807.010000000006,59.33562312312314,43.14596345425862,-2.629110010604845
,,43.10701000465295,-2.6561437796384233
,,43.10655533739751,-2.6597801399905148
,,43.10678268719575,-2.6579619660462814
17280.708000000006,64.86752252252253,43.10811493148976,-2.658251543813029
,,43.10834225491615,-2.656433317879733
17280.708000000006,64.86752252252253,43.10788757572156,-2.6600697572815477
17280.708000000006,64.86752252252253,43.109447173041836,-2.6585411390766613
,,43.10967450243777,-2.656722873615692
17280.708000000006,64.86752252252253,43.1092198113033,-2.6603593920717117
17042.325000000004,63.972691441441455,43.11100674721787,-2.657012446847749
14050.833,52.74336711711712,43.107691762974916,-2.650689145648832
14050.833,52.74336711711712,43.10723728976879,-2.654325580768518
14050.833,52.74336711711712,43.1074645425429,-2.652507369438126
15776.200000000003,59.21996996996997,43.1090240311409,-2.6509785653069353
14050.833,52.74336711711712,43.10879680474208,-2.6527968286251147
,,43.108569546000375,-2.6546150794832357
15776.200000000003,59.21996996996997,43.1103562965664,-2.6512680024529627
,,43.11012906420041,-2.6530863053022657
,,43.109901799490736,-2.6549045956903674
,,43.11123405023998,-2.6551941293913535
,,43.1063279552586,-2.6615983014695543
,,43.106100540779394,-2.6634164504818165
,,43.10587309396022,-2.665234587025738
17323.859000000008,65.02950075075077,43.10766018761191,-2.6618879582837187
17451.097000000005,65.50712087087088,43.10720531436963,-2.6655243228827312
17323.859000000008,65.02950075075077,43.10743276716116,-2.6637061468179737
17323.859000000008,65.02950075075077,43.108992417222524,-2.6621776325992608
17451.097000000005,65.50712087087088,43.10853753203565,-2.665814076245578
17451.097000000005,65.50712087087088,43.10876499079985,-2.663995860657739
17478.544000000005,65.61015015015016,43.10986974695829,-2.6661038471157235
15186.577000000003,57.00667042042043,43.11191576524026,-2.6497391022449137
14167.962000000001,53.18304054054054,43.11214293888384,-2.6479207349422564
15186.577000000003,57.00667042042043,43.11347521076209,-2.6482101279938166
14167.962000000001,53.18304054054054,43.113702358025705,-2.6463917086944724
15186.577000000003,57.00667042042043,43.11324803115218,-2.650028534834383
15186.577000000003,57.00667042042043,43.11480747990085,-2.6484995385331658
15186.577000000003,57.00667042042043,43.114580294324234,-2.6503179849138805
14462.793000000003,54.28976351351352,43.11503463313038,-2.646681079692521
14825.888000000004,55.652732732732744,43.116139746300185,-2.6487889665617548
14825.888000000004,55.652732732732744,43.11591255475649,-2.650607452484859
,,43.11146132091796,-2.653375799471038
15776.200000000003,59.21996996996997,43.11168855925152,-2.651557457088366
,,43.11279357489485,-2.6536653111328707
,,43.11256629824814,-2.6554836805876536
15186.577000000003,57.00667042042043,43.11302081919633,-2.651846929214595
16598.663000000004,62.30729354354355,43.113898543515354,-2.6557732492807
15186.577000000003,57.00667042042043,43.114353076400874,-2.652136418833088
,,43.114125826131115,-2.6539548402892223
16598.663000000004,62.30729354354355,43.115230786041636,-2.656062835471953
14825.888000000004,55.652732732732744,43.115685330865254,-2.6524259259453093
17042.325000000004,63.972691441441455,43.110552044142786,-2.660649044362455
17042.325000000004,63.972691441441455,43.11077941185203,-2.6588307518386367
16842.474000000002,63.2225,43.11233898925656,-2.6573020375773475
16903.474000000006,63.451478978979,43.11188427424011,-2.660938714155224
16903.474000000006,63.451478978979,43.112111647920415,-2.6591203821004035
16842.474000000002,63.2225,43.1134438812471,-2.6594100298634
16842.474000000002,63.2225,43.11321650159535,-2.661228401451478
16842.474000000002,63.2225,43.113671228553876,-2.65759164580595
16583.598,62.25074324324325,43.11477611183215,-2.6596996951290857
16598.663000000004,62.30729354354355,43.11500346510995,-2.6578812715349964
17880.209000000003,67.11790165165165,43.113638860263855,-2.6687916260102065
16866.141000000007,63.311340090090106,43.11409385792562,-2.6651548910819205
16866.141000000007,63.311340090090106,43.114321308239624,-2.663336504904124
16866.141000000007,63.311340090090106,43.11386637526691,-2.666973264784472
,,43.11497105823855,-2.669081506457186
16866.141000000007,63.311340090090106,43.115426067850194,-2.6654446924614934
,,43.11519857921694,-2.6672631056983227
17116.962000000007,64.25286036036037,43.11565352413796,-2.663626266748266
,,43.1163032534699,-2.669371404420962
,,43.116530780424014,-2.667552964126726
16598.663000000004,62.30729354354355,43.11545807462685,-2.6542443869415315
16598.663000000004,62.30729354354355,43.11656302582712,-2.656352439162861
15252.932000000003,57.25575075075076,43.11701758258957,-2.652715450552701
18044.642000000007,67.73514264264266,43.116790320382144,-2.6545339510912562
18044.642000000007,67.73514264264266,43.11812256339705,-2.654823532739844
16233.953000000003,60.93826201201202,43.11789526287183,-2.65664206035487
18044.642000000007,67.73514264264266,43.118349831573866,-2.6530049926567094
17989.577000000005,67.5284421921922,43.11945480367169,-2.6551131318887373
17989.577000000005,67.5284421921922,43.11968207781825,-2.6532945522587887
17989.577000000005,67.5284421921922,43.11922749717592,-2.656931699049438
16605.286000000004,62.332154654654666,43.11454872620859,-2.6615181062526556
17116.962000000007,64.25286036036037,43.1158809480799,-2.6618078285602103
16598.663000000004,62.30729354354355,43.11633569892483,-2.6581709147659365
16456.091000000004,61.772113363363374,43.11610833967563,-2.6599893778989103
16958.720000000005,63.65885885885887,43.11721316720934,-2.662097568375596
16233.953000000003,60.93826201201202,43.11766792999859,-2.658460575500225
16233.953000000003,60.93826201201202,43.11744056477764,-2.6602790781743217
16958.720000000005,63.65885885885887,43.11854538359703,-2.662387325700264
16569.349000000002,62.19725600600601,43.1190001583313,-2.6587502537393033
16569.349000000002,62.19725600600601,43.11877278713823,-2.6605687959567703
14880.948000000002,55.85941441441442,43.11636690549599,-2.6469704681775643
14825.888000000004,55.652732732732744,43.11747200996016,-2.6490784120810265
15282.491000000004,57.36670795795796,43.11769917512263,-2.6472598741510587
14825.888000000004,55.652732732732744,43.11724481244902,-2.6508969375487643
15085.126000000006,56.62584834834836,43.11880427088089,-2.649367875092432
15282.491000000004,57.36670795795796,43.11903144201037,-2.6475492976144364
15252.932000000003,57.25575075075076,43.11857706740194,-2.651186440107048
15085.126000000006,56.62584834834836,43.120136529062414,-2.6496573555974248
15066.351000000004,56.55537162162163,43.12036370615928,-2.6478387385691624
18159.378000000004,68.16583333333334,43.119909319615275,-2.6514759601611564
16671.343,62.58011636636636,43.10938102914229,-2.680939543405602
17924.157000000003,67.28287162162162,43.11048542299587,-2.683047887324532
17924.157000000003,67.28287162162162,43.11071319075958,-2.6812296654916556
17924.157000000003,67.28287162162162,43.1120453496308,-2.6815198051072775
17924.157000000003,67.28287162162162,43.113377505756034,-2.681809962253925
17698.961000000007,66.43754129129131,43.11009721169557,-2.664285592002569
17217.156000000006,64.62896396396398,43.11032464409052,-2.662467324417623
17795.213000000007,66.79884759759761,43.111656868215974,-2.6627570337402555
17808.323000000004,66.84805930930932,43.11120195913767,-2.6663936354946243
17795.213000000007,66.79884759759761,43.11142942984839,-2.664575340853911
17946.161000000004,67.36546921921924,43.110974456084186,-2.6682119176608166
16866.141000000007,63.311340090090106,43.11276164525837,-2.664865107213212
16866.141000000007,63.311340090090106,43.112989089599,-2.663046760568604
17880.209000000003,67.11790165165165,43.11230665954575,-2.6685017630785683
17808.323000000004,66.84805930930932,43.11253416857383,-2.6666834413837193
,,43.11116862926452,-2.677593184362715
,,43.11227309103429,-2.6797015312633214
,,43.112728476815356,-2.6760649461134904
,,43.112500800095916,-2.6778832449315373
,,43.1140606508808,-2.6763549846814776
,,43.11360525314039,-2.6799916488849007
,,43.1138329681821,-2.6781733230268947
,,43.115392822201464,-2.676645040775218
,,43.11493741250094,-2.6802817840367177
,,43.11516513352309,-2.678463418650248
17414.337000000007,65.3691328828829,43.111851544460364,-2.6721383690349607
,,43.11295612119223,-2.6742466348107614
17880.209000000003,67.11790165165165,43.11318373322616,-2.672428311024925
17880.209000000003,67.11790165165165,43.113411312916824,-2.670609974757547
,,43.11428830123616,-2.6745366338502263
,,43.11451591924781,-2.67271827053471
,,43.11474350491538,-2.6708998947365106
,,43.11584810252538,-2.673008247565773
,,43.11607569417025,-2.6711898322345
,,43.11562047853567,-2.6748266504132014
,,43.11718028305898,-2.6732982421195572
,,43.117407880681505,-2.671479787252978
,,43.11695265309081,-2.6751166845011456
,,43.118512460848656,-2.6735882541975253
,,43.11874006444921,-2.6717697597933903
,,43.11828482490168,-2.675406736115511
,,43.120072245473466,-2.6720597498571954
,,43.119844635894516,-2.6738782838011175
,,43.11961699396836,-2.675696805257739
,,43.12094916029091,-2.6759868919292993
19177.868000000006,71.988993993994,43.116724990777364,-2.6769351143961706
19177.868000000006,71.988993993994,43.11626956911602,-2.6805719367202228
19177.868000000006,71.988993993994,43.116497296118986,-2.678753531803051
19177.868000000006,71.988993993994,43.118057156608636,-2.677225205545777
19177.868000000006,71.988993993994,43.117829455969854,-2.679043662486756
19177.868000000006,71.988993993994,43.11938931969533,-2.6775153142254973
19177.868000000006,71.988993993994,43.11916161307578,-2.6793338107028113
21329.84100000001,80.06697072072076,43.12072148003754,-2.6778054404367793
,,43.121404423754335,-2.672349757445837
,,43.12117680819663,-2.6741683309317903
21329.84100000001,80.06697072072076,43.12228132386941,-2.676276996131622
,,43.12273659929187,-2.6726397825607675
,,43.12250897775505,-2.674458395590997
,,43.12361348470394,-2.676567117866177
19520.90100000001,73.27665540540542,43.12406877208621,-2.6729298252034424
,,43.12384114456987,-2.674748477780185
,,43.12517330864118,-2.6750385775008123
19520.90100000001,73.27665540540542,43.1254009421374,-2.6732198853753095
21445.788000000008,80.50220720720723,43.12049376743686,-2.6796239764526675
21329.84100000001,80.06697072072076,43.122053637635325,-2.6780955841810767
21329.84100000001,80.06697072072076,43.12182591905315,-2.6799141597377845
21329.84100000001,80.06697072072076,43.12338579248877,-2.6783857454598414
,,43.12471794459798,-2.6786759242745273
19459.43100000001,73.0459121621622,43.12449021405169,-2.680494578919591
,,43.12494564279459,-2.6768572571344085
,,43.126277798141444,-2.6771474139377696
19520.90100000001,73.27665540540542,43.12673310944551,-2.673509963077825
,,43.12650546996907,-2.675328694754324
20346.686000000012,76.37644894894899,43.12760995074455,-2.6774375882777135
,,43.128065274010645,-2.6738000583124357
,,43.12783762855358,-2.6756188295421857
20371.198000000008,76.46846096096098,43.1291697843948,-2.675908981865831
,,43.12939743583284,-2.6740901710806027
20371.198000000008,76.46846096096098,43.12894210060401,-2.6777277801556973
,,43.126050093962995,-2.6789661206265802
19977.65400000001,74.99119369369372,43.12582235743409,-2.6807848148191895
20232.91200000001,75.9493693693694,43.12738224058391,-2.6792563345174645
19977.65400000001,74.99119369369372,43.127154498072024,-2.6810750682598528
20232.91200000001,75.9493693693694,43.12871438446081,-2.6795465659486237
19977.65400000001,74.99119369369372,43.128258855118666,-2.683184100037367
19977.65400000001,74.99119369369372,43.12848663596558,-2.681365339243042
20346.686000000012,76.37644894894899,43.13004652559376,-2.679836814921516
20223.00799999999,75.91219219219215,43.129590984283396,-2.683474428117645
20232.91200000001,75.9493693693694,43.12981877111481,-2.6816556277701964
20371.198000000008,76.46846096096098,43.13137866398285,-2.6801270814375915
20269.67500000001,76.08736861861865,43.13115090351981,-2.6819459338427865
20269.67500000001,76.08736861861865,43.1309231107035,-2.683764773745583
19655.83800000001,73.78317567567571,43.13271079962815,-2.680417365498303
20269.67500000001,76.08736861861865,43.13225523437909,-2.684055136922652
20269.67500000001,76.08736861861865,43.13248303318064,-2.682236257462253
20217.38300000001,75.89107732732735,43.13358735531022,-2.6843455176502955
,,43.11675827503218,-2.6657345113533735
17116.962000000007,64.25286036036037,43.11698573729406,-2.663916046102473
,,43.11763544595802,-2.669661319902979
,,43.11786297888818,-2.667842840071132
16958.720000000005,63.65885885885887,43.118317947708036,-2.6642058429682
,,43.11809047947165,-2.6660243477590155
,,43.118967635702965,-2.6699512529046916
,,43.1194226811687,-2.666314201679871
,,43.11919517460958,-2.668132733532992
16685.053,62.63158033033032,43.11965015537996,-2.664495657346903
17989.577000000005,67.5284421921922,43.12078704120607,-2.655402748539398
17989.577000000005,67.5284421921922,43.12101432132278,-2.653584129360382
16546.397000000004,62.111099849849865,43.120559728739394,-2.657221355248003
15602.752000000006,58.5688888888889,43.122346562087536,-2.6538737239629517
15665.833000000004,58.80567942942944,43.12211927600035,-2.6556923826932617
16815.480000000003,63.121171171171184,43.12189195756239,-2.6575110289520207
15694.525000000003,58.91338213213214,43.12367880011263,-2.654163336067932
15694.525000000003,58.91338213213214,43.12345150805456,-2.6559820343517897
16815.480000000003,63.121171171171184,43.12322418364492,-2.6578007201629457
15963.109000000006,59.92158033033035,43.12478373736878,-2.6562717035164303
16592.383,62.28371996996997,43.12010500675751,-2.6608585312477073
16685.053,62.63158033033032,43.11987759724301,-2.6626771005356535
16546.397000000004,62.111099849849865,43.12033238392309,-2.65903994948463
16815.480000000003,63.121171171171184,43.12166460677398,-2.6593296627376515
16685.053,62.63158033033032,43.12120980814739,-2.6629668928832264
16753.238,62.88753003003003,43.12143722363554,-2.661148284048581
16815.480000000003,63.121171171171184,43.12276943777241,-2.661438054360837
16815.480000000003,63.121171171171184,43.12299682688408,-2.6596193934998182
16753.238,62.88753003003003,43.12254201631023,-2.663256702744431
16815.480000000003,63.121171171171184,43.12410164916818,-2.6617278421859365
15270.104000000005,57.32021021021023,43.121695967569465,-2.6481281970166743
15741.802000000005,59.09084834834836,43.12146878450484,-2.6499468535974517
15530.421000000004,58.29737612612613,43.121241569089165,-2.6517654977125433
15741.802000000005,59.09084834834836,43.12280103720822,-2.6502363690939563
15270.104000000005,57.32021021021023,43.123028226241,-2.6484176729584297
15530.421000000004,58.29737612612613,43.12257381582363,-2.6520550527626576
15642.291000000007,58.71730855855858,43.124133287172654,-2.6505259020883956
15642.291000000007,58.71730855855858,43.124360482173934,-2.6487071663958712
15697.428000000005,58.9242792792793,43.12390605981878,-2.652344625312943
15779.385000000004,59.23192567567569,43.125692735368375,-2.6489966773304525
,,43.12029982270482,-2.670241203427551
16685.053,62.63158033033032,43.12098236030989,-2.6647854892400202
,,43.120754880123386,-2.66660407311739
,,43.120527367588245,-2.6684226445137584
,,43.12185955782427,-2.668712573014879
,,43.122087076335795,-2.666893962073022
,,43.12163200696366,-2.6705311714730056
,,43.122314562497905,-2.665075338649012
,,43.12296418847956,-2.6708211570425124
,,43.123191745317726,-2.669002519037807
,,43.12341926980603,-2.66718386854822
17392.805000000008,65.28830705705708,43.1236467619441,-2.6653652055753296
19520.90100000001,73.27665540540542,43.1242963672526,-2.67111116013752
,,43.12475146053412,-2.6674737925444356
19520.90100000001,73.27665540540542,43.12452393006868,-2.6692924825839888
17392.805000000008,65.28830705705708,43.12497895864856,-2.6656550900204192
19520.90100000001,73.27665540540542,43.12562854328287,-2.6714011807594744
19520.90100000001,73.27665540540542,43.12608364852019,-2.667763734063115
17392.805000000008,65.28830705705708,43.126311152611336,-2.6659449919857368
19520.90100000001,73.27665540540542,43.12585611207727,-2.669582463654888
15963.109000000006,59.92158033033035,43.12501103539809,-2.6544529656767777
15963.109000000006,59.92158033033035,43.12455640698713,-2.658090428882221
15963.109000000006,59.92158033033035,43.12634326794403,-2.6547426127909515
17126.428000000007,64.28839339339342,43.126115963943114,-2.656561390188628
17126.428000000007,64.28839339339342,43.12588862758906,-2.6583801551113013
16251.128000000006,61.00273273273275,43.127675497750516,-2.6550322774118853
17126.428000000007,64.28839339339342,43.12744818777763,-2.6568510943698413
16888.636000000006,63.3957807807808,43.12722084545081,-2.6586698988516373
16888.636000000006,63.3957807807808,43.128553060572436,-2.6589596601046748
16451.411000000004,61.754545795795806,43.12900772481762,-2.6553219595410402
16815.480000000003,63.121171171171184,43.12432904425348,-2.6599091417725798
17392.805000000008,65.28830705705708,43.12387422173161,-2.663546530120712
17392.805000000008,65.28830705705708,43.125433857822955,-2.6620176475253237
16617.591000000004,62.37834459459461,43.12566125888223,-2.6601989075573917
17392.805000000008,65.28830705705708,43.12520642441161,-2.663836375013525
17332.354000000007,65.0613888888889,43.1267660637368,-2.662307470380453
16617.591000000004,62.37834459459461,43.126993470770415,-2.660488690855698
17332.354000000007,65.0613888888889,43.12653862435033,-2.664126237424322
17163.307000000008,64.4268280780781,43.12832567991812,-2.660778491668955
17642.729000000007,66.22646021021022,43.1278708215478,-2.664416117354556
15697.428000000005,58.9242792792793,43.12523830107469,-2.6526342153648503
15779.385000000004,59.23192567567569,43.12546553439824,-2.6508154525822216
16251.128000000006,61.00273273273275,43.126570539591455,-2.652923822919839
15779.385000000004,59.23192567567569,43.127024985824384,-2.6492862057636213
15779.385000000004,59.23192567567569,43.12679777888501,-2.651105020576873
16328.056000000006,61.29150150150152,43.128357233542054,-2.649575751696827
16370.763000000004,61.45181306306308,43.12790277536913,-2.6532134479793488
16272.839000000005,61.0842304804805,43.128130020633094,-2.6513946060738047
16328.056000000006,61.29150150150152,43.129689478521456,-2.649865315131521
16463.247000000003,61.798975225225234,43.129235008407775,-2.6535030905448345
19520.90100000001,73.27665540540542,43.12696071657044,-2.6716912189098405
,,43.1274158337643,-2.668053693105717
19520.90100000001,73.27665540540542,43.1271882913435,-2.669872462251941
17642.729000000007,66.22646021021022,43.12764334383254,-2.6662349114727286
17742.713000000007,66.60177552552554,43.12874801626654,-2.668343669673688
19520.90100000001,73.27665540540542,43.12829288711539,-2.671981274590056
,,43.12852046786747,-2.6701624783766182
18128.957000000006,68.0516403903904,43.130080196026945,-2.6686336637684827
,,43.12985264164928,-2.6704525120303546
,,43.129625054917796,-2.6722713478015825
20206.296999999988,75.84946321321316,43.12936316509984,-2.685293215962268
20379.73899999999,76.50052177177173,43.13069528553428,-2.6855836011444207
20379.73899999999,76.50052177177173,43.13046742801251,-2.687402416037705
20379.73899999999,76.50052177177173,43.131799539715225,-2.6876928583265136
20269.67500000001,76.08736861861865,43.13202740322384,-2.685874003877927
,,43.13157164385364,-2.6895117002668187
20217.38300000001,75.89107732732735,43.13335951816855,-2.68616442416426
20217.38300000001,75.89107732732735,43.13313164867276,-2.687983318170374
18920.27499999999,71.02205330330325,43.13290374682318,-2.6898021996670645
20217.38300000001,75.89107732732735,43.13469163036853,-2.6864548620048643
19260.09299999999,72.29764639639636,43.134463754885175,-2.6882737955707547
19367.749999999996,72.70176426426424,43.13423584704722,-2.6900927166260686
18920.27499999999,71.02205330330325,43.132675812620185,-2.6916210686527555
18920.27499999999,71.02205330330325,43.134007906855096,-2.691911625169225
19367.749999999996,72.70176426426424,43.13533999834422,-2.692202199248152
19367.749999999996,72.70176426426424,43.13667208708764,-2.6924927908909897
18409.61399999999,69.10515765765761,43.138004173085456,-2.6927834000991933
19592.891999999996,73.54689189189187,43.136023739823855,-2.686745317401197
19260.09299999999,72.29764639639636,43.135795858352544,-2.6885642905291083
19367.749999999996,72.70176426426424,43.13556794452588,-2.690383251145282
19592.891999999996,73.54689189189187,43.13735584653459,-2.6870357903547117
19367.749999999996,72.70176426426424,43.1369000392592,-2.690673803226169
19260.09299999999,72.29764639639636,43.13712795907497,-2.688854803046885
,,43.138687950500824,-2.6873262808668645
,,43.13846005705252,-2.689145333125542
,,43.13823213124728,-2.690964372870176
,,43.13979215228527,-2.6894358807665344
,,43.139336256337735,-2.6930740268742173
20371.198000000008,76.46846096096098,43.13050193749283,-2.676199151726728
20371.198000000008,76.46846096096098,43.130274247719896,-2.6780179895731666
,,43.13072959491223,-2.674380301383773
,,43.131834087847736,-2.676489339126323
20371.198000000008,76.46846096096098,43.13160639209227,-2.678308216531578
19353.790000000008,72.64936186186189,43.13206175124885,-2.674670449223396
19655.83800000001,73.78317567567571,43.133166235459576,-2.6767795440660693
19353.790000000008,72.64936186186189,43.133393904842805,-2.6749606146009306
19655.83800000001,73.78317567567571,43.13293853372125,-2.678598461032389
19655.83800000001,73.78317567567571,43.13449838032846,-2.677069766547424
18128.957000000006,68.0516403903904,43.131412373045634,-2.6689236753915573
18128.957000000006,68.0516403903904,43.131184812689,-2.670742563214605
,,43.13095721997773,-2.6725614385458747
18773.613000000005,70.47152027027028,43.132516980986686,-2.6710326319308364
18773.613000000005,70.47152027027028,43.1327445473227,-2.669213704544353
19353.790000000008,72.64936186186189,43.13228938229528,-2.672851546824376
18890.466000000008,70.91015765765768,43.13384914654245,-2.6713227181804875
18893.193000000007,70.92039414414417,43.134076718858196,-2.6695037512283344
19353.790000000008,72.64936186186189,43.133621541870546,-2.6731416726385455
18890.466000000008,70.91015765765768,43.13518130935636,-2.671612821965014
19655.83800000001,73.78317567567571,43.13404293252974,-2.6807076671051124
20217.38300000001,75.89107732732735,43.1338151600974,-2.6825265986300537
19655.83800000001,73.78317567567571,43.13537506268769,-2.68099798625946
20217.38300000001,75.89107732732735,43.134919473496986,-2.684635915929966
19725.247,74.04371996996996,43.135147284270154,-2.682816957347644
19725.247,74.04371996996996,43.13670719010209,-2.6812883229628137
19592.891999999996,73.54689189189187,43.13625158893945,-2.6849263317631276
19725.247,74.04371996996996,43.13647940569899,-2.6831073336164755
19725.247,74.04371996996996,43.138039314773025,-2.681578677216617
19592.891999999996,73.54689189189187,43.13758370163772,-2.6852167651512255
19222.365000000005,72.15602477477479,43.134726055694145,-2.675250797517828
19655.83800000001,73.78317567567571,43.13427067260688,-2.67888872307704
19222.365000000005,72.15602477477479,43.13605820380297,-2.6755409979755473
19431.72900000001,72.9419256756757,43.13560280874925,-2.679179002667005
19431.72900000001,72.9419256756757,43.135830522454455,-2.6773600065718366
19511.238000000012,73.24038288288291,43.13739034916935,-2.675831215975529
19431.72900000001,72.9419256756757,43.136934942148436,-2.679469299803716
19511.238000000012,73.24038288288291,43.137162661837635,-2.6776502641407656
19511.238000000012,73.24038288288291,43.138722491793374,-2.6761214515192386
19511.238000000012,73.24038288288291,43.13826707280452,-2.6797596144886437
18890.466000000008,70.91015765765768,43.13540888765218,-2.669793815444946
19222.365000000005,72.15602477477479,43.13495369870357,-2.673431815989838
18665.201000000005,70.06456831831834,43.13651346942848,-2.6719029432858705
18665.201000000005,70.06456831831834,43.13674105370477,-2.6700838971956444
19222.365000000005,72.15602477477479,43.13628585279443,-2.673721976879694
18665.201000000005,70.06456831831834,43.1378456267589,-2.6721930821445077
18665.201000000005,70.06456831831834,43.13807321701602,-2.6703739964818785
19222.365000000005,72.15602477477479,43.13761800414322,-2.674012155309587
18665.201000000005,70.06456831831834,43.139405377586016,-2.670664113305108
,,43.13895015275003,-2.674302351280952
19725.247,74.04371996996996,43.13781152438398,-2.683397727438003
20478.121999999996,76.86982732732731,43.13937143670057,-2.6818690490223287
,,43.138915811591836,-2.6855072160957203
,,43.1391436403252,-2.6836881388136824
,,43.14024791880189,-2.6857976845980636
20478.121999999996,76.86982732732731,43.14070355588479,-2.6821594383814045
20590.112999999998,77.29021396396395,43.14047575352274,-2.6839785677449686
20590.112999999998,77.29021396396395,43.141580023267984,-2.6860881706597093
20590.112999999998,77.29021396396395,43.141807863976666,-2.6842690142333203
20590.112999999998,77.29021396396395,43.14203567232577,-2.6824498452952947
19511.238000000012,73.24038288288291,43.1384947984781,-2.6779405392556583
,,43.13982693237587,-2.6782308319179746
,,43.14005463167511,-2.676411704608118
20478.121999999996,76.86982732732731,43.139599200717576,-2.6800499467232344
19802.668999999994,74.33434309309307,43.14138676881463,-2.676701975243635
20478.121999999996,76.86982732732731,43.140931325887685,-2.680340296508942
20478.121999999996,76.86982732732731,43.141159063531084,-2.678521142129159
19934.533999999992,74.8293318318318,43.14271890321203,-2.6769922634272354
20508.687999999995,76.98456456456454,43.142263448314935,-2.680630663847223
20194.801999999996,75.8063138138138,43.142491191943805,-2.6788114698906824
18665.201000000005,70.06456831831834,43.13917778134769,-2.672483238542387
19261.770999999997,72.30394519519518,43.14073753541483,-2.670954247666781
19802.668999999994,74.33434309309307,43.140282298614906,-2.6745925647952555
19261.770999999997,72.30394519519518,43.140509933194934,-2.6727734124809497
19261.770999999997,72.30394519519518,43.14206969050256,-2.6712443995683564
19308.110999999997,72.47789414414413,43.14184208230072,-2.6730636039616575
19802.668999999994,74.33434309309307,43.141614441737964,-2.6748827958539407
19379.997,72.74773648648647,43.14340184284926,-2.671534569011275
19655.402999999995,73.78154279279278,43.14317422866511,-2.6733538129859604
19802.668999999994,74.33434309309307,43.14294658211926,-2.675173044458473
20406.534999999993,76.60110735735732,43.143595567999384,-2.6809210487395356
20328.480999999992,76.30811186186182,43.1438233176141,-2.6791018152039814
19934.533999999992,74.8293318318318,43.14405103486739,-2.6772825691603783
20540.576999999994,77.10426801801799,43.14492768494112,-2.681211451187327
20492.628999999994,76.92428303303299,43.14515544054205,-2.679392178070521
18169.555999999986,68.20403903903897,43.14538316378074,-2.67757289244451
18121.735999999986,68.02453453453447,43.14671528995224,-2.677863233281094
21204.726,79.59731981981982,43.14625979914023,-2.6815018711920584
21204.726,79.59731981981982,43.146487560727735,-2.6796825584917574
18121.735999999986,68.02453453453447,43.1480474133819,-2.678153591671581
20590.112999999998,77.29021396396395,43.142912124990154,-2.686378674282118
20590.112999999998,77.29021396396395,43.14336778602358,-2.6827402697654588
20590.112999999998,77.29021396396395,43.143139971687056,-2.684559478280174
20540.576999999994,77.10426801801799,43.144699896978324,-2.6830307117933514
,,43.14424422396851,-2.6866691954667377
20590.112999999998,77.29021396396395,43.144472076654,-2.6848499598870115
20604.760999999995,77.34519894894893,43.14603200519005,-2.6833211713804195
,,43.14557632020312,-2.68695973421503
,,43.145804178877555,-2.6851404590552734
21204.726,79.59731981981982,43.14736411065885,-2.683611648528132
,,43.14002005172263,-2.6876167889391107
,,43.139564220490186,-2.691254960078764
,,43.140896306988,-2.6915455648533833
,,43.14135215020008,-2.687907314572903
,,43.141124244773295,-2.689726445971321
,,43.142684245933246,-2.6881978577697034
,,43.142228390740776,-2.6918361871954977
,,43.14245633451667,-2.69001702874135
,,43.14401633892223,-2.688488418530953
,,43.143560471748664,-2.692126827106547
,,43.14378842151548,-2.690307629078087
17112.921,64.23769144144143,43.14489255001165,-2.69241748458801
,,43.145348429167086,-2.688778996858124
17112.921,64.23769144144143,43.145120505769825,-2.690598246982976
17112.921,64.23769144144143,43.14622462552989,-2.692708159641327
17112.921,64.23769144144143,43.146680516667914,-2.6890695927526624
17112.921,64.23769144144143,43.14645258727973,-2.6908888824574815
16879.785,63.362556306306296,43.148012601424774,-2.6893602062160316
16879.785,63.362556306306296,43.147784666045325,-2.691179535503054
16879.785,63.362556306306296,43.14911674206667,-2.691470206121158
17248.057999999994,64.74496246246242,43.14934468343777,-2.6896508372496757
16268.938999999997,61.069590840840824,43.15044881534383,-2.691760894313241
17350.817999999996,65.13069819819817,43.150676762706944,-2.6899414858550603
16879.785,63.362556306306296,43.15022083561665,-2.693580290246981
16062.229999999994,60.293656156156125,43.151552900156545,-2.6938710356022924
16268.938999999997,61.069590840840824,43.152008839232394,-2.69023215203364
16062.229999999994,60.293656156156125,43.15178088587688,-2.6920516000807635
16285.305999999995,61.1310285285285,43.15334091301419,-2.690522835786871
19686.715999999993,73.89908408408405,43.14450637228818,-2.673644039555312
19686.715999999993,73.89908408408405,43.144733992455016,-2.67182475599701
19900.191999999995,74.7004204204204,43.14427871975886,-2.6754633106102936
17919.224999999988,67.26435810810806,43.145838513170034,-2.673934283671171
17862.423999999988,67.05114114114109,43.145610854656866,-2.675753594310868
17919.224999999988,67.26435810810806,43.14606613931991,-2.672114960526997
17919.224999999988,67.26435810810806,43.14739828344404,-2.672405182602701
17919.224999999988,67.26435810810806,43.14717065131074,-2.674224545334989
17862.423999999988,67.05114114114109,43.14694298681336,-2.6760438955616475
,,43.14873042482746,-2.672695422225573
17862.423999999988,67.05114114114109,43.14850278671037,-2.6745148245482206
17862.423999999988,67.05114114114109,43.14827511622838,-2.6763342143640805
,,43.14983491936899,-2.67480512131232
,,43.15006256347024,-2.672985679397069
,,43.149607242902064,-2.6766245507196307
,,43.151167049286684,-2.6750954356287435
,,43.15139469937248,-2.6732759541186426
17261.324999999993,64.79476351351349,43.15093936683444,-2.676914904629749
,,43.15249917646355,-2.6753857674989443
,,43.15272683253424,-2.6735662463917502
,,43.14690841369407,-2.687250290528448
,,43.147136278357834,-2.6854309757864114
,,43.148696213384795,-2.6839021432379333
17248.057999999994,64.74496246246242,43.148240504441425,-2.687540864408451
17248.057999999994,64.74496246246242,43.148468375094886,-2.68572151008189
17248.057999999994,64.74496246246242,43.14957259244525,-2.687831455856486
16622.774999999998,62.39780405405404,43.150028313367976,-2.6841926555112834
17451.612999999994,65.50905780780778,43.149800469088774,-2.6860120619431607
17350.817999999996,65.13069819819817,43.150904677705654,-2.6881220648740154
16622.774999999998,62.39780405405404,43.151360410608476,-2.6844831853496385
21204.726,79.59731981981982,43.147591910596766,-2.681792308755183
21204.726,79.59731981981982,43.14781967817123,-2.679972956469138
21204.726,79.59731981981982,43.14915179287263,-2.6802633720041236
17261.324999999993,64.79476351351349,43.14937953406982,-2.6784439676174254
21204.726,79.59731981981982,43.14892401931083,-2.6820827638781517
17261.324999999993,64.79476351351349,43.15048390483199,-2.680553805098168
17261.324999999993,64.79476351351349,43.15071165201609,-2.6787343611200836
17261.324999999993,64.79476351351349,43.150256125282496,-2.682373236562429
17261.324999999993,64.79476351351349,43.151816014049395,-2.6808442557527288
17261.324999999993,64.79476351351349,43.15158822851184,-2.6826637268094617
16544.150999999994,62.102668918918894,43.15113256033962,-2.686302631371684
16603.575999999997,62.32573573573572,43.15223676022271,-2.6884126914624935
16622.774999999998,62.39780405405404,43.15269250510632,-2.6847737327544543
16622.774999999998,62.39780405405404,43.15246464884747,-2.686593218368909
16446.506999999994,61.73613738738736,43.15356883999648,-2.688703335623383
16482.412999999997,61.870919669669654,43.15402459686166,-2.685064297727184
16482.412999999997,61.870919669669654,43.153796734612435,-2.6868838229362932
16533.325999999997,62.06203453453452,43.15490091702704,-2.688993997358135
16459.027,61.783134384384375,43.155356685874544,-2.685354880269286
16533.325999999997,62.06203453453452,43.15512881763454,-2.687174445075299
17261.324999999993,64.79476351351349,43.15204376722077,-2.6790247721810085
17261.324999999993,64.79476351351349,43.15292032899893,-2.682954234620709
17261.324999999993,64.79476351351349,43.15337587968394,-2.6793152008016583
17261.324999999993,64.79476351351349,43.153148120524925,-2.6811347239692553
,,43.15425242674387,-2.683244759997628
17174.305999999993,64.46811561561559,43.1547079894057,-2.679605646983492
16985.488999999998,63.75934309309308,43.15448022425868,-2.681425209749204
16985.488999999998,63.75934309309308,43.15581232525069,-2.6817157130940386
16732.715999999997,62.81049549549548,43.15558452174672,-2.6835353029416797
17174.305999999993,64.46811561561559,43.15604009638612,-2.6798961107279546
17261.324999999993,64.79476351351349,43.1522714880256,-2.6772052760958887
,,43.153831300899654,-2.675676116924375
17771.29799999999,66.70907657657654,43.15405896295561,-2.67385655621784
,,43.153603606475635,-2.6774956651195105
17378.334,65.23398648648647,43.15516342259506,-2.6759664839064974
17771.29799999999,66.70907657657654,43.15539109063667,-2.6741468835983726
17378.334,65.23398648648647,43.15493572218461,-2.6777860717020623
17378.334,65.23398648648647,43.156495541549866,-2.676256868446761
17174.305999999993,64.46811561561559,43.156267835152626,-2.6780764958450067
17953.22599999999,67.39198948948946,43.1567232155775,-2.674437228534805
16985.488999999998,63.75934309309308,43.157144423501066,-2.68200623400521
16732.715999999997,62.81049549549548,43.15691661400756,-2.6838258634543064
17061.880999999998,64.04609984984984,43.15737220062525,-2.6801865920365184
16732.715999999997,62.81049549549548,43.15824870352645,-2.6841164415369736
17165.256999999994,64.43414789789787,43.15870430212319,-2.6804770909106197
17027.171,63.915807057057044,43.15847651900989,-2.6822967724841815
16775.931999999997,62.9727177177177,43.1595807903035,-2.6844070371911424
17202.743999999995,64.57486486486485,43.16003640088002,-2.680767607351731
17027.171,63.915807057057044,43.15980861177721,-2.6825873285323922
16775.931999999997,62.9727177177177,43.16091287433879,-2.6846976504182583
17463.793999999998,65.55478228228226,43.15782765776415,-2.6765472705466284
17953.22599999999,67.39198948948946,43.15805533777817,-2.6747275910285926
17292.188999999995,64.91061936936934,43.15759994537972,-2.6783669375497934
17953.22599999999,67.39198948948946,43.15938745723874,-2.6750179710811843
17165.256999999994,64.43414789789787,43.158932052866,-2.6786573968178855
17292.188999999995,64.91061936936934,43.159159771237974,-2.67683769020755
17202.743999999995,64.57486486486485,43.16026415761155,-2.6789478736507353
17202.743999999995,64.57486486486485,43.160491881971424,-2.677128127430979
19278.613999999994,72.36716966966965,43.16071957395932,-2.6753083686940435
17783.201999999987,66.7537612612612,43.16205168793998,-2.6755987838686233
16459.027,61.783134384384375,43.156688772145046,-2.68564548038222
16282.744999999994,61.12141516516513,43.15623299131449,-2.6892846766682035
16459.027,61.783134384384375,43.1564608979139,-2.6874650847873798
16475.291999999998,61.84418918918917,43.1577929754506,-2.68775574207399
16282.744999999994,61.12141516516513,43.1575650628589,-2.6895753735550487
16830.215999999997,63.17648648648647,43.158020855673236,-2.685936098067438
16305.977999999994,61.2086261261261,43.15889713166033,-2.689866088020131
16475.291999999998,61.84418918918917,43.159125050244704,-2.6880464169365883
16775.931999999997,62.9727177177177,43.1593529364592,-2.6862267333263965
16589.773999999994,62.2739264264264,43.16022919771889,-2.6901568200648973
16120.387999999994,60.51196696696694,43.153112953665925,-2.692342323425185
15804.369999999994,59.32571321321318,43.15288496195203,-2.6941617985367436
15804.369999999994,59.32571321321318,43.15444501871102,-2.6926330643479583
16533.325999999997,62.06203453453452,43.154672984052425,-2.690813537116211
15804.369999999994,59.32571321321318,43.15421702100322,-2.694452579051796
15686.469999999996,58.88314564564563,43.155777081012275,-2.6929238228505374
16086.958999999993,60.3864827327327,43.15600505234717,-2.691104256023116
15686.469999999996,58.88314564564563,43.15554907731018,-2.6947433771489027
15664.651999999995,58.80124624624622,43.156881130872954,-2.695034192829517
16108.084999999994,60.4657845345345,43.157109140569716,-2.693214598934392
16086.958999999993,60.3864827327327,43.157337117898486,-2.6913949925090415
15664.651999999995,58.80124624624622,43.15821318169167,-2.6953250260951083
16324.114999999996,61.27670795795794,43.15844119738347,-2.693505392600966
16291.412999999995,61.153952702702675,43.15866918070647,-2.6916857465754442
15664.651999999995,58.80124624624622,43.15954522976638,-2.695615876947123
16421.790999999997,61.64335960960959,43.160001240771194,-2.6919765182237922
16324.114999999996,61.27670795795794,43.15977325145358,-2.6937962038517247
,,43.16087727509717,-2.6959067453870245
16589.773999999994,62.2739264264264,43.16133329809275,-2.692267307455528
16589.773999999994,62.2739264264264,43.16110530278014,-2.6940870326881194
15664.651999999995,58.80124624624622,43.15665308880856,-2.696853774192845
15664.651999999995,58.80124624624622,43.15798513363145,-2.6971446470562914
15487.935999999996,58.13789789789788,43.15908908928468,-2.6992551855340094
15487.935999999996,58.13789789789788,43.159317175709965,-2.6974355375084103
,,43.16396088821643,-2.7040586569370144
15487.935999999996,58.13789789789788,43.16042112262154,-2.6995461331774453
15487.935999999996,58.13789789789788,43.16064921504418,-2.6977264455506624
,,43.161525022423376,-2.7016568131053664
,,43.161753153213844,-2.699837098414724
,,43.161981251634195,-2.6980173711844984
,,43.16331328548006,-2.6983083144113866
,,43.162857044272265,-2.7019478355424598
,,43.16308518106161,-2.7001280812472914
,,43.16418906337636,-2.702238875578551
,,43.164417206164934,-2.7004190816766123
16451.411000000004,61.754545795795806,43.12878040887239,-2.657140816061511
16876.75600000001,63.35118618618621,43.13033994914543,-2.6556116591798626
16791.967,63.03290915915916,43.129885272954034,-2.659249438871873
16709.154,62.72204954954954,43.13011262722748,-2.657430555265096
17048.614000000005,63.99629879879881,43.13144484284301,-2.6577203119820476
17798.231000000007,66.81017642642645,43.13121748259568,-2.659539235154674
16956.875000000007,63.65193318318321,43.13167217073403,-2.6559013763298087
17798.231000000007,66.81017642642645,43.13254968949744,-2.6598290489545375
17458.54200000001,65.5350675675676,43.13300438958349,-2.6561911109923213
17798.231000000007,66.81017642642645,43.13277705571901,-2.6580100862138134
16328.056000000006,61.29150150150152,43.129462259642516,-2.651684209074468
16613.757,62.363952702702704,43.13079449591339,-2.651973829580317
16523.533000000003,62.02527402402403,43.13056723870751,-2.6537927506177463
16613.757,62.363952702702704,43.13102172076268,-2.6501548960691537
16868.804000000007,63.32133633633636,43.13235396026579,-2.6504444945111736
16671.922000000002,62.58228978978979,43.13189946626841,-2.6540824281995326
16723.522,62.775983483483486,43.13212672944577,-2.652263467592796
16816.456000000006,63.12483483483485,43.133231691090536,-2.654372123291647
16950.852000000006,63.629324324324344,43.13368619703087,-2.6507341104590334
16881.369000000006,63.36850225225227,43.13345896023977,-2.6525531231133614
17163.307000000008,64.4268280780781,43.12809826690979,-2.6625973107527727
17642.729000000007,66.22646021021022,43.128975532312204,-2.666524848482846
17163.307000000008,64.4268280780781,43.129657886325425,-2.6610683099986057
17642.729000000007,66.22646021021022,43.129203016004155,-2.6647060148056703
17163.307000000008,64.4268280780781,43.12943046734201,-2.662887168643735
17774.108000000004,66.71962462462463,43.13030771805045,-2.6668148030175507
17356.284000000007,65.15121621621624,43.13076266503353,-2.6631770440547857
17774.108000000004,66.71962462462463,43.13053520771943,-2.664995929779127
17092.183000000008,64.15984609609612,43.13099008999241,-2.6613581458461155
17306.09500000001,64.9628190690691,43.132322290919134,-2.6616479992129207
17356.284000000007,65.15121621621624,43.13209485998445,-2.66346693698739
18128.957000000006,68.0516403903904,43.13163990104734,-2.6671047750782853
17944.869000000006,67.36061936936939,43.13186739669373,-2.665285862276372
17549.573000000008,65.87677552552555,43.13342705219481,-2.6637568474429942
17657.657000000007,66.28249624624627,43.13365448910568,-2.6619378701004806
18128.957000000006,68.0516403903904,43.13297208130297,-2.6673947646665033
18088.653000000006,67.90034909909912,43.133199582927126,-2.665575812298855
18491.721000000005,69.41336711711713,43.13453176641968,-2.6658657798480347
18410.792000000005,69.10957957957959,43.13475924166473,-2.664046775423036
17707.805000000004,66.4707394894895,43.13498668455216,-2.6622277585102543
17365.64300000001,65.18634759759763,43.1343366056939,-2.6564808631688615
17657.657000000007,66.28249624624627,43.1338818936594,-2.660118880272909
17617.941000000006,66.13341216216217,43.13410926585559,-2.6582998779618414
17245.357000000007,64.73482357357359,43.135668819065316,-2.6567706328608685
17671.23900000001,66.33347972972976,43.13544147325282,-2.658589687227593
17617.941000000006,66.13341216216217,43.13521409508165,-2.6604087291112433
17652.784000000007,66.26420420420422,43.136773677910774,-2.658879514012508
17360.254000000008,65.16611861861864,43.137001029697835,-2.657060420069809
17903.393000000004,67.20492867867868,43.13654629376425,-2.6606985954709907
17768.306000000004,66.69784534534536,43.13833323759153,-2.65735022479712
16984.372000000007,63.755150150150165,43.13456391317398,-2.6546618358955394
16950.852000000006,63.629324324324344,43.13501843105799,-2.6510237439141813
16942.519000000008,63.59804429429432,43.13479118829546,-2.6528427961434526
17299.47800000001,64.9379804804805,43.1358961325188,-2.654951566012659
17403.459000000003,65.32829954954956,43.13635066234724,-2.651313394878067
17142.627000000008,64.34920045045048,43.13612341361289,-2.653132486684538
17319.861000000008,65.01449324324327,43.13768289089872,-2.6516030633521512
17621.083000000002,66.14520645645646,43.13722834912509,-2.6552413136444635
17403.459000000003,65.32829954954956,43.13745563619218,-2.6534221947380514
17536.607000000004,65.82810435435437,43.13856056299293,-2.6555310787924
18731.812000000005,70.31460960960962,43.13430425881739,-2.667684771783659
18410.792000000005,69.10957957957959,43.136091428394245,-2.664336720928991
17767.203000000005,66.69370495495497,43.136318877258624,-2.6625176644436754
18790.383000000005,70.53447072072073,43.13586394717148,-2.6661557649253593
18604.412000000008,69.8363813813814,43.135636433590676,-2.667974796431201
18443.287000000008,69.23155780780783,43.13719612518262,-2.6664457675322795
18040.220000000005,67.71854354354356,43.13765106722517,-2.6628075879022104
18163.503000000004,68.18131756756758,43.13742361238349,-2.664626683962295
18511.072000000004,69.48600600600601,43.13696860562293,-2.668264838610589
18741.059000000005,70.34932057057058,43.13830077491422,-2.6685548983232685
18036.321000000007,67.70390765765768,43.13787848970729,-2.660988479353605
17929.870000000006,67.30431681681684,43.13810587982954,-2.6591693583180476
17915.197000000004,67.249237987988,43.13943807900919,-2.6594592201456577
18036.681000000004,67.70525900900901,43.13921068291085,-2.6612783807605327
18189.244000000006,68.27794294294296,43.13966544274648,-2.657640047044265
18449.198000000004,69.25374624624625,43.14099764516278,-2.6579298868126804
17915.197000000004,67.249237987988,43.14077027544981,-2.659749099496799
18036.681000000004,67.70525900900901,43.14054287337501,-2.661568299693235
18901.874999999996,70.95298423423422,43.14210246915146,-2.660038996372912
18901.874999999996,70.95298423423422,43.142329844840475,-2.6582197441038375
17237.861000000008,64.70668543543546,43.13901511671248,-2.6518927493378737
17384.650000000005,65.25769519519521,43.13878785603335,-2.6537119203054553
17875.100000000006,67.09872372372374,43.14012007313655,-2.654001663388201
17506.685000000005,65.71578453453455,43.13989277412239,-2.655820861457913
17371.528000000002,65.20843843843844,43.14034733978858,-2.6521824528366906
17875.100000000006,67.09872372372374,43.1414522875018,-2.654291423987734
18449.198000000004,69.25374624624625,43.141224982513556,-2.6561106616424692
17356.16800000001,65.1507807807808,43.14167956012714,-2.6524721738500516
18449.198000000004,69.25374624624625,43.14255718816651,-2.6564004793475124
17275.978000000006,64.84976726726728,43.14301177772822,-2.65276191237941
18436.612000000005,69.2065015015015,43.13898325445184,-2.6630975288873087
18911.606999999996,70.98951576576574,43.138528300453174,-2.6667357876702504
18339.973000000005,68.84374249249251,43.13875579363249,-2.6649166645244087
18534.398,69.57356606606605,43.139860472983194,-2.667025825340727
18911.606999999996,70.98951576576574,43.139632941464626,-2.668844975570694
18534.398,69.57356606606605,43.14008797214136,-2.6652066626167783
18339.973000000005,68.84374249249251,43.14031543893874,-2.6633874874004215
19135.316999999995,71.829268018018,43.14119264277279,-2.66731588054516
18833.894999999993,70.69780405405403,43.14164762068596,-2.6636774634429994
18991.427999999996,71.28914414414412,43.14096510527423,-2.6691350703543275
14972.959000000006,56.20480105105107,43.13150606470234,-2.635313714764056
15410.994000000006,57.8490765765766,43.13261138869392,-2.6374220123588468
15218.723000000005,57.12733858858861,43.13283835467788,-2.635602979114555
15218.723000000005,57.12733858858861,43.13306528830208,-2.6337839334107107
15282.572000000007,57.36701201201204,43.134170641918246,-2.635892260951479
15482.873000000007,58.11889264264266,43.133943669969895,-2.6377113337754383
15282.572000000007,57.36701201201204,43.13439758150603,-2.6340731756668228
15356.143000000007,57.64317942942945,43.13550292642354,-2.636181560276285
15356.143000000007,57.64317942942945,43.13572987197529,-2.63436243540857
15356.143000000007,57.64317942942945,43.13527594851043,-2.63800067268215
17829.41700000001,66.92724099099102,43.13014381921061,-2.646227489834181
15778.737000000006,59.22949324324326,43.13124891325504,-2.6483359500858348
15778.737000000006,59.22949324324326,43.13170320116757,-2.644698020709021
15778.737000000006,59.22949324324326,43.131476073390125,-2.64651699163193
16868.804000000007,63.32133633633636,43.13258115872809,-2.6486255089562434
15778.737000000006,59.22949324324326,43.133035458578085,-2.6449875004327605
15778.737000000006,59.22949324324326,43.13280832483228,-2.6468065109295793
16868.804000000007,63.32133633633636,43.133913401463445,-2.648915085330245
,,43.134140573537174,-2.647096047728578
17554.010000000002,65.89343093093093,43.13436771325167,-2.645276997655604
16950.852000000006,63.629324324324344,43.135245641461246,-2.649204679209296
17554.010000000002,65.89343093093093,43.135472819504834,-2.6473856020303788
17554.010000000002,65.89343093093093,43.13569996518842,-2.6455665123790015
17112.192000000006,64.23495495495497,43.13657787872153,-2.6494942905948458
16962.81500000001,63.67423048048052,43.137032214388405,-2.645856044604404
17168.575000000008,64.44660285285288,43.13680506273537,-2.6476751738364315
17168.575000000008,64.44660285285288,43.13813730322885,-2.6479647631481824
16882.69600000001,63.37348348348352,43.138364460851705,-2.646145594333269
17538.183000000005,65.83402027027029,43.1379101132444,-2.649783919488335
16507.58600000001,61.965412912912946,43.139696704578384,-2.6464351615670347
16601.823000000008,62.31915540540543,43.13638120807559,-2.6401091686058855
17554.010000000002,65.89343093093093,43.13615415947415,-2.641928295665178
17554.010000000002,65.89343093093093,43.13592707851164,-2.643747410256744
16601.823000000008,62.31915540540543,43.13771347517918,-2.640398582082448
17554.010000000002,65.89343093093093,43.13725933368029,-2.6440369029003503
16601.823000000008,62.31915540540543,43.13748642061067,-2.6422177487258383
16279.959000000006,61.11095720720722,43.13859158611262,-2.64432641304517
16674.259000000005,62.59106231231233,43.13881867901123,-2.642507219285465
16601.823000000008,62.31915540540543,43.1390457395472,-2.6406880130557275
16279.959000000006,61.11095720720722,43.14015093467592,-2.6427967073455076
15356.143000000007,57.64317942942945,43.13683520819383,-2.6364708770904195
15356.143000000007,57.64317942942945,43.13706215970993,-2.634651712637402
15356.143000000007,57.64317942942945,43.1366082243156,-2.6382900290804416
15356.143000000007,57.64317942942945,43.13816748722921,-2.636760211395337
15100.592000000008,56.683903903903925,43.138394444710016,-2.634941007354765
16601.823000000008,62.31915540540543,43.13794049738547,-2.6385794029717538
16601.823000000008,62.31915540540543,43.13927276772014,-2.6388687943575415
16160.413000000008,60.66221096096099,43.13949976352975,-2.637049563192478
15406.216000000008,57.83114114114117,43.13972672697563,-2.6352303195621145
16160.413000000008,60.66221096096099,43.14060503531969,-2.639158203239254
16431.209000000006,61.67871246246248,43.1399238358087,-2.64461594069265
16674.259000000005,62.59106231231233,43.140378001179705,-2.64097746152718
17038.75000000001,63.9592717717718,43.14148318760484,-2.6430862129074124
16642.484000000008,62.47178678678681,43.14125608276864,-2.6449054858442422
17038.75000000001,63.9592717717718,43.1417102600768,-2.641266927498256
16731.427000000007,62.80565690690693,43.142588326992474,-2.6451950485013964
16368.288000000008,61.442522522522545,43.14304251623855,-2.6415564109703964
16571.945000000007,62.20700075075077,43.14281543779803,-2.6433757359726373
17200.656000000006,64.56702702702704,43.14392056848032,-2.645484628665565
16442.638000000006,61.72161411411413,43.144374769665056,-2.641845911945062
16160.413000000008,60.66221096096099,43.140832037095514,-2.6373389324832974
15406.216000000008,57.83114114114117,43.14105900650686,-2.6355196492608943
16086.566000000006,60.38500750750753,43.141937300184175,-2.6394476296183376
16086.566000000006,60.38500750750753,43.14216430792661,-2.6376283192692482
15972.811000000005,59.95799924924926,43.14239128330377,-2.6358089964525586
16368.288000000008,61.442522522522545,43.143269562313705,-2.6397370734962506
16086.566000000006,60.38500750750753,43.14349657602312,-2.637917723551778
15972.811000000005,59.95799924924926,43.14372355736644,-2.6360983611385467
16442.638000000006,61.72161411411413,43.144601821708335,-2.6400265348744365
15972.811000000005,59.95799924924926,43.14482884138506,-2.6382071453323297
16791.094000000005,63.02963213213214,43.139469540985345,-2.6482543699670855
17505.012000000002,65.70950450450451,43.13924234502993,-2.650073565891228
17207.77800000001,64.59376126126129,43.14080177600494,-2.6485439942945934
17505.012000000002,65.70950450450451,43.140574574078165,-2.6503632298049618
16834.761000000006,63.193547297297314,43.14102894556855,-2.6467247463071617
16834.761000000006,63.193547297297314,43.14236118382226,-2.647014348555095
17057.06100000001,64.02800675675678,43.14213400828772,-2.6488336361321556
17207.77800000001,64.59376126126129,43.14190680038923,-2.650652911230998
17057.06100000001,64.02800675675678,43.14346623783377,-2.6491232954812203
17275.978000000006,64.84976726726728,43.143239023963204,-2.650942610170787
15972.811000000005,59.95799924924926,43.145055828694964,-2.6363877433203267
16851.48000000001,63.25630630630634,43.145934078368136,-2.6403160137543473
16977.122,63.727935435435434,43.146161104012606,-2.6384965846123682
16977.122,63.727935435435434,43.14638809728941,-2.636677142999335
17073.78400000001,64.09078078078082,43.147266332293206,-2.640605510137436
16977.122,63.727935435435434,43.14749336390578,-2.6387860413933315
16977.122,63.727935435435434,43.14772036314987,-2.6369665601770254
16722.043,62.77043168168168,43.148825621064645,-2.6390755156766796
16974.696,63.71882882882882,43.14859858348363,-2.640895024025154
16722.043,62.77043168168168,43.1490526262764,-2.6372559948548484
17200.656000000006,64.56702702702704,43.144147685255604,-2.6436652765426296
16851.48000000001,63.25630630630634,43.14570702035636,-2.642135430423697
17169.77600000001,64.45111111111115,43.14525280723225,-2.6457742263382
17224.640000000007,64.65705705705707,43.145479929977604,-2.643954834618841
17073.78400000001,64.09078078078082,43.14703926831255,-2.6424249664077575
17013.435000000012,63.86424549549554,43.14681217196414,-2.6442444102027216
17222.527,64.64912537537536,43.14658504324834,-2.6460638415207494
17058.177,64.03219594594594,43.148371513533725,-2.642714519898695
16919.113999999998,63.510187687687676,43.14814441121529,-2.6445340032957243
17222.527,64.64912537537536,43.14791727652866,-2.6463534742146657
15667.712000000007,58.812732732732755,43.14173972055026,-2.630061724810763
15406.216000000008,57.83114114114117,43.14128594355332,-2.63370035357362
15798.301000000007,59.3029316816817,43.14307201523987,-2.630350953212659
15711.590000000007,58.97743993993996,43.142845136960744,-2.632170313422685
15711.590000000007,58.97743993993996,43.142618226315264,-2.6339896611698417
15798.301000000007,59.3029316816817,43.14440430719636,-2.6306401991021473
15972.811000000005,59.95799924924926,43.14395050634333,-2.634278986258154
15711.590000000007,58.97743993993996,43.14417742295341,-2.6324595989121584
15807.010000000006,59.33562312312314,43.145736596419795,-2.6309294624806787
16368.348000000005,61.44274774774776,43.14528278363761,-2.6345683288399955
14942.431000000002,56.090206456456464,43.14576493292401,-2.619723538586119
14998.795000000002,56.30178303303304,43.146643833561775,-2.623651580211601
14785.976999999999,55.50291666666666,43.147097257915924,-2.6200125643270997
15137.747000000001,56.82337462462463,43.14687056192388,-2.6218320784972007
14763.882,55.419977477477474,43.148429580177066,-2.620301607545086
14955.428000000002,56.13899399399399,43.14797614390255,-2.6239407026512036
14998.795000000002,56.30178303303304,43.148202878225234,-2.6221211613265636
14656.971,55.01865990990991,43.14930845151188,-2.624229842573748
14763.882,55.419977477477474,43.14976189970754,-2.62059066824153
14680.368,55.10648648648648,43.14953519179554,-2.6224102616366376
16368.348000000005,61.44274774774776,43.145509706212664,-2.63274890189292
16368.348000000005,61.44274774774776,43.146615058198186,-2.6348576889168265
16368.348000000005,61.44274774774776,43.1468419867386,-2.6330382223664235
15807.010000000006,59.33562312312314,43.14706888291027,-2.631218743349698
16021.598000000005,60.14113363363365,43.14817426453125,-2.633327560334113
15962.095000000007,59.91777402402405,43.14840116666784,-2.6315080417106618
16977.122,63.727935435435434,43.14794733002514,-2.635147066490092
16708.910000000003,62.72113363363364,43.14950653959073,-2.6336169157974387
15570.418000000005,58.44751501501503,43.149733447692626,-2.6317973575650164
16708.910000000003,62.72113363363364,43.14927959911855,-2.635436461561243
15466.789000000006,58.058517267267284,43.146417072829976,-2.6254710694687327
15807.010000000006,59.33562312312314,43.14752257814598,-2.627579747923614
15807.010000000006,59.33562312312314,43.14729574671284,-2.629399251868238
14900.128000000002,55.93141141141142,43.147749377209344,-2.6257602315174107
15570.418000000005,58.44751501501503,43.14862803643456,-2.6296885106213215
15165.296000000004,56.9267867867868,43.14908167885692,-2.6260494110512886
15165.296000000004,56.9267867867868,43.14885487383103,-2.627868967067673
15165.296000000004,56.9267867867868,43.150187166784015,-2.6281582037006253
15570.418000000005,58.44751501501503,43.14996032342382,-2.629977786865552
15165.296000000004,56.9267867867868,43.150413977772814,-2.6263386080718134
14746.405999999999,55.35437687687686,43.150640756389905,-2.6245189999807006
14549.006,54.61338588588588,43.15109421650743,-2.62087974641787
14491.367,54.39702327327327,43.15086750263488,-2.6226993794288602
14585.274,54.74952702702702,43.15197305853666,-2.624808174873502
14335.841,53.81321696696696,43.15242653057678,-2.621168842075573
14426.839,54.15480105105105,43.15219981074333,-2.6229885147046823
14611.253999999999,54.84704954954954,43.15330535795222,-2.6250973672535967
14359.677,53.90269144144143,43.15375884191572,-2.6214579552160777
14611.253999999999,54.84704954954954,43.15353211612099,-2.6232776674655622
15608.604000000005,58.59085585585587,43.15463765463671,-2.625386577122448
16708.910000000003,62.72113363363364,43.150838811917126,-2.633906288757857
16168.386000000004,60.69213963963965,43.15106572598465,-2.6320866909142095
16708.910000000003,62.72113363363364,43.150611865478474,-2.6357258741317326
16168.386000000004,60.69213963963965,43.15217108151048,-2.6341956792168153
16168.386000000004,60.69213963963965,43.152398001544036,-2.6323760417596977
16302.858000000004,61.19691441441442,43.15194412910502,-2.6360153042030072
16302.858000000004,61.19691441441442,43.153276389998254,-2.636304751776525
15817.349000000006,59.3744331831832,43.15373027437085,-2.6326654101029305
16168.386000000004,60.69213963963965,43.15350334837089,-2.6344850871757615
16127.534000000005,60.538791291291304,43.154608648158245,-2.6365942168537315
15570.418000000005,58.44751501501503,43.15129260768073,-2.630267080602372
15165.296000000004,56.9267867867868,43.15174627395707,-2.6266278225804385
15165.296000000004,56.9267867867868,43.15151945700497,-2.6284474578239267
15869.089000000005,59.56865240240242,43.15262488920535,-2.6305563918332435
15869.089000000005,59.56865240240242,43.15307856740979,-2.6269170545786134
15869.089000000005,59.56865240240242,43.15285174449406,-2.6287367294390167
15869.089000000005,59.56865240240242,43.15395716799776,-2.630845720559604
15785.802000000005,59.25601351351352,43.15441085813105,-2.6272063040677804
15869.089000000005,59.56865240240242,43.15418402925127,-2.6290260185473615
15785.802000000005,59.25601351351352,43.15551631127675,-2.6293153251503996
14372.829,53.952060810810806,43.15509115052428,-2.6217470858408283
14611.253999999999,54.84704954954954,43.1548644187679,-2.6235668377129415
15608.604000000005,58.59085585585587,43.15596994859017,-2.6256758044815
14736.788,55.31827327327327,43.156423456402564,-2.6220362339512864
14672.127999999999,55.075555555555546,43.15619671868417,-2.6238560254482652
14764.987000000001,55.424125375375375,43.15775575955066,-2.622325399548895
15383.167000000005,57.74462087087088,43.15730223981269,-2.6259650493321964
14764.987000000001,55.424125375375375,43.15752901586987,-2.6241452306729967
15279.405000000004,57.355123873873886,43.158634528304354,-2.626254311675999
14398.860999999999,54.04977852852851,43.159088059968624,-2.622614582635106
15853.872000000005,59.511531531531546,43.15483561249844,-2.6347745126361546
15860.236000000004,59.53542042042044,43.15506254446516,-2.6329547959453565
15785.917000000005,59.256445195195205,43.15616787389322,-2.63506395559944
15604.889000000005,58.57691066066067,43.15639481182706,-2.633244199288425
,,43.15594090358508,-2.636883699436076
15998.519000000006,60.05450075075077,43.15727315627887,-2.637173199525015
15604.889000000005,58.57691066066067,43.15772707645664,-2.633533620133589
15604.889000000005,58.57691066066067,43.15750013255528,-2.6353534160670713
15651.088000000005,58.75033033033035,43.15860540623964,-2.6374627171219984
15651.088000000005,58.75033033033035,43.15883238848472,-2.635642894040487
15860.236000000004,59.53542042042044,43.15528944405805,-2.6311350667829094
15608.604000000005,58.59085585585587,43.155743146120905,-2.627495571049403
15465.101000000004,58.052180930930945,43.156621717386294,-2.6314244305046146
15465.101000000004,58.052180930930945,43.15684859057055,-2.6296046492495857
15608.604000000005,58.59085585585587,43.157075431379454,-2.6277848555249212
15465.101000000004,58.052180930930945,43.15795398798258,-2.631713811726164
15235.552000000003,57.19051051051052,43.15840771390678,-2.6280741574957873
15465.101000000004,58.052180930930945,43.15818086713274,-2.6298939908463703
15279.294000000005,57.35470720720722,43.159513140963426,-2.6301833499422065
15279.294000000005,57.35470720720722,43.15973999370297,-2.6283634769634556
18565.441000000003,69.69009384384385,43.14142014791014,-2.6654966782408556
18833.894999999993,70.69780405405403,43.14297979969355,-2.663967457016499
19135.316999999995,71.829268018018,43.14252480982203,-2.6676059532850025
18755.374,70.40305555555554,43.14275232093896,-2.6657867113981046
19042.795,71.4819632132132,43.14229726634309,-2.669425182675608
18875.256999999998,70.8530668168168,43.14385697413099,-2.667896043561709
18838.358999999997,70.7145608108108,43.144084491227865,-2.666076762089973
19063.556999999997,71.55989864864863,43.14362942467134,-2.669715312536002
18833.894999999993,70.69780405405403,43.14431197596159,-2.6642574681223694
19063.556999999997,71.55989864864863,43.14496158025899,-2.670005459936952
18901.874999999996,70.95298423423422,43.14187506109984,-2.6618582361531615
18901.874999999996,70.95298423423422,43.14366204177966,-2.6585096189191777
18833.894999999993,70.69780405405403,43.143207246085424,-2.662148190141756
18901.874999999996,70.95298423423422,43.143434660114245,-2.660328910775455
18833.894999999993,70.69780405405403,43.14453942833184,-2.662438161660485
18901.874999999996,70.95298423423422,43.14476684833824,-2.660618842705885
18901.874999999996,70.95298423423422,43.14499423598043,-2.658799511260153
18215.126000000004,68.37509759759762,43.146099033823496,-2.6609087921656505
,,43.14587160783915,-2.6627281507107914
18215.126000000004,68.37509759759762,43.14632642744284,-2.6590894211282174
17508.427000000003,65.72232357357358,43.142784499129206,-2.6545812021055095
18901.874999999996,70.95298423423422,43.14388939108132,-2.656690314574492
17508.427000000003,65.72232357357358,43.1443439925919,-2.653051668426215
17508.427000000003,65.72232357357358,43.14411670801884,-2.654870997742977
17592.732000000004,66.03878378378378,43.14544891417079,-2.6551608109015956
17592.732000000004,66.03878378378378,43.145676204718264,-2.653341441991921
17592.732000000004,66.03878378378378,43.145221591258064,-2.6569801673248596
17592.732000000004,66.03878378378378,43.147008414107376,-2.6536312330779803
17592.732000000004,66.03878378378378,43.146781117585135,-2.6554506415828074
17592.732000000004,66.03878378378378,43.146553788696835,-2.6572700376000826
18833.894999999993,70.69780405405403,43.14564414949019,-2.6645474967620704
19063.556999999997,71.55989864864863,43.14518913569975,-2.6681861513767293
18838.358999999997,70.7145608108108,43.14541665877692,-2.666366830317911
,,43.14674882358624,-2.666656916083369
19063.556999999997,71.55989864864863,43.14629373310615,-2.670295624879922
19063.556999999997,71.55989864864863,43.14652129452839,-2.6684762767315178
,,43.14785345061698,-2.668766419627535
18732.365999999995,70.31668918918916,43.14808098565588,-2.666947019387809
,,43.1476258832129,-2.6705858073663555
,,43.14895803057932,-2.6708760073977196
18215.126000000004,68.37509759759762,43.147431216570105,-2.661198759156201
18215.126000000004,68.37509759759762,43.14720378460746,-2.663018157294137
18732.365999999995,70.31668918918916,43.146976320279386,-2.66483754293705
18215.126000000004,68.37509759759762,43.14765861616698,-2.6593793485248285
18215.126000000004,68.37509759759762,43.14876339657816,-2.661488743678995
18732.365999999995,70.31668918918916,43.14853595863684,-2.6633081814119617
18732.365999999995,70.31668918918916,43.148308488329306,-2.66512760664876
18215.126000000004,68.37509759759762,43.14899080215292,-2.6596692934514343
18492.874999999996,69.41769894894894,43.15009557384774,-2.661778745735484
18732.365999999995,70.31668918918916,43.14964065363997,-2.665417687898657
,,43.148113318261935,-2.6557404897880756
18215.126000000004,68.37509759759762,43.14788598339771,-2.6575599254015927
18233.837000000007,68.44533408408411,43.14834062075931,-2.653921041685843
18042.733999999993,67.72798048048045,43.14944551620129,-2.6560303555188423
18186.669999999995,68.26828078078076,43.14921817536075,-2.6578498307308545
18112.662999999993,67.9904767267267,43.149672824674184,-2.6542108678169667
18186.669999999995,68.26828078078076,43.15055036458605,-2.6581397535893205
18042.733999999993,67.72798048048045,43.150777711403265,-2.6563202387765674
18112.662999999993,67.9904767267267,43.151005025852044,-2.6545007114727994
17858.855999999992,67.03774774774772,43.15233722429299,-2.654790572654793
18732.365999999995,70.31668918918916,43.14986812992736,-2.6635982230657307
18492.874999999996,69.41769894894894,43.150322985400756,-2.659959255909486
18550.498999999996,69.63400525525523,43.15142774837891,-2.6620687653271213
18298.125999999997,68.68665915915913,43.15165516591054,-2.6602492359004417
18811.154999999995,70.61244369369366,43.15097281621151,-2.6657077866881957
18710.742999999995,70.23552177177174,43.15120029847911,-2.663888282256894
18594.181999999997,69.79798048048046,43.15275992017174,-2.6623588024553557
18877.991999999987,70.86333333333327,43.15230497604396,-2.665997903018825
18416.667999999994,69.13163663663661,43.15298734368237,-2.660539233425756
18719.472999999994,70.26829204204202,43.152532464292136,-2.6641783589869092
18804.663999999993,70.58807807807806,43.149185603965606,-2.6690565800662256
18804.663999999993,70.58807807807806,43.149413144985935,-2.6672371402326815
18770.37899999999,70.45938063063059,43.15074530157647,-2.6675272786194375
,,43.150290175205484,-2.6711662249754538
18770.37899999999,70.45938063063059,43.15051775457433,-2.669346758049053
18709.591999999986,70.23120120120115,43.15207745542755,-2.6678174345495393
,,43.151622317091466,-2.6714564601010227
18709.591999999986,70.23120120120115,43.15184990244327,-2.6696369535774616
18182.17099999999,68.25139264264261,43.152954456237346,-2.6717467127758767
18182.17099999999,68.25139264264261,43.153182047572464,-2.669927166652914
18228.245999999996,68.42434684684683,43.15188255107368,-2.658429693978444
17990.370999999992,67.53142267267263,43.15210990386794,-2.6566101395627038
17611.446999999996,66.10903528528527,43.15366941999707,-2.6550804513644017
18416.667999999994,69.13163663663661,43.15321473482371,-2.6587196518996787
18536.662999999993,69.58206831831829,43.153442093595395,-2.6569000578786985
18024.208999999995,67.65844219219217,43.155001612964384,-2.655370347603081
18536.662999999993,69.58206831831829,43.15454691583624,-2.6590096273544686
18024.208999999995,67.65844219219217,43.15477428058571,-2.6571899937260115
17712.055,66.48669294294294,43.156106464838956,-2.657479947106095
18024.208999999995,67.65844219219217,43.15587909411134,-2.659299620344278
18416.667999999994,69.13163663663661,43.15431951871633,-2.660829248486873
18704.474999999995,70.21199324324321,43.15409208922631,-2.662648857121654
18835.023999999998,70.70204204204202,43.15363713313744,-2.666288036892008
18704.474999999995,70.21199324324321,43.153864627366566,-2.6644684532572245
18364.167999999998,68.93456456456455,43.155424255542734,-2.6629389293274572
18182.17099999999,68.25139264264261,43.154969287492,-2.6665781883091926
18364.167999999998,68.93456456456455,43.15565169101247,-2.661119281085259
18388.282999999996,69.02508633633632,43.15519678770246,-2.6647585650692966
18235.497999999996,68.45156906906905,43.1569838605709,-2.66140933122236
18235.497999999996,68.45156906906905,43.156756419121045,-2.663229019074226
17186.36700000001,64.51338963963967,43.14369341933959,-2.6473039683122885
17593.542000000005,66.04182432432434,43.14457124480012,-2.651232326625778
17284.422000000006,64.88146396396398,43.14502565212065,-2.647593605580193
17482.790000000005,65.6260885885886,43.14479846464315,-2.649412972343243
17714.290000000005,66.4950825825826,43.1459034629001,-2.6515220605974252
17515.947000000004,65.7505518018018,43.14635788216549,-2.64788326036026
17523.602000000003,65.7792867867868,43.14613068871595,-2.649702666719675
18085.551000000007,67.88870495495497,43.14723567826319,-2.6518118120871743
17515.947000000004,65.7505518018018,43.14769010947419,-2.648172932653941
18070.478000000006,67.83212462462464,43.147462910052255,-2.649992378611969
16903.032,63.449819819819815,43.14970375601995,-2.643004090897956
16919.113999999998,63.510187687687676,43.14924950707329,-2.646643124421403
16919.113999999998,63.510187687687676,43.149476647731134,-2.644823613899299
16815.991,63.12308933933934,43.15103599577134,-2.6432936794069914
18261.803000000007,68.55031156156159,43.15058173488233,-2.6469327921424104
16815.991,63.12308933933934,43.150808881511715,-2.6451132420148973
17595.551999999996,66.04936936936934,43.15191395995581,-2.6472224773791373
16566.838000000003,62.18783033033034,43.1523682327879,-2.6435832854272605
16566.838000000003,62.18783033033034,43.15214111255714,-2.6454028876439746
17319.483,65.01307432432432,43.153246182293884,-2.6475121801330475
18233.837000000007,68.44533408408411,43.1485678908895,-2.6521015810964856
18070.478000000006,67.83212462462464,43.14902233404684,-2.6484626224626866
18070.478000000006,67.83212462462464,43.14879512865214,-2.650282108021575
18207.029000000006,68.34470345345348,43.1499001007791,-2.6523913676268074
18261.803000000007,68.55031156156159,43.15012734451567,-2.6505718549499426
18261.803000000007,68.55031156156159,43.150354555883524,-2.648752329787951
18002.982999999993,67.57876501501498,43.151232307932055,-2.652681171679594
17595.551999999996,66.04936936936934,43.1516867749843,-2.649042054631183
18261.803000000007,68.55031156156159,43.15145955764292,-2.65086161939853
17823.303999999993,66.90429429429426,43.15256451234846,-2.652970993256293
16722.043,62.77043168168168,43.15038488666909,-2.6375454470342587
16835.971,63.19808933933934,43.15015787548929,-2.639365007463856
16974.696,63.71882882882882,43.149930831939464,-2.6411845554189473
16976.976,63.727387387387374,43.151490127179834,-2.639654516756315
16302.858000000004,61.19691441441442,43.151717144328025,-2.6378349167167037
16976.976,63.727387387387374,43.151263077660815,-2.641474104320274
16457.246000000003,61.77644894894895,43.15259532064775,-2.6417636707305774
16444.754000000004,61.729557057057065,43.15282237613633,-2.6399440435555115
16454.670000000002,61.76677927927928,43.15304939925327,-2.6381244039036322
16149.102000000004,60.61975225225226,43.154381651444915,-2.6384139085965
16368.162000000004,61.44204954954956,43.15392756090033,-2.642053254651317
16261.548000000004,61.04184684684686,43.15415462235883,-2.6402335878628915
16033.914000000006,60.18736486486488,43.155713900903045,-2.6387034307967605
16507.38,61.964639639639636,43.155259798418655,-2.6423428560839426
16163.785000000005,60.67486861861864,43.15548686584746,-2.640523149679906
16209.199000000004,60.8453415915916,43.15704614762774,-2.6389929705058535
16449.307000000004,61.74664789789791,43.15681910660227,-2.6408127290080166
16370.410000000005,61.450487987988005,43.15659203320279,-2.642632475029902
16209.199000000004,60.8453415915916,43.158378391619046,-2.639282527725248
16491.529000000002,61.90513888888889,43.157924265252824,-2.642922111490653
16566.838000000003,62.18783033033034,43.15347334086749,-2.6456925507879747
16512.897,61.9853490990991,43.15370046706976,-2.6438729089602053
17319.483,65.01307432432432,43.15480556644284,-2.6459822314483565
16512.897,61.9853490990991,43.155032698616985,-2.6441625500072874
17319.483,65.01307432432432,43.15457840189654,-2.647801900405579
16680.733,62.61536411411411,43.15636492742967,-2.6444522085699487
17121.316999999995,64.26920795795793,43.15591061876393,-2.6480916381981925
16680.733,62.61536411411411,43.15613778928328,-2.646271929626571
17352.148,65.13569069069068,43.15747000938886,-2.6465616453240712
16442.176000000003,61.71987987987988,43.157697153507875,-2.6447418846496498
17595.551999999996,66.04936936936934,43.15279176803401,-2.6511514013687854
17595.551999999996,66.04936936936934,43.153018991349256,-2.6493317969938417
17319.483,65.01307432432432,43.154351204978475,-2.6496215568773733
17611.446999999996,66.10903528528527,43.15389671402838,-2.6532608323583644
17420.235,65.39127252252253,43.15412397568897,-2.651441200862162
17611.446999999996,66.10903528528527,43.155228912971886,-2.6535506889872544
17544.639,65.8582545045045,43.15545618060789,-2.6517310178801123
17515.722999999998,65.74971096096095,43.15568341587202,-2.649911334283232
17468.69,65.57316066066065,43.15656110917909,-2.6538405631444233
17468.69,65.57316066066065,43.15678838279087,-2.652020852424092
17140.314999999995,64.34052177177175,43.15724283289612,-2.648381393512338
17236.855,64.70290915915915,43.15902937685169,-2.645031578247839
17352.148,65.13569069069068,43.158802226759676,-2.6468513785423076
17352.148,65.13569069069068,43.15857504429315,-2.6486711663494686
17189.739999999998,64.52605105105104,43.16013444139582,-2.6471411292827365
17352.148,65.13569069069068,43.15990725295514,-2.6489609567110377
17189.739999999998,64.52605105105104,43.16036159746118,-2.6453212893659717
16821.892,63.145240240240234,43.16146665329733,-2.647430897546805
16821.892,63.145240240240234,43.16123945888214,-2.649250764598499
16821.892,63.145240240240234,43.16169381533643,-2.645611018005498
16479.777000000002,61.861024774774776,43.15815134462333,-2.6411023258486597
17201.001999999997,64.56832582582581,43.15971063287709,-2.639572102456385
17201.001999999997,64.56832582582581,43.15948357991075,-2.6413919402032957
17087.514,64.1423198198198,43.15925649456883,-2.643211765467645
17201.001999999997,64.56832582582581,43.16104287140191,-2.63986169470071
17108.367,64.22059684684683,43.16081581246458,-2.6416815720733853
17007.068,63.840345345345334,43.160588721150894,-2.6435014369623264
16953.351000000002,63.63870495495496,43.162375107193604,-2.6401513044596947
16701.977000000003,62.69510885885886,43.16192094499908,-2.6437911259761613
16701.977000000003,62.69510885885886,43.16214804228491,-2.6419712214603623
17287.101,64.89152027027026,43.157015624029995,-2.6502011292128693
17882.372999999996,67.12602477477475,43.15789330265004,-2.6541304548313165
17468.69,65.57316066066065,43.15812058223798,-2.652310704495551
17287.101,64.89152027027026,43.15834782945247,-2.650490941667743
17345.096,65.10921921921923,43.15922549338483,-2.6544203640493924
17058.48,64.03333333333333,43.159452778949294,-2.652600574095946
17058.48,64.03333333333333,43.15968003213951,-2.6507807716492997
17670.413,66.33037912912913,43.16055768138354,-2.6547102908001023
17058.48,64.03333333333333,43.16078497292488,-2.6528904612267254
17058.48,64.03333333333333,43.1610122320912,-2.6510706191590003
14461.621,54.28536411411411,43.15886131032508,-2.624434453388575
15118.649000000003,56.75168543543544,43.159966814065235,-2.6265435915143454
14951.096000000003,56.12273273273274,43.160420357656555,-2.62290378321137
14977.315000000002,56.2211524024024,43.16019360204988,-2.6247236935964606
14149.522999999996,53.113825075075056,43.1617526526145,-2.623193001279133
14997.559000000003,56.2971433933934,43.161299097095416,-2.6268328888487
15126.687000000002,56.7818581081081,43.161525891044356,-2.6250129512980935
15255.594000000003,57.26574324324325,43.162858177308564,-2.625302226494931
15007.933000000003,56.33608483483484,43.162631377394966,-2.627122203680506
14615.238,54.8620045045045,43.16308494484259,-2.623482236839852
15604.889000000005,58.57691066066067,43.15905933835394,-2.6338230584823026
16024.358000000006,60.15149399399401,43.15993765346748,-2.6377522522284766
16489.187,61.8963475975976,43.16016464168161,-2.635932389521158
15284.277000000006,57.373412162162175,43.160391597519066,-2.634112514336009
16024.358000000006,60.15149399399401,43.16126989796249,-2.6380418048459053
15266.654000000002,57.30725975975976,43.16172385395211,-2.63440198769617
16489.187,61.8963475975976,43.16149689214601,-2.6362219025105293
16365.520000000004,61.43213213213214,43.16260213972476,-2.638331374975732
16365.520000000004,61.43213213213214,43.16282913987805,-2.6365114330100488
15309.863000000005,57.46945570570572,43.16305610765311,-2.6346914785642324
15232.404000000004,57.1786936936937,43.15928625584696,-2.632003210449011
15232.404000000004,57.1786936936937,43.160618520979554,-2.632292626674612
14817.018000000002,55.61943693693694,43.16107227076807,-2.628652813929377
14985.260000000002,56.250975975975976,43.160845412062656,-2.630472726538539
14993.773000000003,56.28293168168169,43.16217768043054,-2.6307621206368244
15332.076000000005,57.55283783783785,43.161950783380405,-2.6325820604044097
15163.549000000005,56.92022897897899,43.16240454510218,-2.628942168394997
15080.519000000004,56.60855480480482,43.16328304304959,-2.6328715116398613
15106.813000000002,56.707256006006006,43.16373681670538,-2.6292315403617703
15066.621000000005,56.55638513513515,43.16350994606713,-2.631051532238514
14701.332,55.185180180180176,43.16441723434084,-2.6237714898949775
14722.846000000001,55.26593843843844,43.16396365496399,-2.6274115360112162
14868.670000000004,55.813325825825835,43.164190460842605,-2.625591519188422
14822.540000000003,55.64016516516517,43.16574952110938,-2.6240607604459556
14603.108,54.816471471471466,43.16529592980255,-2.627700885842279
14642.766,54.965337837837836,43.165522741646534,-2.62588082938002
14430.631,54.16903528528528,43.16685501972045,-2.626170157071173
14193.822999999997,53.28011636636635,43.16708180514827,-2.624350048494241
14717.354000000001,55.24532282282282,43.166628201910704,-2.6279902531751493
14342.113,53.83676051051051,43.16818729506444,-2.626459502263335
15013.527000000004,56.35708333333334,43.16461529998721,-2.6331609803824167
14721.236,55.25989489489489,43.16506908557774,-2.6295209298311546
14898.817000000003,55.92649024024025,43.164842208972516,-2.631340961345058
15095.601000000002,56.66516891891892,43.16594755419335,-2.633450466633528
14812.684000000003,55.603168168168175,43.16617446914678,-2.6316304079579114
14691.684000000001,55.148963963963965,43.16640135171936,-2.629810336804588
14673.904,55.082222222222214,43.16750672659001,-2.631919872078516
14576.39,54.71617867867867,43.16773361513028,-2.6300997612835353
14857.933000000003,55.77302177177178,43.167279805668066,-2.63373997039465
14679.61,55.10364114114114,43.16906587581063,-2.6303892032694383
15176.468000000003,56.968723723723734,43.16438835862217,-2.634980986941648
15835.897000000004,59.444057807807816,43.16416138487775,-2.636800981021174
16035.132000000005,60.19193693693695,43.163934378754334,-2.638620962619408
15817.369000000004,59.37450825825827,43.165493627145246,-2.63709054654535
15929.107000000005,59.79394519519521,43.1652666150513,-2.638910567778392
15285.196000000005,57.37686186186188,43.165720606859374,-2.635270512829872
15271.460000000005,57.32530030030031,43.16682586668058,-2.637380129584037
15472.330000000004,58.07931681681682,43.166598848615756,-2.639200190454132
15128.986,56.79048798798798,43.1670528523648,-2.6355600562303483
15298.887000000004,57.428254504504515,43.16815810348383,-2.6376697301386822
14094.477999999997,52.90719969969969,43.1684140864576,-2.6246393540412805
14382.39,53.98795045045044,43.16796047128855,-2.62827963801128
14578.662,54.7247072072072,43.169292737936175,-2.6285690403521214
15090.173000000004,56.64479354354355,43.16974636503744,-2.624928677088533
14577.252,54.71941441441441,43.16951956767857,-2.626748864957958
14585.635,54.750882132132126,43.170625001853665,-2.6288584601991216
14716.44,55.24189189189189,43.17085183756292,-2.62703824515649
14865.889000000003,55.80288663663664,43.171078640887856,-2.625218017637445
14691.846000000001,55.14957207207207,43.17195726304107,-2.6291478975537363
14895.849000000002,55.9153490990991,43.17241091400896,-2.6255073756894696
15472.330000000004,58.07931681681682,43.16793107944777,-2.6394898306480843
15529.020000000004,58.29211711711712,43.168385095138504,-2.635849617144538
15641.527000000004,58.7144406906907,43.16926330754739,-2.6397794883616927
15513.239000000005,58.232879129129145,43.169490337555075,-2.6379593482107437
15428.075000000004,57.91319444444446,43.169717335180586,-2.636139195573892
15827.538000000004,59.412680180180196,43.17059553291475,-2.640069163596426
15878.772000000004,59.60500000000001,43.17082256889443,-2.638248983801667
15387.018000000004,57.75907657657659,43.17104957249113,-2.6364287915198634
15555.855000000005,58.39284909909911,43.172154797501925,-2.6385386369129153
15721.657000000005,59.01522897897899,43.17192775554989,-2.6403588563537252
15488.897000000004,58.14150525525527,43.16861205441145,-2.6340294916672304
14761.083,55.40947072072072,43.16883898130227,-2.6322093537083364
15376.246000000005,57.71864114114115,43.169944300423566,-2.634319030452725
14713.775,55.23188813813813,43.17039813376045,-2.6306786627637586
15249.376000000002,57.242402402402405,43.17017123328363,-2.632498852848821
15145.910000000002,56.854016516516516,43.17127654370452,-2.6346085867525835
14841.208000000002,55.710240240240246,43.171730388979825,-2.6309681397679388
14979.869000000002,56.230739489489494,43.171503482534185,-2.6327883695014185
15321.171,57.51190315315315,43.17260878425436,-2.6348981605682615
15104.813000000002,56.6997484984985,43.17283572905402,-2.6330779036675787
14815.194000000001,55.61259009009009,43.17218410471757,-2.6273276428603856
14910.860000000002,55.9716966966967,43.17328952149849,-2.6294373524174186
14776.942000000001,55.469001501501495,43.173743184400806,-2.625796751246058
14751.044,55.37178678678678,43.17351636914259,-2.6276170580710976
14587.296000000002,54.75711711711712,43.174621777226,-2.6297268247916166
14910.860000000002,55.9716966966967,43.17484863083807,-2.6279064907900747
14742.231000000002,55.338704954954956,43.17507545206346,-2.6260861443086627
14742.231000000002,55.338704954954956,43.17640771699704,-2.626375554878733
14658.023000000001,55.02260885885885,43.1761808898041,-2.6281959410187743
14587.296000000002,54.75711711711712,43.175954030223664,-2.630016314677787
18182.17099999999,68.25139264264261,43.1534096065393,-2.6681076080244313
17825.91299999999,66.9140878378378,43.15428659264319,-2.6720369830014743
18048.22399999999,67.74858858858855,43.15451418996202,-2.670217397276859
18048.22399999999,67.74858858858855,43.15474175491175,-2.6683977990455725
17771.29799999999,66.70907657657654,43.1556187263091,-2.672327270779267
17825.91299999999,66.9140878378378,43.155846329612,-2.670507645450757
18048.22399999999,67.74858858858855,43.156073900544996,-2.6686880076144193
17890.55299999999,67.15673048048043,43.156950857235145,-2.6726175761107123
18270.66,68.58355855855855,43.15740604343911,-2.668978233732424
17890.55299999999,67.15673048048043,43.157178466522474,-2.670797911176057
17587.377999999997,66.01868618618617,43.15633380319499,-2.655660261372279
18049.707,67.75415540540538,43.15721126964908,-2.6595896308705567
17567.514,65.94412162162162,43.15766599068901,-2.6559501926734597
17937.926999999996,67.3345608108108,43.15743864635524,-2.657769918020398
17941.953999999998,67.34967717717717,43.15854344244955,-2.6598796589347593
17345.096,65.10921921921923,43.158998175446484,-2.6562401415080648
17999.792999999994,67.56679054054051,43.1587708251346,-2.6580599064703803
17861.083999999995,67.04611111111109,43.15987561251282,-2.6601697045383417
17701.043999999998,66.44536036036034,43.1603303574675,-2.6565301078775527
17701.043999999998,66.44536036036034,43.16010300117715,-2.658349912457491
18295.465999999997,68.67667417417415,43.15630143910774,-2.666868357271833
18295.465999999997,68.67667417417415,43.156528945299875,-2.665048694424574
18270.66,68.58355855855855,43.15763358798471,-2.667158543781386
18211.684999999998,68.36218093093092,43.15786110015891,-2.665338841324522
17887.115999999998,67.14382882882882,43.158316027391685,-2.661699398899631
18153.768999999997,68.1447785285285,43.158088579961344,-2.6635191263634104
18428.923999999995,69.17764264264262,43.158965734122994,-2.6674487478393054
18211.684999999998,68.36218093093092,43.15919325227963,-2.6656290057705867
17899.259,67.18941066066064,43.159648191474886,-2.66198948411853
17920.397999999997,67.26876126126125,43.15942073806371,-2.663809251196469
17953.22599999999,67.39198948948946,43.15828298542141,-2.6729078989972614
17953.22599999999,67.39198948948946,43.15851060069354,-2.67108819445422
18428.923999999995,69.17764264264262,43.15873818359419,-2.6692684774010402
19114.977999999996,71.7529204204204,43.159842732125256,-2.671378495286695
17953.22599999999,67.39198948948946,43.15961511086796,-2.6731982394403744
19114.977999999996,71.7529204204204,43.16007032101029,-2.6695587386217294
19278.613999999994,72.36716966966965,43.16094723357488,-2.673488597441506
19243.827999999994,72.23659159159156,43.161174860817724,-2.671668813674946
19114.977999999996,71.7529204204204,43.1614024556875,-2.669849017395933
19278.613999999994,72.36716966966965,43.162279353542246,-2.67377897300211
18428.923999999995,69.17764264264262,43.160297877522694,-2.6677389694470395
17662.165,66.29941816816817,43.16098035282062,-2.662279586880503
17917.581,67.25818693693692,43.160752893428224,-2.664099393574852
18428.923999999995,69.17764264264262,43.16052540166212,-2.66591918776423
19114.977999999996,71.7529204204204,43.16163001818388,-2.6680292086060633
19009.40599999999,71.35662912912909,43.161857548306486,-2.6662093873068953
17662.165,66.29941816816817,43.162312511428944,-2.662569707187015
17662.165,66.29941816816817,43.16208504605494,-2.6643895535000253
19009.40599999999,71.35662912912909,43.162962156106616,-2.6683194653178113
19009.40599999999,71.35662912912909,43.16318969221275,-2.6664996044000513
18292.289999999997,68.66475225225223,43.16364466729993,-2.662859845039517
18292.289999999997,68.66475225225223,43.16341719594397,-2.6646797309734276
19009.40599999999,71.35662912912909,43.16429429129097,-2.668609739583745
18378.744,68.98927927927927,43.16474934309537,-2.6649699259965214
18574.619,69.72454579579579,43.16452183338102,-2.666789839045145
18574.619,69.72454579579579,43.16562642373706,-2.6689000314053217
18247.995999999996,68.49848348348345,43.16608148750924,-2.6652601385707655
18574.619,69.72454579579579,43.165853971811394,-2.6670800912436365
18739.992,70.3453153153153,43.16695855344494,-2.6691903407840045
18589.589999999997,69.78074324324322,43.16718610750394,-2.6673703609969723
19243.827999999994,72.23659159159156,43.162506986771,-2.671959149620416
19114.977999999996,71.7529204204204,43.1627345876259,-2.670139313725125
17845.46399999999,66.98747747747743,43.16361147077013,-2.674069366123641
18524.849999999988,69.53772522522517,43.16406671682558,-2.67042962761075
19278.613999999994,72.36716966966965,43.16383910998517,-2.6722495031245748
17856.14999999999,67.02759009009006,43.16494358525862,-2.6743597768075618
18524.849999999988,69.53772522522517,43.16539884328658,-2.6707199590542636
18524.849999999988,69.53772522522517,43.165171230460324,-2.6725398741888666
18069.441999999992,67.8282357357357,43.1662756970078,-2.67465020505532
18524.849999999988,69.53772522522517,43.16673096700902,-2.6710103080571193
18292.289999999997,68.66475225225223,43.16497682043365,-2.663150000439462
18016.046999999995,67.62780405405402,43.16543167798061,-2.6595101118063282
18079.029,67.86422297297297,43.165204265395516,-2.661330062375537
18016.046999999995,67.62780405405402,43.16653642177398,-2.6616201956978234
17877.281999999996,67.10691441441439,43.16676384034019,-2.659800205500908
17877.281999999996,67.10691441441439,43.16699122652847,-2.6579802027991333
18247.995999999996,68.49848348348345,43.166308970830215,-2.6634401733883024
18003.777999999995,67.58174924924923,43.16764111848967,-2.6637303638874994
17789.789999999997,66.77849099099097,43.168323392132386,-2.6582702744084563
18003.777999999995,67.58174924924923,43.167868575415724,-2.6619103465682223
18524.849999999988,69.53772522522517,43.16650334819652,-2.6728302628147595
18086.39199999999,67.89186186186181,43.167607806017735,-2.6749406508683795
18739.992,70.3453153153153,43.168063087992955,-2.6713006746207886
18584.513999999992,69.76168918918916,43.16783546319385,-2.6731206690036937
18429.25199999999,69.17887387387383,43.168939912288494,-2.6752311142481955
18584.513999999992,69.76168918918916,43.16939520623846,-2.6715910587467113
18584.513999999992,69.76168918918916,43.1691675754524,-2.6734110927571426
18497.66699999999,69.43568693693689,43.1702720158202,-2.675521595196219
18564.618999999988,69.6870082582582,43.17049968497221,-2.6737015340765504
18564.618999999988,69.6870082582582,43.170727321745645,-2.6718814604363477
17877.281999999996,67.10691441441439,43.168095999963406,-2.6600903167413463
18809.671,70.60687312312311,43.16920072632082,-2.6622005149881764
17877.281999999996,67.10691441441439,43.16942815685037,-2.6603804455290914
17504.208,65.70648648648647,43.1696555550004,-2.6585603635628456
18809.671,70.60687312312311,43.16897326341212,-2.66402057193851
19091.318999999996,71.66411036036034,43.170760311001104,-2.6606705918656113
19091.318999999996,71.66411036036034,43.170532874489346,-2.6624907009591476
19009.236999999994,71.35599474474472,43.170305405597624,-2.6643107975427847
17504.208,65.70648648648647,43.1709877151326,-2.6588504702637525
19091.318999999996,71.66411036036034,43.172092462415726,-2.660960755752354
16918.955,63.50959084084084,43.163480269371846,-2.6422608883656955
16505.241,61.956610360360365,43.163253166113485,-2.644080832510586
16953.351000000002,63.63870495495496,43.16370734025223,-2.6404409317347755
16035.132000000005,60.19193693693695,43.16503957057792,-2.640730576527412
16735.788,62.822027027027026,43.164812493725414,-2.6425505727908285
16725.129,62.78201576576576,43.16458538449418,-2.6443705565670697
15827.792000000003,59.41363363363364,43.166371798170694,-2.641020238839055
16280.498000000005,61.112980480480495,43.16614471534572,-2.6428402747372215
16244.053000000004,60.97617492492493,43.16591760014124,-2.6446602981470555
15758.832000000004,59.15477477477478,43.16770402303066,-2.641309918671153
17701.043999999998,66.44536036036034,43.16166253675213,-2.6568200917833775
17617.731999999996,66.13262762762761,43.16143517448293,-2.658639935983189
17662.165,66.29941816816817,43.16120777983898,-2.6604597676827573
17489.796,65.65238738738738,43.16299471330046,-2.6571100932269953
17449.508,65.50115615615616,43.16253994442809,-2.6607498483694574
17408.458,65.34706456456455,43.16276734505205,-2.6589299770489245
17200.529,64.56655030030029,43.16432688711259,-2.6574001122098565
17449.508,65.50115615615616,43.16409951288458,-2.659220035656153
17449.508,65.50115615615616,43.16387210628024,-2.661039946599897
17221.622,64.64572822822822,43.16565905818855,-2.6576901487334172
17670.413,66.33037912912913,43.16188986664621,-2.6550002350849065
17014.7,63.86899399399399,43.16211716416484,-2.653180365889349
17014.7,63.86899399399399,43.16234442930764,-2.6513604841982885
17117.520999999997,64.25495870870868,43.16322204917297,-2.6552901969052503
16766.125,62.93590465465465,43.163449352669225,-2.653470288085266
16766.125,62.93590465465465,43.16367662378886,-2.6516503667686235
17259.57,64.78817567567566,43.16478153843814,-2.6537602278159307
17259.57,64.78817567567566,43.16455422896389,-2.655580176262588
16756.869000000002,62.901159909909914,43.165008815534996,-2.651940266871463
17259.57,64.78817567567566,43.16611372147166,-2.654050185082799
16821.892,63.145240240240234,43.16279886246435,-2.647720683335969
16821.892,63.145240240240234,43.16257166207425,-2.6495405900133036
16492.411,61.908449699699695,43.16302603047754,-2.6459007641678745
16244.053000000004,60.97617492492493,43.164131068896886,-2.648010486651685
16766.125,62.93590465465465,43.16390386253155,-2.6498304329569056
16244.053000000004,60.97617492492493,43.16435824288455,-2.646190527854546
16331.835000000005,61.305686936936944,43.16546327259506,-2.648300307495403
16244.053000000004,60.97617492492493,43.16569045255756,-2.646480309066976
16567.549000000003,62.19049924924925,43.16523606025409,-2.65012029343076
16331.835000000005,61.305686936936944,43.166795473558935,-2.6485901458685768
17221.622,64.64572822822822,43.16588640601902,-2.65587017315838
16567.549000000003,62.19049924924925,43.166341004546084,-2.6522301845082508
17789.789999999997,66.77849099099097,43.16721858033847,-2.6561601875940797
16801.144,63.06735735735735,43.167445901769845,-2.6543401598873237
16801.144,63.06735735735735,43.16767319082223,-2.652520119680449
16801.144,63.06735735735735,43.16900537436349,-2.6528100723895127
17789.789999999997,66.77849099099097,43.1685507519223,-2.656450219571137
17789.789999999997,66.77849099099097,43.168778079332775,-2.6546301522309603
17410.875,65.35613738738738,43.170110254160555,-2.6549201621151646
17444.009000000002,65.48051426426427,43.16988292077058,-2.6567402690910096
15844.418000000003,59.476043543543554,43.167476934232866,-2.6431299942063218
16050.586000000005,60.24994744744746,43.16724981305474,-2.6449500572519997
15866.770000000004,59.559947447447456,43.168809150386885,-2.6434197311995824
16401.589000000004,61.56752627627629,43.168582023234784,-2.645239833883356
15650.354000000005,58.74757507507509,43.16903624515788,-2.6415996160251685
16130.255000000006,60.549005255255274,43.17014136380788,-2.6437094857184618
15849.638000000004,59.49563813813815,43.17036846455245,-2.6418893309025497
16401.589000000004,61.56752627627629,43.169914230681414,-2.6455296280425764
16116.989000000005,60.49920795795797,43.171473574495934,-2.6439992577644045
15924.917000000005,59.77821696696698,43.17170068121443,-2.642179063304749
16609.923000000003,62.349560810810814,43.166568255241955,-2.650410171436316
16103.060000000005,60.446921921921934,43.167022659496645,-2.6467701078066126
16512.169,61.98261636636637,43.1681276717886,-2.648880001772663
16639.322,62.45991741741741,43.16790044749526,-2.650700066975039
16033.528000000006,60.185915915915935,43.16835486370189,-2.64705992407491
16855.319000000003,63.27071696696698,43.16945986728413,-2.649169875209113
16801.144,63.06735735735735,43.16923263701406,-2.6509899800483683
16220.079000000003,60.886182432432435,43.16968706517338,-2.6473497578733207
17472.351,65.58690315315314,43.17056482379843,-2.6512799106577667
16855.319000000003,63.27071696696698,43.17079206004562,-2.649459766179379
16152.353000000005,60.63195570570572,43.17124643539472,-2.645819439731121
15900.909000000005,59.68809684684686,43.173032895143926,-2.6424688132332226
16256.796000000004,61.02400900900901,43.1725786373748,-2.6461092689504278
16256.796000000004,61.02400900900901,43.172805782451114,-2.644289047338878
16327.055000000004,61.287743993994006,43.173910836621715,-2.646399115701973
15599.59,58.557019519519514,43.174365106341014,-2.6427585806894185
16822.535000000003,63.14765390390391,43.17413798767351,-2.644578854443322
16564.438000000002,62.17882132132133,43.17524303313555,-2.6466889799871955
15786.996000000003,59.260495495495505,43.17569731480573,-2.643048365674799
16822.535000000003,63.14765390390391,43.17547019016318,-2.644868679079199
17472.351,65.58690315315314,43.17033755516996,-2.6531000426368894
17329.741,65.05158033033032,43.17121508688342,-2.657030336155152
17329.741,65.05158033033032,43.17144242625323,-2.6552101895413873
17472.351,65.58690315315314,43.17166973324169,-2.6533900304240414
17471.307,65.58298423423423,43.17254725026086,-2.6573204207650205
17471.307,65.58298423423423,43.1727745956109,-2.6555002345110847
16864.715000000004,63.30598723723725,43.173001908578804,-2.653680035752418
17471.307,65.58298423423423,43.17387941090302,-2.6576105229220657
17471.307,65.58298423423423,43.174106762233656,-2.655790297025719
16940.025,63.58868243243243,43.17433408118136,-2.6539700586234742
16241.404000000004,60.96623123123124,43.17101926391116,-2.6476396092033037
17472.351,65.58690315315314,43.17189700784845,-2.6515698588046925
16400.989,61.56527402402402,43.172124250073104,-2.6497496746849194
16381.353000000005,61.49156531531533,43.17235145991534,-2.647929478066307
16786.235,63.01139264264263,43.173229189164175,-2.6518598244905895
16642.919,62.47341966966967,43.1734564373667,-2.6500396007271854
16400.989,61.56527402402402,43.17368365318599,-2.6482193644637873
16747.049000000003,62.86429804804805,43.17478862192647,-2.650329544307637
16786.235,63.01139264264263,43.17456136774574,-2.6521498077169197
16564.438000000002,62.17882132132133,43.1750158437232,-2.6485092683971976
13429.712999999996,50.411835585585564,43.169547557670036,-2.615538425874717
13248.094999999998,49.73008633633632,43.16977415475937,-2.6137182028412176
13682.730999999996,51.36160285285283,43.1706532306306,-2.6176478008898556
13525.791,50.77248873873873,43.17087986606652,-2.615827550667846
13310.605000000001,49.96473348348348,43.17110646911681,-2.614007287980063
13856.558999999997,52.01411036036034,43.1719855303374,-2.617936982828768
13520.171000000002,50.75139264264264,43.17221217173545,-2.616116692951378
13252.556000000002,49.746831831831834,43.172438780747065,-2.6142963906070658
13883.907000000001,52.116768018018014,43.17331782731636,-2.618226182261783
13424.802000000001,50.3934009009009,43.1735444746769,-2.616405852726766
12750.833000000002,47.863487237237244,43.17022725178204,-2.610077719386672
12684.162,47.61322072072072,43.170453751714675,-2.6082574589687915
12831.719000000003,48.16711336336337,43.17155957805902,-2.61036672521351
12684.162,47.61322072072072,43.17178608395023,-2.608546425137901
13158.119,49.392338588588586,43.17133303978108,-2.6121870128280924
13135.139000000001,49.30607732732733,43.17289190160955,-2.6106557485239974
13319.903000000002,49.999635885885894,43.17311841345971,-2.6088354087884085
13030.32,48.91261261261261,43.172665357371876,-2.6124760757974106
13274.372000000003,49.82872372372373,43.1742242224337,-2.6109447893195887
13135.139000000001,49.30607732732733,43.17399767223593,-2.612765156254085
13733.16,51.55090090090089,43.172864435435,-2.621866803921269
14742.231000000002,55.338704954954956,43.17396996727276,-2.6239764319438845
14269.385,53.5637575075075,43.17442343585648,-2.6203357559144536
14409.214000000002,54.08864114114114,43.1741967177581,-2.622156100166156
14742.231000000002,55.338704954954956,43.175302240901814,-2.624265785348962
14409.214000000002,54.08864114114114,43.17575572141595,-2.6206250300010265
14409.214000000002,54.08864114114114,43.175528997352764,-2.6224454139125535
14465.100000000002,54.29842342342342,43.17663451180214,-2.6245551562592557
14263.405,53.541310060060056,43.17708800424744,-2.620914321588307
14115.269000000002,52.985243993994,43.17686127421907,-2.62273474516192
13252.556000000002,49.746831831831834,43.17377108965021,-2.6145855107236735
13546.603000000001,50.85061186186186,43.17465012156754,-2.618515399190364
13658.603000000001,51.27103228228228,43.175103395826305,-2.614874648331334
13549.865000000002,50.862856606606606,43.17487677489093,-2.616695029995461
13644.537000000002,51.21823198198198,43.17620907237766,-2.616984224758915
14094.902000000002,52.908791291291294,43.17643569927546,-2.6151638034315017
13644.537000000002,51.21823198198198,43.175982413091035,-2.6188046336159507
14175.265000000001,53.210454204204204,43.17776799999771,-2.6154529760256255
14094.902000000002,52.908791291291294,43.17754136713711,-2.6172734370185795
14147.310000000001,53.105518018018024,43.1773147018869,-2.6190938855400003
13121.329,49.25423798798798,43.17445074024318,-2.6091244099217596
13121.329,49.25423798798798,43.17578306430071,-2.609413428539414
13904.137000000002,52.19270645645646,43.175556540531545,-2.6112338476017274
13904.137000000002,52.19270645645646,43.17532998437329,-2.613054254199563
13823.872000000003,51.89141141141142,43.176888855903165,-2.611522923371868
13912.217000000002,52.22303678678679,43.17666229378407,-2.613343369635293
13823.872000000003,51.89141141141142,43.1771153856324,-2.6097024646428157
13823.872000000003,51.89141141141142,43.17822116854866,-2.6118120166314656
13823.872000000003,51.89141141141142,43.17844770423831,-2.6099915182334157
14175.265000000001,53.210454204204204,43.17799460046835,-2.6136325025627265
14321.652,53.75995495495496,43.17796677997384,-2.624844544676221
14174.788,53.20866366366366,43.17842028435101,-2.6212036306777544
14214.123000000001,53.356317567567565,43.17819354835711,-2.6230240939157046
14538.500000000002,54.573948948948946,43.17929904541697,-2.6251339506013083
14730.682000000003,55.29535285285286,43.17952581976693,-2.6233134601753547
14104.629,52.945304054054056,43.17975256172676,-2.6214929572708177
14598.252000000002,54.79824324324325,43.18108483637476,-2.621782301368957
14634.704000000002,54.93507507507507,43.18063130813159,-2.625423374035967
14730.682000000003,55.29535285285286,43.18085808844864,-2.623602843942328
15426.701000000001,57.90803678678678,43.18219035440231,-2.6238922452180757
14208.736,53.33609609609609,43.17910029799318,-2.6157421661151607
14147.310000000001,53.105518018018024,43.17887365916941,-2.6175626667759
14147.310000000001,53.105518018018024,43.17864698795523,-2.6193831549639595
14104.629,52.945304054054056,43.179979271296105,-2.6196724418892883
14154.028000000002,53.13073573573573,43.180432593261926,-2.616031373701552
14147.310000000001,53.105518018018024,43.180205948474615,-2.6178519140323377
14598.252000000002,54.79824324324325,43.181311551909594,-2.6199617463174305
,,43.18176488580402,-2.616320598786259
14598.252000000002,54.79824324324325,43.1815382350528,-2.6181411787893367
14949.705000000002,56.117511261261264,43.182643829795786,-2.6202510682498437
13823.872000000003,51.89141141141142,43.179780020118535,-2.61028058931267
14154.028000000002,53.13073573573573,43.1793269044262,-2.6139216529833202
14154.028000000002,53.13073573573573,43.179553478468094,-2.6121011273819623
14216.381000000001,53.36479354354354,43.18088578566155,-2.6123902556248133
14154.028000000002,53.13073573573573,43.18065920565768,-2.6142108208985184
13892.757000000001,52.14998873873874,43.18111233327314,-2.6105696778820264
13892.757000000001,52.14998873873874,43.18244464370222,-2.6108587839429327
14216.381000000001,53.36479354354354,43.181991504162895,-2.614500006309778
14216.381000000001,53.36479354354354,43.18221809012908,-2.6126794013614743
14142.438000000002,53.087229729729735,43.1835503918708,-2.61296856459339
15150.588000000002,56.87157657657658,43.18196356811782,-2.6257128149816547
14598.252000000002,54.79824324324325,43.18241710829509,-2.622071662973615
15426.701000000001,57.90803678678678,43.183522617628014,-2.6241816640040567
14850.584,55.74543543543543,43.183749377487814,-2.622361042086243
15328.292000000001,57.53863363363363,43.183295825375716,-2.6260022734398216
15073.491000000002,56.58217342342343,43.18462807990535,-2.626291749411922
15031.653000000002,56.42512387387388,43.18508164395304,-2.622650438708303
15073.491000000002,56.58217342342343,43.184854878125854,-2.6244711003017094
15735.446000000002,59.066989489489494,43.18596033170682,-2.6265812428994093
15031.653000000002,56.42512387387388,43.18618713589586,-2.6247605541124974
14171.237000000001,53.19533408408408,43.183776951405825,-2.6111479074968447
14142.438000000002,53.087229729729735,43.18332379994193,-2.6147892092185465
14366.244,53.927342342342335,43.18510925638407,-2.6114370485452136
14366.244,53.927342342342335,43.184882690886774,-2.613257745322013
14508.445000000002,54.46112987987988,43.18465609299483,-2.6150784296262737
14557.577000000001,54.645559309309306,43.18644155863702,-2.6117262070894864
14551.575,54.62302927927928,43.186214987177074,-2.613546943548803
14551.575,54.62302927927928,43.1859883833217,-2.6153676675344224
14557.577000000001,54.645559309309306,43.18777385816474,-2.6120153831311264
15696.854000000001,58.92212462462462,43.187320670922624,-2.6156569229444364
19213.765999999996,72.12374624624621,43.16741362918563,-2.6655503686976147
18739.992,70.3453153153153,43.1682906804147,-2.669480667721236
19022.769999999997,71.40679429429427,43.16851824045872,-2.667660648306619
19213.765999999996,72.12374624624621,43.16874576812463,-2.665840616378517
18918.104999999992,71.01390765765763,43.16962280464639,-2.6697710122184763
18910.921999999995,70.98694444444442,43.16985037067579,-2.667950953174029
19061.541999999994,71.5523348348348,43.17007790432632,-2.6661308816149356
18918.104999999992,71.01390765765763,43.17095492614011,-2.670061374277188
18918.104999999992,71.01390765765763,43.171182498155275,-2.6682412756006535
19114.154999999995,71.74983108108106,43.17141003779077,-2.6664211644083253
19114.154999999995,71.74983108108106,43.171637545046266,-2.6646010407017764
19091.318999999996,71.66411036036034,43.171865019921356,-2.662780904482593
17471.307,65.58298423423423,43.17231987252902,-2.6591405945126354
,,43.17342461109433,-2.6612509371907778
19114.154999999995,71.74983108108106,43.17296968175811,-2.6648913014169504
19091.318999999996,71.66411036036034,43.17319716261699,-2.663071125559964
17471.307,65.58298423423423,43.17365202718979,-2.659430736310949
,,43.174756757036945,-2.661541136182326
,,43.174529302576275,-2.6633613641927267
,,43.17430181573327,-2.6651815796897544
18918.104999999992,71.01390765765763,43.172287044895945,-2.6703517538988217
19114.154999999995,71.74983108108106,43.172514622897246,-2.6685316155879564
19114.154999999995,71.74983108108106,43.172742168518084,-2.6667114647601395
20017.538999999993,75.14091216216212,43.173619160913965,-2.6706421510848335
19903.518999999997,74.71290915915914,43.17384674490176,-2.6688219731373883
19903.518999999997,74.71290915915914,43.17407429650833,-2.667001782671838
19903.518999999997,74.71290915915914,43.17495127419424,-2.670932565836688
19903.518999999997,74.71290915915914,43.17517886416891,-2.6691123482504113
18058.318999999992,67.7864827327327,43.17540642176156,-2.667292118144874
19903.518999999997,74.71290915915914,43.17628338473685,-2.6712229981558315
20006.39999999999,75.09909909909905,43.171604116612876,-2.6758120937139145
20006.39999999999,75.09909909909905,43.171831791753405,-2.6739919929633786
18564.618999999988,69.6870082582582,43.17205943451455,-2.6721718796911564
20006.39999999999,75.09909909909905,43.172936214666635,-2.6761026098027325
20017.538999999993,75.14091216216212,43.17339154454527,-2.672462316512596
20006.39999999999,75.09909909909905,43.17316389579604,-2.6742824694190865
20293.138999999996,76.17544669669668,43.17426830998153,-2.676393143464134
20293.138999999996,76.17544669669668,43.174495997100195,-2.674572963445128
20293.138999999996,76.17544669669668,43.17472365183787,-2.6727527709021164
20293.138999999996,76.17544669669668,43.17560040255766,-2.676683694699577
17471.307,65.58298423423423,43.174984179114965,-2.659720895660142
,,43.17608890024368,-2.661831352728476
18058.318999999992,67.7864827327327,43.17586143979929,-2.6636516203823204
18058.318999999992,67.7864827327327,43.17563394697181,-2.6654718755216473
17222.556999999997,64.64923798798797,43.17631632830461,-2.6600110725616823
17708.132999999994,66.47197072072069,43.17742104071462,-2.6621215868306645
18058.318999999992,67.7864827327327,43.17719357428614,-2.6639418941302173
18058.318999999992,67.7864827327327,43.17696607547378,-2.6657621889140892
17222.556999999997,64.64923798798797,43.17764847475882,-2.6603012670170187
17530.760999999995,65.8061599099099,43.1787531784498,-2.6624118384903634
20293.138999999996,76.17544669669668,43.176055756392465,-2.6730432428611843
20293.138999999996,76.17544669669668,43.175828095665935,-2.6748634750429616
,,43.176932492395096,-2.676974263510517
20293.138999999996,76.17544669669668,43.17738785820908,-2.6733337323912525
20293.138999999996,76.17544669669668,43.177160191493364,-2.6751540042140434
,,43.17826457949393,-2.677264849898415
16887.109,63.390048798798794,43.17871995728784,-2.673624239493774
16887.109,63.390048798798794,43.17849228458255,-2.6754445509598304
16916.785,63.50144519519519,43.17959666385421,-2.677555453864721
16887.109,63.390048798798794,43.180052053628785,-2.6739147641702146
19903.518999999997,74.71290915915914,43.17651098069877,-2.669402740928475
18058.318999999992,67.7864827327327,43.176738544277875,-2.667582471180704
,,43.17761549254189,-2.671513448043721
18058.318999999992,67.7864827327327,43.178070664057344,-2.667872841780783
18058.318999999992,67.7864827327327,43.17784309449143,-2.669693151173045
16894.611999999997,63.4182132132132,43.17894759760943,-2.6718039155018296
17884.303999999993,67.13327327327325,43.17940278110006,-2.668163229946576
16894.611999999997,63.4182132132132,43.17917520554696,-2.6699835789855664
16894.611999999997,63.4182132132132,43.18027969993953,-2.6720944005315928
17884.303999999993,67.13327327327325,43.18073489540608,-2.668453635679533
18058.318999999992,67.7864827327327,43.178298201239286,-2.6660525198685314
17708.132999999994,66.47197072072069,43.1785257060369,-2.664232185437866
17219.288999999997,64.63697072072071,43.17898061847768,-2.660591479027605
17530.760999999995,65.8061599099099,43.18008531344936,-2.6627021077090185
17720.773999999994,66.5194219219219,43.17985783505163,-2.66452249430672
17884.303999999993,67.13327327327325,43.179630324268395,-2.666342868386432
17539.601999999995,65.83934684684682,43.18031275946125,-2.660881708594903
17729.836999999992,66.55344219219215,43.18118996133041,-2.6648128207382418
17403.497999999996,65.32844594594593,43.18164489770964,-2.661171955720368
17500.856999999996,65.69390765765765,43.181417445713336,-2.6629923944880876
16894.611999999997,63.4182132132132,43.18050731386541,-2.6702740243675094
16621.865999999998,62.394391891891885,43.181611799532284,-2.672384903134487
18072.495999999996,67.83969969969968,43.182067006975515,-2.6687440589811153
16621.865999999998,62.394391891891885,43.181839419446895,-2.6705644873203234
16621.865999999998,62.394391891891885,43.182943896387776,-2.6726754233119623
16384.113999999998,61.50192942942942,43.183399115808406,-2.669034499852778
16621.865999999998,62.394391891891885,43.18317152229149,-2.670854967845469
16458.063,61.77951576576575,43.18427599050607,-2.672965961065469
16308.458999999999,61.21793918918918,43.18473122190485,-2.669324958295976
16354.277999999998,61.38993243243242,43.18450362239926,-2.671145465944404
17884.303999999993,67.13327327327325,43.18096244456121,-2.6666332344692516
17774.066999999992,66.7194707207207,43.1827495752418,-2.6632826988290326
18041.608999999993,67.72375750750747,43.182522084873334,-2.6651031647338908
18072.495999999996,67.83969969969968,43.182294562117775,-2.6669236181184437
16542.630999999998,62.09696321321319,43.183854205680454,-2.665393526295116
16904.166999999998,63.454080330330314,43.18408170203488,-2.6635730207333044
16542.630999999998,62.09696321321319,43.18362667693818,-2.667214019335467
17126.879999999994,64.29009009009006,43.185413826092606,-2.663863360202366
16693.863999999998,62.66465465465464,43.18518632375187,-2.66568390542338
16485.099,61.88100225225224,43.18495878902252,-2.667504438121779
12464.195999999996,46.78752252252251,43.17168647636984,-2.7188367664340385
12513.192999999997,46.97144519519518,43.171914920168454,-2.717016795678648
12251.619999999997,45.98956456456455,43.172789943290034,-2.7209482620763654
12443.741999999997,46.71074324324322,43.173018425471994,-2.7191282642708687
12589.197999999997,47.25674924924923,43.17324687527917,-2.7173082539000073
12589.197999999997,47.25674924924923,43.17435037182707,-2.719419779737807
12251.619999999997,45.98956456456455,43.17412188363539,-2.72123981715986
12589.197999999997,47.25674924924923,43.174578827643174,-2.7175997297492342
,,43.175453821233354,-2.721531389877167
12589.197999999997,47.25674924924923,43.17568231543514,-2.7197113128363197
11807.559999999998,44.32267267267266,43.1738933630685,-2.72305984201381
12846.383999999998,48.22216216216215,43.17591077726051,-2.717891223227782
12567.052999999996,47.17362237237236,43.17678575608404,-2.7218229802297618
12444.194999999996,46.71244369369367,43.17701425629626,-2.720002863567862
12444.194999999996,46.71244369369367,43.17724272413133,-2.71818273433712
12567.052999999996,47.17362237237236,43.178117688187506,-2.7221145882190934
12444.194999999996,46.71244369369367,43.178346194410565,-2.720294431933904
12444.194999999996,46.71244369369367,43.17857466825568,-2.7184742630787104
12172.529999999997,45.69268018018017,43.17944961754383,-2.7224062138466336
12172.529999999997,45.69268018018017,43.17967812977809,-2.7205860179359043
12444.194999999996,46.71244369369367,43.17990660963362,-2.7187658094540077
11807.559999999998,44.32267267267266,43.17522529465558,-2.723351454348759
11569.686999999996,43.42975600600599,43.17632865852954,-2.725463175840717
11807.559999999998,44.32267267267266,43.176557223495024,-2.7236430843212336
12213.267999999996,45.845600600600584,43.17766057860897,-2.7257548630731554
11357.144999999997,42.63192567567566,43.1774319752542,-2.7275749816388664
12213.267999999996,45.845600600600584,43.17788914958685,-2.723934731932704
12213.267999999996,45.845600600600584,43.178992495940506,-2.7260465679482926
11307.374999999998,42.44510135135134,43.178763886572156,-2.727866726136064
12213.267999999996,45.845600600600584,43.179221072931185,-2.7242263971846246
11095.059,41.64811936936937,43.17853524482653,-2.7296868717463556
11060.456999999999,41.51823198198198,43.17986714738155,-2.7299786735131057
10973.000999999998,41.18994369369368,43.179638467243414,-2.7317988461663285
10791.556999999999,40.50884759759759,43.180741642501864,-2.7339109049019172
10930.478,41.03032282282281,43.18097036103408,-2.7320907052074235
11029.086,41.40047297297296,43.18230225207596,-2.7323825819023475
11341.191999999997,42.57204204204202,43.18032441052423,-2.726338290467595
11341.191999999997,42.57204204204202,43.18009579514193,-2.728158488279668
12323.136999999997,46.25802177177175,43.18055299352807,-2.724518080078462
11341.191999999997,42.57204204204202,43.18165632236023,-2.7266300306325193
11272.360999999999,42.313667417417406,43.18142770096361,-2.728450268071144
10971.632999999998,41.184808558558544,43.1811990471881,-2.7302704929299724
11875.805999999997,44.57885135135133,43.181884911377594,-2.724809780615675
11940.646999999997,44.82224849849849,43.18321682647984,-2.7251014987977262
11305.737,42.4389527027027,43.182759604037265,-2.7287420655119563
11145.613999999998,41.83789039039038,43.18253094424628,-2.7305623299984205
11545.075999999997,43.33737237237236,43.18207352752668,-2.7342028212221563
11039.615999999998,41.43999999999998,43.18363414036916,-2.7326744762525625
11545.075999999997,43.33737237237236,43.18340540980244,-2.734494755199934
11039.615999999998,41.43999999999998,43.184966025913745,-2.7329663882595394
11039.615999999998,41.43999999999998,43.18473728932921,-2.7347867068367155
11837.409999999996,44.4347222222222,43.18606916610706,-2.7350786761339636
11977.407999999998,44.960240240240225,43.181010062398926,-2.7208776215753248
11977.407999999998,44.960240240240225,43.18078154415309,-2.722697857113845
12407.120999999997,46.57327702702701,43.18123854826525,-2.719057373464483
12407.120999999997,46.57327702702701,43.182341992273145,-2.7211692428536303
11940.646999999997,44.82224849849849,43.18211346801535,-2.7229895180221844
12407.120999999997,46.57327702702701,43.182570484150624,-2.7193489551115944
12407.120999999997,46.57327702702701,43.18367391940084,-2.721460881772286
11940.646999999997,44.82224849849849,43.183445389130725,-2.723281196573119
12301.628999999997,46.177286036036016,43.18390241728984,-2.719640554396804
12301.628999999997,46.177286036036016,43.185005843782065,-2.721752538332749
11341.191999999997,42.57204204204202,43.182988231448576,-2.726921788444536
11229.932999999999,42.15440315315315,43.18386283855613,-2.7308541847199193
11610.494999999997,43.58293918918917,43.18432013778935,-2.727213563905099
11610.494999999997,43.58293918918917,43.18454873883488,-2.725393234626091
11305.737,42.4389527027027,43.184091504362975,-2.7290338806035725
11527.145999999997,43.27006756756756,43.18565204138262,-2.727505357015686
11692.598999999997,43.891137387387374,43.18588064844281,-2.725684988102218
11202.691999999997,42.05214714714713,43.18519473011773,-2.7311460570959243
11381.646999999997,42.723900150150136,43.1854234019408,-2.7293257133474444
11692.598999999997,43.891137387387374,43.18721255530369,-2.72597675922758
12301.628999999997,46.177286036036016,43.18523434768297,-2.7199321713215756
11610.494999999997,43.58293918918917,43.184777307499246,-2.723572892768111
11914.769999999997,44.7251126126126,43.186337765416894,-2.722044212536484
12524.932999999997,47.01551426426425,43.18656627533008,-2.720223805887379
11914.769999999997,44.7251126126126,43.186109223121015,-2.7238646066086294
12248.346999999996,45.97727852852851,43.18766968430543,-2.7223359043849653
12691.100999999997,47.639268018018,43.187898200231274,-2.720515458095665
11914.769999999997,44.7251126126126,43.18744113599612,-2.724156338096127
12248.346999999996,45.97727852852851,43.189001600447746,-2.7226276138796375
12691.100999999997,47.639268018018,43.189230122386604,-2.7208071279479116
11692.598999999997,43.891137387387374,43.186983942228466,-2.7277971677777493
11249.312999999998,42.227150900900895,43.18652661893116,-2.731437947127905
11284.671999999999,42.35987987987987,43.18675529677084,-2.729617563745049
12026.424999999997,45.14423798798797,43.188544459417585,-2.72626854800364
12026.424999999997,45.14423798798797,43.18831584032697,-2.7280889961927572
11533.491999999997,43.29388888888887,43.187858504996505,-2.731729854817325
11533.491999999997,43.29388888888887,43.18808718885316,-2.729909431797846
13206.405999999997,49.573596096096075,43.189876360784574,-2.726560354431857
12026.424999999997,45.14423798798797,43.18964773567819,-2.7283808422621725
11575.574999999997,43.4518581081081,43.189190388313826,-2.7320217801656486
12317.733999999997,46.23774024024022,43.18877304612462,-2.7244480872320733
12783.467999999997,47.98599099099098,43.190104953506584,-2.724739854017935
12783.467999999997,47.98599099099098,43.19033351384389,-2.7229193410219765
12535.486999999997,47.055131381381365,43.19056204179615,-2.721098815445565
13026.031999999997,48.8965165165165,43.19143685814212,-2.7250316384551674
13026.031999999997,48.8965165165165,43.19166542449398,-2.723211085813445
12669.122999999996,47.556768018018,43.191893958459985,-2.7213905205901026
13171.022999999997,49.44077702702701,43.192768760031264,-2.7253234405452487
13171.022999999997,49.44077702702701,43.192997332398065,-2.7235028482555057
12669.122999999996,47.556768018018,43.1932258723782,-2.721682243382987
11575.574999999997,43.4518581081081,43.18941907818783,-2.730201317507296
13206.405999999997,49.573596096096075,43.191208259404746,-2.726852178513704
12665.990999999996,47.545011261261244,43.19097962828224,-2.7286727059874605
12665.990999999996,47.545011261261244,43.190522268883214,-2.732313723174343
12665.990999999996,47.545011261261244,43.190750964774935,-2.7304932208748673
13206.405999999997,49.573596096096075,43.19254015527819,-2.727144020250634
12665.990999999996,47.545011261261244,43.19231151813918,-2.728964587370085
12298.034999999996,46.16379504504503,43.19185414670476,-2.7326056838448665
12665.990999999996,47.545011261261244,43.19208284861458,-2.7307851419020244
12425.273999999996,46.6414189189189,43.19364340524906,-2.729256486411514
12298.034999999996,46.16379504504503,43.191396645730904,-2.7362467299569553
9764.201,36.652406156156154,43.19116784666759,-2.738067234123041
12298.034999999996,46.16379504504503,43.19162541241008,-2.7344262131970374
9764.201,36.652406156156154,43.19249970368119,-2.7383593313867416
12107.630999999996,45.4490653153153,43.19295728146459,-2.7347182311753153
12298.034999999996,46.16379504504503,43.192728508765356,-2.7365387875785236
12107.630999999996,45.4490653153153,43.194289147771,-2.735010266820607
12107.630999999996,45.4490653153153,43.19406036905136,-2.736830862869356
9764.201,36.652406156156154,43.19383155794597,-2.738651446321946
,,43.19516340946202,-2.738943578930126
12107.630999999996,45.4490653153153,43.193186021778516,-2.7328976621786913
12396.666999999996,46.53403528528527,43.19341472970679,-2.7310770805902314
12612.694999999996,47.344951201201184,43.193872048404955,-2.7274358796441187
12425.273999999996,46.6414189189189,43.19497528961199,-2.729548403113211
12310.111999999997,46.20912912912912,43.194517894104564,-2.7331896581772805
12550.363999999998,47.11097597597596,43.19474660805167,-2.7313690369409565
12612.694999999996,47.344951201201184,43.195203938785156,-2.7277277566956286
12251.919999999995,45.99069069069067,43.196307171228035,-2.729840337476643
12612.694999999996,47.344951201201184,43.196535826418824,-2.7280196514066137
12310.111999999997,46.20912912912912,43.195849763682986,-2.733481671842099
12612.694999999996,47.344951201201184,43.19410065917414,-2.7256152602896306
12812.197999999997,48.09383633633632,43.19432923755624,-2.7237946283496233
12812.197999999997,48.09383633633632,43.19455778355089,-2.7219739838256753
12612.694999999996,47.344951201201184,43.19543255557079,-2.7259070976897846
12812.197999999997,48.09383633633632,43.19588969197809,-2.722265741919638
12812.197999999997,48.09383633633632,43.19566113996855,-2.724086426097259
12812.197999999997,48.09383633633632,43.19722159765989,-2.722557517666334
12812.197999999997,48.09383633633632,43.1969930396351,-2.724378241499887
12445.306999999995,46.716617867867846,43.19676444922129,-2.726198952747171
12445.306999999995,46.716617867867846,43.19832493655597,-2.72467007455896
12107.630999999996,45.4490653153153,43.195621011329415,-2.7353023201343754
,,43.19539222658898,-2.7371229558309116
,,43.19672408137831,-2.737415066464659
,,43.19695287213992,-2.7355943911180844
,,43.196495258229405,-2.739235729212748
,,43.19805593341942,-2.7377071947720633
,,43.19828473020255,-2.735886479773206
,,43.19782710424818,-2.7395278971712735
,,43.19915894751845,-2.7398200828071713
11366.706999999997,42.667819069069054,43.19961658551744,-2.7361785861012033
11837.409999999996,44.4347222222222,43.186297908709776,-2.733258317924737
11618.876999999997,43.61440315315314,43.18762978875735,-2.7335502652496224
11837.409999999996,44.4347222222222,43.18740104013607,-2.7353706630931516
11837.409999999996,44.4347222222222,43.18717225913304,-2.737191048346336
11618.876999999997,43.61440315315314,43.18896166605654,-2.7338422302356555
11618.876999999997,43.61440315315314,43.188732911416345,-2.7356626677157334
,,43.188504124393575,-2.7374830926043052
12298.034999999996,46.16379504504503,43.190293540607435,-2.734134212884302
12298.034999999996,46.16379504504503,43.190064779947924,-2.735954690003182
9764.201,36.652406156156154,43.18983598690507,-2.7377751545293827
,,43.19626640269354,-2.7410563793607725
,,43.197598242689196,-2.741348586969256
,,43.198701179965305,-2.743461529103586
16589.773999999994,62.2739264264264,43.16045712229627,-2.6883371093766293
16775.931999999997,62.9727177177177,43.16068501450303,-2.6865173861605607
16788.765999999992,63.020893393393365,43.16156126103462,-2.690447569690823
16788.765999999992,63.020893393393365,43.16178919160542,-2.688627819395578
16788.765999999992,63.020893393393365,43.162017089804785,-2.6868080565713766
16788.765999999992,63.020893393393365,43.162893321607626,-2.690738336899348
17625.743999999995,66.16270270270267,43.16334916236454,-2.6870987445603
16788.765999999992,63.020893393393365,43.16312125817219,-2.6889185469948838
16788.765999999992,63.020893393393365,43.16422537943799,-2.6910291216919395
17248.476,64.74653153153152,43.16445332199669,-2.6892092921760082
17202.743999999995,64.57486486486485,43.16136849689582,-2.681058141361303
17027.171,63.915807057057044,43.16114070180316,-2.6828779021513163
17625.743999999995,66.16270270270267,43.162244955632346,-2.68498828121979
17704.750999999993,66.4592755255255,43.16270059017067,-2.681348692940788
17704.750999999993,66.4592755255255,43.16247278908776,-2.6831684933424
17625.743999999995,66.16270270270267,43.163577034184286,-2.685278929597187
17704.750999999993,66.4592755255255,43.16403268070463,-2.6816392620916463
17625.743999999995,66.16270270270267,43.16380487363111,-2.6834591021071077
17625.743999999995,66.16270270270267,43.1649091099947,-2.6855695955519017
18173.093999999986,68.21731981981976,43.16536476849779,-2.6819298488153445
17504.00999999999,65.7057432432432,43.161596259616424,-2.679238368049794
17783.201999999987,66.7537612612612,43.1618239899646,-2.6774185822183743
17504.00999999999,65.7057432432432,43.16292835888071,-2.6795288800165284
17664.81499999999,66.30936561561558,43.1633837991808,-2.6758892166063744
17741.602999999992,66.59760885885882,43.163156095217545,-2.677709054571196
17741.57199999999,66.59749249249245,43.164260455404495,-2.679819409552388
17845.46399999999,66.98747747747743,43.16471590768185,-2.6761796669087645
17881.05699999999,67.12108483483479,43.16448819773036,-2.6779995444908975
18173.093999999986,68.21731981981976,43.16559254918784,-2.6801099566588267
18069.441999999992,67.8282357357357,43.166048013443216,-2.6764701347772406
17366.185999999998,65.18838588588588,43.16468123218239,-2.6873894501288036
17248.476,64.74653153153152,43.16555743452576,-2.691319924070049
17366.185999999998,65.18838588588588,43.166013299258395,-2.68768017327833
17248.476,64.74653153153152,43.16578538307898,-2.6895000549404076
17248.476,64.74653153153152,43.166889486871035,-2.6916107440351444
17366.185999999998,65.18838588588588,43.16734536359267,-2.687970914010348
17248.476,64.74653153153152,43.16711744141915,-2.6897908352895357
,,43.16822153647387,-2.691901581588671
,,43.168677425185244,-2.6882616723263064
,,43.168449497017264,-2.6900816332248634
17625.743999999995,66.16270270270267,43.16513695543329,-2.68374972844689
17366.185999999998,65.18838588588588,43.166241183063654,-2.685860279085411
18173.093999999986,68.21731981981976,43.166696853550235,-2.6822204531133162
17625.743999999995,66.16270270270267,43.166469034494376,-2.684040372363212
17366.185999999998,65.18838588588588,43.16757325339121,-2.6861509801991508
,,43.16780111081444,-2.6843310338575233
18545.14199999999,69.61389639639634,43.168028935862026,-2.6825110749870453
,,43.16913318439359,-2.6846217129312846
,,43.168905320977466,-2.686441698894585
18888.94499999999,70.90444819819815,43.16936101543326,-2.6828017144379728
17881.05699999999,67.12108483483479,43.165820297503096,-2.678290051978936
18173.093999999986,68.21731981981976,43.166924640230846,-2.680400521337311
18086.39199999999,67.89186186186181,43.16738011646495,-2.676760620213267
18545.14199999999,69.61389639639634,43.167152394535876,-2.6785805770367683
18545.14199999999,69.61389639639634,43.16825672853358,-2.6806911035892944
18545.14199999999,69.61389639639634,43.16871221674717,-2.67705112321829
18545.14199999999,69.61389639639634,43.168484488828746,-2.6788711196658466
19122.089999999993,71.77961711711708,43.170044314289925,-2.677341643793773
18888.94499999999,70.90444819819815,43.16981658038178,-2.67916167986764
18888.94499999999,70.90444819819815,43.16958881409611,-2.6809817034162298
18888.94499999999,70.90444819819815,43.17092089691852,-2.681272320819577
19122.089999999993,71.77961711711708,43.17137640909331,-2.6776321819411755
19122.089999999993,71.77961711711708,43.17114866919508,-2.67945225764359
19150.11199999999,71.88480480480477,43.17225297700089,-2.6815629558007945
19150.11199999999,71.88480480480477,43.172708501157395,-2.6779227376619534
19150.11199999999,71.88480480480477,43.1724807552687,-2.679742852995164
19150.11199999999,71.88480480480477,43.17358505434329,-2.681853608361345
19150.11199999999,71.88480480480477,43.17404059048226,-2.6782133109575574
19150.11199999999,71.88480480480477,43.17381283860272,-2.6800334659238203
,,43.17491712894583,-2.682144278502673
,,43.16955358333439,-2.692192436732104
,,43.170009484036214,-2.6885524482276706
,,43.16978154987339,-2.690372448747834
,,43.17088562745264,-2.692483309466883
,,43.17111359998764,-2.690663281859919
,,43.17134154014566,-2.688843241715891
,,43.1722176688287,-2.6927741997944823
,,43.17267359351366,-2.689134052792437
,,43.17244564736006,-2.690954132562565
,,43.17354970746265,-2.693065107716349
,,43.17023738582249,-2.6867324351731825
18888.94499999999,70.90444819819815,43.170693092263996,-2.6830923714675556
,,43.17046525523187,-2.6849124095859502
,,43.17156944792635,-2.6870231890363896
,,43.17202516635432,-2.683383046077262
,,43.17179732332936,-2.685203123822985
,,43.17290150728915,-2.6873139604856675
,,43.173357237704316,-2.683673738268543
,,43.17312938868614,-2.6854938556438444
,,43.17423356391093,-2.6876047495224773
,,43.17446145130231,-2.685784605049987
,,43.17468930631404,-2.6839644480428566
,,43.175793511177915,-2.686075372042866
,,43.17602137218361,-2.6842551754016664
,,43.17556561779181,-2.687895556148278
,,43.17689766893185,-2.6881863803645194
17112.546999999995,64.2362875375375,43.17712556831306,-2.686366156623947
17112.546999999995,64.2362875375375,43.17735343531309,-2.6845459203464226
17112.546999999995,64.2362875375375,43.178229717331135,-2.6884772221726725
17112.546999999995,64.2362875375375,43.17845762270782,-2.686656958794685
16788.765999999992,63.020893393393365,43.1626653526712,-2.69255811427212
,,43.16220931768411,-2.6961976314162714
16589.773999999994,62.2739264264264,43.16243735136323,-2.694377879111618
16788.765999999992,63.020893393393365,43.16399740450661,-2.6928489386750156
,,43.16376939720293,-2.6946687431236716
,,43.16354135752729,-2.6964885350363215
,,43.16532945359908,-2.693139780665689
,,43.16510144029929,-2.69495962472574
,,43.16487339462678,-2.6967794562486316
,,43.16643348065243,-2.6952505239192828
,,43.164645316581876,-2.698599275232781
,,43.165749228523936,-2.7007100997041458
,,43.165521079735704,-2.7025299332150987
,,43.1659773449397,-2.6988902536501422
,,43.16685309335041,-2.7028210084535624
,,43.167081248138636,-2.7010011353313503
,,43.167309370553625,-2.6991812496649223
,,43.16841326500915,-2.7012921885596834
,,43.16818510422055,-2.703112101295406
,,43.16864139342371,-2.699472263278595
,,43.165292898575366,-2.7043497541814214
14055.949999999997,52.762575075075056,43.165064685043276,-2.7061695626015347
,,43.166624906189284,-2.704640869029987
14055.949999999997,52.762575075075056,43.16639668665561,-2.7064607170590507
15601.677999999998,58.56485735735735,43.16795691105825,-2.704932001484183
14055.949999999997,52.762575075075056,43.16750042761403,-2.7085717642145837
15601.677999999998,58.56485735735735,43.16772868552262,-2.7067518891244333
,,43.16666149994865,-2.693430640245582
,,43.16620542898266,-2.697070395054659
,,43.16799354355549,-2.6937215174161664
,,43.16776551826239,-2.695541440705752
,,43.167537460594986,-2.6973613514558683
,,43.16932558441957,-2.694012412178884
,,43.168869489463866,-2.6976523254537095
,,43.16909755312928,-2.695832375086619
14866.737999999996,55.806073573573556,43.17065762254102,-2.6943033245352166
14866.737999999996,55.806073573573556,43.170201515589376,-2.6979433170496554
13074.485999999997,49.07840090090089,43.1697077681532,-2.7127941113719376
13163.945999999996,49.414211711711694,43.169936102816436,-2.710974182164556
12910.382999999998,48.46239864864864,43.1710397407708,-2.713085455116527
12807.960999999996,48.07793168168166,43.170811367727836,-2.7149054113800535
13163.945999999996,49.414211711711694,43.17126808143948,-2.711265486294688
12910.382999999998,48.46239864864864,43.17237171064228,-2.713376816481564
15024.585999999996,56.39859609609608,43.169517112346185,-2.703403211742083
15024.585999999996,56.39859609609608,43.16974527913553,-2.701583259390611
15024.585999999996,56.39859609609608,43.16997341355006,-2.6997632944926053
15024.585999999996,56.39859609609608,43.17084911772743,-2.703694339795059
15024.585999999996,56.39859609609608,43.171077290517886,-2.701874347825579
15024.585999999996,56.39859609609608,43.17130543093272,-2.700054343308418
15024.585999999996,56.39859609609608,43.172409299156264,-2.702165453866061
14664.088999999996,55.04537912912911,43.172637445571795,-2.700345409727493
15024.585999999996,56.39859609609608,43.17218112036431,-2.703985485455789
14161.825999999995,53.16000750750748,43.17351312025694,-2.7042766487257346
15601.677999999998,58.56485735735735,43.16906068164441,-2.7070430787991455
15601.677999999998,58.56485735735735,43.168832417732695,-2.708862993501573
15601.677999999998,58.56485735735735,43.16928891318237,-2.705223151545456
15601.677999999998,58.56485735735735,43.17016440510584,-2.7091542404016002
15601.677999999998,58.56485735735735,43.17039267502104,-2.707334286084645
15601.677999999998,58.56485735735735,43.17062091256168,-2.7055143192152724
,,43.17149638973353,-2.709445504916122
15601.677999999998,58.56485735735735,43.17172466565259,-2.7076255109823975
15601.677999999998,58.56485735735735,43.1719529091963,-2.7058055044950917
13385.912999999997,50.247421171171155,43.17305665353913,-2.707916753493856
14866.737999999996,55.806073573573556,43.17042958525315,-2.696123327063327
14866.737999999996,55.806073573573556,43.1717616146341,-2.696414296637349
14674.126999999997,55.08305930930929,43.17153353897158,-2.6982343262451467
14866.737999999996,55.806073573573556,43.171989657919916,-2.6945942544866
14866.737999999996,55.806073573573556,43.173093641272196,-2.6967052838101386
14866.737999999996,55.806073573573556,43.17332169055634,-2.694885202034511
14674.126999999997,55.08305930930929,43.172865559610564,-2.69852535304166
14866.737999999996,55.806073573573556,43.17465372045035,-2.695176167180398
14866.737999999996,55.806073573573556,43.17442566516751,-2.696996288583156
14664.088999999996,55.04537912912911,43.17419757750639,-2.698816397440647
12807.960999999996,48.07793168168166,43.17214333159273,-2.7151968123606314
13218.917,49.62055930930931,43.172600057316764,-2.7115568080430266
13218.917,49.62055930930931,43.173703677767726,-2.713668195468512
12938.907999999998,48.56947447447446,43.17347529271118,-2.7154882309653647
13218.917,49.62055930930931,43.17393203044839,-2.711848147411026
13218.917,49.62055930930931,43.1750356421472,-2.7139595920788286
12938.907999999998,48.56947447447446,43.17480725108332,-2.7157796671957115
13218.917,49.62055930930931,43.17526400083442,-2.712139504400149
12938.907999999998,48.56947447447446,43.1763676037808,-2.7142510063139764
12846.383999999998,48.22216216216215,43.17613920670921,-2.716071121053141
14311.790999999997,53.72293918918918,43.173741305050754,-2.7024565775135163
14311.790999999997,53.72293918918918,43.17396945746735,-2.700636493751292
14161.825999999995,53.16000750750748,43.1748451174054,-2.704567829606355
14161.825999999995,53.16000750750748,43.175073308201426,-2.7027477187693907
14311.790999999997,53.72293918918918,43.175301466619466,-2.700927595381274
14161.825999999995,53.16000750750748,43.17640530860838,-2.7030388776351653
14161.825999999995,53.16000750750748,43.17617711180974,-2.7048590280991123
14311.790999999997,53.72293918918918,43.17663347302822,-2.7012187146188924
14161.825999999995,53.16000750750748,43.17750910347006,-2.705150244205469
14161.825999999995,53.16000750750748,43.177737306271666,-2.7033300541122807
13385.912999999997,50.247421171171155,43.17282837161585,-2.7097367870465976
,,43.17328490308628,-2.7060967073863726
13385.912999999997,50.247421171171155,43.17416035075286,-2.710028086794492
13385.912999999997,50.247421171171155,43.174388638680746,-2.708208013620482
14161.825999999995,53.16000750750748,43.17461689423171,-2.7063879278905794
13385.912999999997,50.247421171171155,43.17549232714466,-2.710319404161262
14161.825999999995,53.16000750750748,43.17594888263266,-2.706679166009167
13385.912999999997,50.247421171171155,43.17572062107752,-2.7084992913637427
13385.912999999997,50.247421171171155,43.17682430079131,-2.710610739148374
,,43.177052600729525,-2.708790586725093
,,43.17575768632014,-2.69728731095786
14311.790999999997,53.72293918918918,43.17552959265915,-2.699107459443568
14950.428999999996,56.12022897897896,43.17598574760204,-2.6954671499257277
14311.790999999997,53.72293918918918,43.17686160506893,-2.6993985390518858
14950.428999999996,56.12022897897896,43.17708970473013,-2.6975783509357094
14950.428999999996,56.12022897897896,43.17731777201147,-2.6957581502719505
14950.428999999996,56.12022897897896,43.17864979367874,-2.696049168220539
14950.428999999996,56.12022897897896,43.1781936147358,-2.699689636267054
14950.428999999996,56.12022897897896,43.1784217203976,-2.6978694085181645
14950.428999999996,56.12022897897896,43.17998181260392,-2.69634020377294
13218.917,49.62055930930931,43.17659596847494,-2.7124308790118588
12938.907999999998,48.56947447447446,43.17769956266858,-2.7145424381754184
12846.383999999998,48.22216216216215,43.17747115958889,-2.716362592539118
,,43.177927933370036,-2.7127222712476167
,,43.179259895519756,-2.7130136811088836
12444.194999999996,46.71244369369367,43.17880310972249,-2.716654081655086
,,43.17903151881063,-2.714833887664622
,,43.18013505711005,-2.7169455884025298
,,43.1805918549242,-2.713305108597121
,,43.18036347220703,-2.715125354783037
,,43.1779654766937,-2.7015098514656137
,,43.17884109238641,-2.7054414779268856
,,43.179069301191376,-2.7036212482022104
,,43.17929747761597,-2.701801005922905
,,43.18017307855892,-2.7057327292648115
,,43.1804012933676,-2.7039124599064146
,,43.1806294757951,-2.7020921779922125
,,43.181505061987615,-2.706023998220728
,,43.18173328280037,-2.704203689226343
,,43.181961471231176,-2.7023833676750053
,,43.17728086828922,-2.706970421743603
,,43.17838457763683,-2.7090818997060024
,,43.178156271692906,-2.710902091757283
,,43.17861285120145,-2.707261695095334
,,43.17971655179953,-2.7093732303079148
,,43.179488239849505,-2.7111934619894584
,,43.17994483136945,-2.707552986065845
,,43.180820205261206,-2.71148484984635
,,43.181048523217676,-2.7096645785323106
,,43.181276808793264,-2.707844294656574
,,43.17952562165982,-2.6999807510905343
14950.428999999996,56.12022897897896,43.17975373332258,-2.6981604837066895
,,43.181313828787076,-2.6966312569306234
,,43.18085762584108,-2.7002718835237944
,,43.18108574350521,-2.698451576502738
16053.015,60.259065315315304,43.182645842228304,-2.696922327695042
,,43.18218962727967,-2.700563033568289
16053.015,60.259065315315304,43.18241775094551,-2.6987426869077766
15890.98,59.65082582582582,43.18374975564358,-2.6990338149232587
16053.015,60.259065315315304,43.18397785292767,-2.6972134160676626
,,43.18169542285785,-2.715416839532138
12762.065999999997,47.90565315315314,43.18146700175168,-2.717237112782893
,,43.18192381158343,-2.713596553713789
12762.065999999997,47.90565315315314,43.18325576549755,-2.7138880164603516
12762.065999999997,47.90565315315314,43.18302737076317,-2.7157083419133747
12762.065999999997,47.90565315315314,43.18279894364743,-2.717528654797646
12762.065999999997,47.90565315315314,43.184130882797376,-2.717820214448256
12624.935999999996,47.39090090090088,43.18458771666661,-2.7141794968382706
12762.065999999997,47.90565315315314,43.18435931592309,-2.7159998619282177
12524.932999999997,47.01551426426425,43.18546281920161,-2.71811179173618
,,43.182152167928066,-2.71177625532943
15708.3,58.96509009009008,43.18238049189137,-2.70995594438064
15708.3,58.96509009009008,43.182608783473,-2.708135620868997
15708.3,58.96509009009008,43.18348412785017,-2.7120676784401594
15708.3,58.96509009009008,43.18371245782067,-2.710247327854369
15708.3,58.96509009009008,43.18394075540871,-2.7084269647045676
13206.587999999998,49.57427927927927,43.1848160850276,-2.712359119179991
15708.3,58.96509009009008,43.185044421005685,-2.7105387289549583
15708.3,58.96509009009008,43.185272724600516,-2.7087183261647563
13206.587999999998,49.57427927927927,43.18637638144645,-2.710830147683874
,,43.18306526948982,-2.7044949361634685
15708.3,58.96509009009008,43.1828370426726,-2.7063152847960796
,,43.18329346392429,-2.7026745749727445
15391.493999999995,57.77587837837836,43.18439725343598,-2.7047862007192514
15708.3,58.96509009009008,43.18416902061395,-2.7066065889923383
,,43.184625453874496,-2.7029657998868846
15391.493999999995,57.77587837837836,43.18572923463898,-2.705077482895144
15391.493999999995,57.77587837837836,43.185500995811736,-2.706897910810955
15391.493999999995,57.77587837837836,43.185957441081904,-2.7032570424189
15351.761999999995,57.626734234234206,43.18706121309885,-2.7053687826926165
,,43.175372677067976,-2.678503901829454
,,43.175144919197244,-2.6803240964310144
,,43.17647699705233,-2.680614744518199
,,43.176704760914625,-2.678794510279097
,,43.17624920080855,-2.682434966226248
17112.546999999995,64.2362875375375,43.17758126993154,-2.68272567153353
,,43.1780368420223,-2.6790851363079433
,,43.17780907216806,-2.6809054101868406
,,43.17936892039107,-2.6793757799174536
17112.546999999995,64.2362875375375,43.17891333631487,-2.683016394425965
,,43.1740056441403,-2.689424881458756
,,43.17377769199076,-2.6912450008572417
,,43.17488174335456,-2.693356033233955
,,43.17533769202565,-2.6897157277163104
,,43.175109733879786,-2.6915358867453976
,,43.17666973716978,-2.6900065915665654
,,43.17621377650453,-2.6936469763487447
,,43.17644177302722,-2.691826790228501
14950.428999999996,56.12022897897896,43.177545806912605,-2.693937937062195
,,43.17777380943316,-2.6921177113080033
,,43.178001779572796,-2.6902974730109723
14950.428999999996,56.12022897897896,43.17887783457889,-2.6942289153757453
15775.902999999997,59.218855105105085,43.179105843097666,-2.6924086499853734
15775.902999999997,59.218855105105085,43.17933381923472,-2.6905883720509918
14950.428999999996,56.12022897897896,43.18020985950344,-2.6945199112908713
15775.902999999997,59.218855105105085,43.180665856155684,-2.6908792886880852
15603.693999999998,58.57242492492491,43.180437874020825,-2.692699606262062
15554.868999999997,58.38914789789788,43.181541881686385,-2.6948109248090275
15587.626999999997,58.51211336336335,43.18199789033576,-2.691170222923714
15554.868999999997,58.38914789789788,43.181769902202724,-2.6929905801395284
,,43.17914114454451,-2.681196093438393
16916.785,63.50144519519519,43.180700996021,-2.679666441109083
16880.332999999995,63.36461336336334,43.18024539995863,-2.6833071349050233
,,43.18047321418174,-2.6814867942743157
16916.785,63.50144519519519,43.182033068912176,-2.679957119884292
16880.332999999995,63.36461336336334,43.18157746086291,-2.683597892972158
16962.944999999996,63.67471846846845,43.18180528107986,-2.6817775126960686
16962.944999999996,63.67471846846845,43.18313734523894,-2.6820682487051046
16252.257999999998,61.00697447447446,43.183365139064676,-2.680247816244541
16962.944999999996,63.67471846846845,43.18290951902777,-2.6838886686288284
17112.546999999995,64.2362875375375,43.17868549570253,-2.684836682878592
17112.546999999995,64.2362875375375,43.179789674362254,-2.6869477785565405
16880.332999999995,63.36461336336334,43.180017553352016,-2.6851274629996227
15861.378999999997,59.539710960960946,43.17956176298972,-2.6887680815741857
16880.332999999995,63.36461336336334,43.181121723276455,-2.687238615910968
16880.332999999995,63.36461336336334,43.18134960826166,-2.685418260710984
15861.378999999997,59.539710960960946,43.180893805907694,-2.689058958570527
16567.982,62.19212462462462,43.1824537694505,-2.6875294708594337
16567.982,62.19212462462462,43.18268166043149,-2.6857090760141347
15879.737999999998,59.60862612612611,43.182225846085146,-2.6893498531631552
16332.600999999999,61.308562312312304,43.18378581288446,-2.687820343403397
16359.84,61.41081081081081,43.18355788352214,-2.689640765353525
16567.982,62.19212462462462,43.184013709861645,-2.685999908910524
16337.908,61.32848348348348,43.18488991821876,-2.689931695143098
16332.600999999999,61.308562312312304,43.18511785357843,-2.68811123354431
16856.893,63.27662537537537,43.18534575655214,-2.6862907594016248
16014.533,60.114613363363354,43.18622195017509,-2.6902226425333278
15149.102999999996,56.86600225225223,43.186677800503084,-2.6865816274888865
16332.600999999999,61.308562312312304,43.186449891532455,-2.6884021412836367
15012.956999999995,56.35494369369367,43.187553979391204,-2.6905136075256886
16363.223999999998,61.423513513513505,43.18469720647859,-2.680538530191287
16962.944999999996,63.67471846846845,43.18424157445328,-2.684179461876498
16962.944999999996,63.67471846846845,43.184469406659055,-2.6823590023028903
16615.904,62.372012012012,43.18557362713955,-2.684470272716619
16363.223999999998,61.423513513513505,43.18602927115398,-2.680829261725984
16615.904,62.372012012012,43.185801465340276,-2.6826497734908825
15149.102999999996,56.86600225225223,43.18690567708661,-2.6847611011506594
15166.726999999995,56.93215840840839,43.187133521282675,-2.682940562270535
15268.916999999998,57.31575450450449,43.18736133309092,-2.681120010850101
16741.603,62.8438551051051,43.188693392289494,-2.681410777565091
15688.921999999997,58.89234984984983,43.18287390112772,-2.6951019559316736
15688.921999999997,58.89234984984983,43.183329921775005,-2.6914611747593318
15688.921999999997,58.89234984984983,43.18310192764341,-2.693281571619244
15980.953999999998,59.98856606606605,43.18420591782758,-2.695393004660271
16068.777999999998,60.318235735735726,43.1846619504735,-2.6917521441964065
15980.953999999998,59.98856606606605,43.18443395034299,-2.693572580702656
15756.994999999999,59.14787912912912,43.18553793178605,-2.695684070996277
16005.615999999996,60.08114114114112,43.185765970301524,-2.693863607391231
16014.533,60.114613363363354,43.18599397643133,-2.6920431312363884
15756.994999999999,59.14787912912912,43.18709798751909,-2.694154651686428
14870.363999999998,55.819684684684674,43.18800984171457,-2.6868725131737703
15012.956999999995,56.35494369369367,43.18778192674664,-2.688693066622839
14584.556999999997,54.74683558558557,43.188886005867154,-2.6908045901216324
14681.874999999996,55.112143393393374,43.189113959221054,-2.688984009563375
14792.695999999996,55.528138138138125,43.189341880186625,-2.6871634164577416
14512.572999999997,54.476625375375356,43.19021802960305,-2.691095590322624
14512.572999999997,54.476625375375356,43.19044598895578,-2.6892749701067014
14681.874999999996,55.112143393393374,43.19067391591939,-2.687454337342258
14625.121999999996,54.89910660660659,43.19200594891288,-2.6877452758287728
14268.609999999997,53.56084834834834,43.19155005059897,-2.6913866081301103
15127.272999999997,56.78405780780779,43.188465574486344,-2.683231368643319
14972.136999999995,56.20171546546544,43.188237724294574,-2.685051947180072
16944.787999999997,63.60656156156154,43.18979762495136,-2.68352219261068
16741.603,62.8438551051051,43.1900254487498,-2.6817015618724116
14990.331999999995,56.27001501501499,43.18956976876352,-2.68534281080632
16944.787999999997,63.60656156156154,43.191129672677796,-2.683813034174086
15477.598999999998,58.09909534534533,43.19135750247188,-2.6819923637735266
14733.252999999997,55.30500375375373,43.19090181049351,-2.6856336920308532
15149.551999999996,56.86768768768766,43.19246171766573,-2.684103893334995
15149.551999999996,56.86768768768766,43.19268955345584,-2.6822831832698935
16887.109,63.390048798798794,43.179824374933574,-2.675735115281783
16887.109,63.390048798798794,43.18138414723202,-2.674205306422025
16916.785,63.50144519519519,43.18092874547603,-2.6778460754109035
16916.785,63.50144519519519,43.1811564625465,-2.676025697181357
16916.785,63.50144519519519,43.18226082435948,-2.6781367145384136
16458.063,61.77951576576575,43.18271623809763,-2.6744958662506657
16916.785,63.50144519519519,43.18248854742141,-2.6763162966600125
16252.257999999998,61.00697447447446,43.183592900504614,-2.678427371248713
16458.063,61.77951576576575,43.18404832622567,-2.674786443657601
16033.963,60.187548798798794,43.1838206295584,-2.676606913719206
16079.833999999999,60.359737237237226,43.18560808188726,-2.6732565163964797
16260.958999999999,61.03963588588588,43.18606332526492,-2.6696154343121776
16382.667999999998,61.49650150150149,43.18583571977028,-2.671435981618583
15938.483,59.829140390390386,43.1869401705314,-2.673547089306441
17638.618999999995,66.21103228228226,43.1873954258887,-2.6699059279028234
16043.789,60.22443318318319,43.18716781440464,-2.67172651486947
17638.618999999995,66.21103228228226,43.188727523776265,-2.6701964390693895
16004.071,60.07534159159159,43.188272256438594,-2.6738376797968173
16004.071,60.07534159159159,43.188499906302404,-2.6720170656985145
17312.885,64.98830705705704,43.190059618927684,-2.670486967813321
16693.863999999998,62.66465465465464,43.186518439087685,-2.665974302120136
17722.001,66.52402777777777,43.18674594741508,-2.664153717237672
16482.222999999998,61.870206456456444,43.18629089837084,-2.6677948744788296
17664.740999999998,66.30908783783782,43.18785055168792,-2.6662647163868485
17758.336999999996,66.66042417417415,43.18807806600235,-2.6644440918406764
17415.308999999997,65.37278153153152,43.187623004983244,-2.668085328408094
17415.308999999997,65.37278153153152,43.18918266155268,-2.6665551482249694
18152.98,68.14181681681681,43.189410181854534,-2.6647344840128393
17407.378999999997,65.34301426426424,43.1889551088598,-2.6683757999110145
18222.379999999994,68.4023273273273,43.190742294971706,-2.665024893755628
16348.535,61.368374624624614,43.184924973911535,-2.6787180455432615
15937.127,59.8240503003003,43.185380411616215,-2.6750770386442753
16033.963,60.187548798798794,43.185152708957524,-2.676897548360396
15705.122,58.95316066066065,43.18648478561888,-2.6771882005850425
15775.807,59.21849474474474,43.18671249426936,-2.675367651212162
15556.662999999997,58.395882132132115,43.18625704458029,-2.6790087374235085
16531.896,62.05666666666666,43.188044574185184,-2.675658281362707
15440.665999999997,57.96045795795794,43.18758911251099,-2.6792994468909295
15522.268999999997,58.26677552552551,43.18781685954253,-2.6774788703946046
16334.447,61.31549174174174,43.18937665136375,-2.675948929097377
16265.067,61.0550563063063,43.18960433960889,-2.674128287869065
17312.885,64.98830705705704,43.18983199546367,-2.6723076341071876
17115.10099999999,64.24587462462459,43.191391711343044,-2.670777514136087
17020.487999999994,63.89072072072069,43.1911640818885,-2.6725982200969365
16373.408,61.46174174174174,43.19093642004242,-2.674418913524644
17085.250999999993,64.13382507507505,43.19272380102244,-2.671068078039133
17325.408,65.03531531531532,43.1922684977392,-2.6747095567650123
17325.408,65.03531531531532,43.19249616557699,-2.6728888236692243
17325.408,65.03531531531532,43.19360057269934,-2.675000217591634
16974.87699999999,63.719508258258216,43.19405588796591,-2.6713586595239307
17202.302999999996,64.57320945945943,43.1902872100006,-2.6686662889890522
17416.34899999999,65.37668543543539,43.19051476868205,-2.66684559763596
17814.952,66.87294294294294,43.19207440535391,-2.6653153210704827
17370.133999999995,65.20320570570568,43.191846873076116,-2.6671360646212734
17115.10099999999,64.24587462462459,43.1916193084057,-2.6689567956436693
17584.246999999992,66.00693318318315,43.1929514040752,-2.669247319876328
17719.002999999993,66.51277402402398,43.19340651300124,-2.6656057659588703
17576.144999999993,65.97652027027024,43.19317897473492,-2.667426549182375
17498.41699999999,65.68474849849845,43.19428349700915,-2.669537861688472
17498.41699999999,65.68474849849845,43.19451107365857,-2.6677170513207185
16629.821,62.424253003002995,43.189148930728564,-2.677769557790538
15440.665999999997,57.96045795795794,43.1889211777037,-2.6795901739469676
16827.103,63.16480105105104,43.19025324015848,-2.679880918593094
16515.773999999998,61.996148648648635,43.190480999177055,-2.678060262774306
16425.143,61.65594219219219,43.190708725805145,-2.676239594417626
16515.773999999998,61.996148648648635,43.191813064888066,-2.678350985347364
16593.194,62.28676426426426,43.192040797509435,-2.6765302773249227
15477.598999999998,58.09909534534533,43.191585299875435,-2.680171680830759
15500.411999999997,58.18472972972971,43.1931451278617,-2.678641725511171
16593.194,62.28676426426426,43.19337286647672,-2.676820977820715
16703.466999999993,62.70070195195192,43.19382824652919,-2.673179444825508
16652.463999999996,62.50924924924923,43.19493264492292,-2.675290896005958
16521.732,62.01851351351351,43.19538797217357,-2.671649258591931
16652.463999999996,62.50924924924923,43.195160324745196,-2.6734700835672536
15857.923999999999,59.52674174174173,43.196264714410006,-2.6755815920094546
16620.681999999997,62.38994744744743,43.196492400225104,-2.67376073989591
16440.245,61.71263138138137,43.19672005364548,-2.671939875244595
15857.923999999999,59.52674174174173,43.19759678116068,-2.675872305603572
16503.612,61.950495495495495,43.19782447296894,-2.674051413812947
16275.828999999998,61.095454204204195,43.19805213238172,-2.6722305094833825
17719.002999999993,66.51277402402398,43.19473861791379,-2.665896228422251
17498.41699999999,65.68474849849845,43.19584316984714,-2.6680075710377635
16477.543999999998,61.85264264264263,43.19561558720766,-2.669828421081574
17649.978999999996,66.25367492492491,43.19607072009163,-2.6661867084620825
17649.978999999996,66.25367492492491,43.197402819534815,-2.6664772060798194
16374.076999999997,61.46425300300299,43.1971752633007,-2.668298108334966
16374.076999999997,61.46425300300299,43.196947674670795,-2.6701189980570854
16560.015,62.16221846846846,43.198507354019334,-2.668588663213791
16560.015,62.16221846846846,43.19827975939863,-2.6704095926164735
16840.942999999996,63.21675300300298,43.19873491624347,-2.666767721276926
15477.598999999998,58.09909534534533,43.19291735685463,-2.680462460661427
15500.411999999997,58.18472972972971,43.19447718809803,-2.6789324832671944
15788.382999999998,59.26570195195193,43.19470493270708,-2.6771116959064667
15500.411999999997,58.18472972972971,43.194249411096145,-2.6807532580865563
15788.382999999998,59.26570195195193,43.196036996200554,-2.6774024315836367
15546.597999999998,58.35810060060059,43.195809245597125,-2.6792232586168834
15282.395999999997,57.366351351351334,43.19558146260004,-2.681044073107607
15356.151999999998,57.6432132132132,43.196913511366425,-2.681334905726038
15535.652999999998,58.31701576576575,43.19714130035906,-2.6795140515617013
15697.677,58.92521396396396,43.19736905695726,-2.6776931848536893
15878.586,59.60430180180179,43.18352162597565,-2.700854201225481
15878.586,59.60430180180179,43.18508175759949,-2.699324960550653
15878.586,59.60430180180179,43.184853621929115,-2.7011453864968322
16046.312000000002,60.2339039039039,43.185309860885255,-2.6975045220499436
15562.422999999999,58.41750375375374,43.18664186610112,-2.6977956456433447
15878.586,59.60430180180179,43.18641375681332,-2.699616123791418
15878.586,59.60430180180179,43.186185615140126,-2.7014365893837966
15433.615999999998,57.93399399399399,43.187973868575384,-2.698086786849325
14827.932999999997,55.660409159159144,43.18774575328517,-2.699907304647013
14827.932999999997,55.660409159159144,43.187517605608775,-2.701727809887842
12624.935999999996,47.39090090090088,43.18569125833765,-2.716291399578128
12624.935999999996,47.39090090090088,43.18591966509071,-2.7144709948490098
12680.858999999997,47.600822072072056,43.186794752860216,-2.718403386662881
12942.064999999997,48.58132507507506,43.1872516107699,-2.714762510494029
12680.858999999997,47.600822072072056,43.187023198006926,-2.716582954864573
13034.700999999997,48.929057807807794,43.188355134931044,-2.716874527789007
13034.700999999997,48.929057807807794,43.188126683773255,-2.718694999229823
12942.064999999997,48.58132507507506,43.18858355370428,-2.7150540437747974
13034.700999999997,48.929057807807794,43.189687069110036,-2.717166118352895
12998.914999999997,48.794725975975965,43.18991549389391,-2.71534559469277
15425.668999999998,57.904162912912895,43.186832968266025,-2.7071892502534025
15351.761999999995,57.626734234234206,43.18728942554655,-2.7035483025702374
13790.631999999998,51.76663663663662,43.18816493797691,-2.7074806073211386
13922.088999999998,52.26009384384383,43.18839318881568,-2.7056601001131275
14827.932999999997,55.660409159159144,43.18862140726853,-2.703839580342367
14018.683999999997,52.62268768768767,43.18972516178956,-2.7059514351581435
13900.642999999998,52.179590840840824,43.189496904944484,-2.7077719820156188
14423.111999999997,54.14081081081079,43.18995338624793,-2.7041308757367504
14014.683999999997,52.607672672672656,43.19082886916878,-2.7080633743383205
14054.137999999997,52.755773273273256,43.19105713202055,-2.706242787829117
13206.587999999998,49.57427927927927,43.18614803946043,-2.712650577550399
15425.668999999998,57.904162912912895,43.186604691048444,-2.7090097052510127
13206.587999999998,49.57427927927927,43.187708339143086,-2.7111215840425706
13167.350999999997,49.42699324324323,43.18747999114873,-2.7129420535528372
13790.631999999998,51.76663663663662,43.1879366547526,-2.70930110196481
13311.050999999998,49.96640765765765,43.18904029409563,-2.711413038032518
13311.050999999998,49.96640765765765,43.1888119400926,-2.7132335471887723
13790.631999999998,51.76663663663662,43.18926861571305,-2.7095925163076084
13311.050999999998,49.96640765765765,43.19037224630419,-2.711704509655173
13311.050999999998,49.96640765765765,43.190143886292084,-2.713525058459667
15248.768999999997,57.240123873873856,43.18930586830808,-2.6983779456693515
14770.149999999994,55.44350600600598,43.18907774701509,-2.700198503118898
14827.932999999997,55.660409159159144,43.18884959333512,-2.7020190480104325
14503.656999999996,54.443156906906886,43.1906378652993,-2.69866912210488
14770.149999999994,55.44350600600598,43.19040973800317,-2.7004897192085386
14770.149999999994,55.44350600600598,43.19018157831927,-2.702310303753018
14423.111999999997,54.14081081081079,43.191513560561255,-2.7026015771170764
15187.084999999995,57.00857732732731,43.19196985954914,-2.698960316157375
15321.286,57.51233483483483,43.1917417262495,-2.700780952917393
15321.286,57.51233483483483,43.19307371175411,-2.7010722042469233
12691.100999999997,47.639268018018,43.189458611940815,-2.718986629438468
12561.303999999996,47.15204204204203,43.190790537362965,-2.7192782772902815
12669.122999999996,47.556768018018,43.191019000544,-2.717457726557707
,,43.1912474313389,-2.7156371632494123
13305.522999999997,49.9456569069069,43.192579366039276,-2.71592874944619
12669.122999999996,47.556768018018,43.192122460039776,-2.71956994278673
12669.122999999996,47.556768018018,43.192350929232994,-2.7177493524048995
13253.475999999997,49.750285285285266,43.19391129799515,-2.7162203532845646
12669.122999999996,47.556768018018,43.19345437997134,-2.7198616259292705
13231.373999999993,49.66731981981979,43.19368285517711,-2.718040995895937
14423.111999999997,54.14081081081079,43.191285362484834,-2.7044221887548434
14014.683999999997,52.607672672672656,43.192160830649904,-2.708354784290688
14268.964999999997,53.562180930930914,43.19261733597929,-2.704713519398114
14268.964999999997,53.562180930930914,43.19238909950873,-2.706534158127522
14518.041999999998,54.49715465465464,43.193721064254206,-2.70682554605481
14518.041999999998,54.49715465465464,43.19349278938794,-2.7086462118741985
14518.041999999998,54.49715465465464,43.19394930673142,-2.7050048676680283
13163.484999999997,49.41248123123122,43.19482474538296,-2.7089376570903063
13444.873999999996,50.46874624624623,43.19505302625703,-2.7071169516124507
13444.873999999996,50.46874624624623,43.19528127474122,-2.705296233566036
14014.683999999997,52.607672672672656,43.19060057392987,-2.7098839482808628
,,43.191704195768835,-2.711995998912
13311.050999999998,49.96640765765765,43.19147582974729,-2.7138165873669875
14014.683999999997,52.607672672672656,43.19193252940315,-2.710175397886044
13305.522999999997,49.9456569069069,43.19303614248962,-2.712287505804467
13305.522999999997,49.9456569069069,43.19280777045827,-2.714108133912183
,,43.19326448213296,-2.7104668651246087
13305.522999999997,49.9456569069069,43.19413970842512,-2.7143996980967375
13419.532999999998,50.37362237237236,43.19436808646666,-2.71257903033403
13357.293999999998,50.13999249249248,43.19459643211938,-2.7107583499980294
14338.853999999998,53.82452702702701,43.1928455400612,-2.702892868104059
15187.084999999995,57.00857732732731,43.19330185105766,-2.699251527828293
14127.485999999994,53.031103603603576,43.19440569451712,-2.701363473198594
14450.636999999995,54.24413288288286,43.19417751681915,-2.703184176715427
13857.105999999996,52.01616366366365,43.194633839824945,-2.6995427571191053
13888.553999999996,52.13421171171169,43.1957376745386,-2.701654759773865
14414.974999999999,54.1102665165165,43.195509490835214,-2.703475502952648
13857.105999999996,52.01616366366365,43.19596582585105,-2.6998340040312647
13238.093999999996,49.69254504504502,43.19706965181863,-2.701946063974195
13055.705999999996,49.00790540540539,43.19684146210943,-2.7037668468171834
13151.571999999996,49.367762762762744,43.196156698635036,-2.7092291199404808
13022.223999999997,48.88222222222221,43.19638498551728,-2.7074083748019007
13042.468999999996,48.958216966966944,43.19661324000886,-2.7055876170936104
12926.390999999998,48.52248873873873,43.197488649144226,-2.709520600426176
12970.001999999997,48.686193693693674,43.19771694203503,-2.7076998156246317
13042.468999999996,48.958216966966944,43.19794520253436,-2.705879018252211
12926.390999999998,48.52248873873873,43.19882059691064,-2.7098120985488623
12760.686999999998,47.900476726726716,43.199048895810364,-2.707991274082102
12852.197999999997,48.24398648648647,43.19927716231783,-2.7061704370432995
12967.132999999998,48.67542417417416,43.20038084684335,-2.7082827501757736
15648.996,58.742477477477465,43.18686994300316,-2.6959751549411526
16014.533,60.114613363363354,43.18732599964856,-2.6923341358807455
15562.422999999999,58.41750375375374,43.18820195147903,-2.696266256496364
14323.303999999996,53.76615615615614,43.18865802012528,-2.6926251581309395
15648.996,58.742477477477465,43.18843000199578,-2.6944457135897095
15321.490999999998,57.51310435435435,43.18953395721372,-2.696557375663369
15002.435999999994,56.31545045045042,43.189762013731674,-2.6947367931025337
14323.303999999996,53.76615615615614,43.18999003786157,-2.6929161979884237
14252.897999999994,53.501869369369345,43.19109402272683,-2.6950278902263602
14323.303999999996,53.76615615615614,43.1913220528575,-2.6932072554546655
14733.252999999997,55.30500375375373,43.19223384948464,-2.685924590855148
15078.095999999998,56.599459459459446,43.19402160170175,-2.6825740203629738
14951.293999999994,56.12347597597595,43.19356588573696,-2.6862155072806564
14951.293999999994,56.12347597597595,43.19379375991523,-2.6843947700948694
15331.052999999996,57.548997747747734,43.19489791925055,-2.6865064413088384
15185.831999999995,57.00387387387385,43.1951257994264,-2.684685664455162
15132.748999999996,56.804613363363345,43.195353647209686,-2.6828648750542294
15331.052999999996,57.548997747747734,43.19645783619931,-2.6849765764173457
15331.052999999996,57.548997747747734,43.196229950025526,-2.6867973929411555
15356.151999999998,57.6432132132132,43.19668568997971,-2.683155747345117
14362.144999999997,53.911955705705694,43.19086596020731,-2.696848512443628
14050.239999999994,52.74114114114112,43.19242602898134,-2.695319004962659
14083.122999999996,52.8645758258258,43.192654065113146,-2.693498330531116
14362.144999999997,53.911955705705694,43.192197960459865,-2.6971396668386007
13906.865999999995,52.20295045045042,43.19375803249526,-2.6956101373128765
15336.910999999996,57.57098723723722,43.19352995797149,-2.6974308388497565
13995.112999999994,52.53420795795793,43.193986074628604,-2.6937894232192487
13840.824999999997,51.955048798798785,43.19509003326869,-2.695901287278487
13975.891999999996,52.46205705705704,43.19531808140392,-2.694080533520522
13752.278999999995,51.62266891891889,43.19486195274226,-2.6977220284785397
14625.121999999996,54.89910660660659,43.19177801595089,-2.6895659482542915
14519.626999999997,54.50310435435434,43.19311004020645,-2.68985694400759
14274.768999999997,53.5839677177177,43.19288206885498,-2.691677643545569
14519.626999999997,54.50310435435434,43.193337979167225,-2.6880362319187574
14413.709999999995,54.105518018017996,43.19421408437116,-2.691968696570451
14755.962999999996,55.39025150150148,43.19444206172257,-2.6901479573680644
14755.962999999996,55.39025150150148,43.194670006682486,-2.688327205613668
14755.962999999996,55.39025150150148,43.19577408049929,-2.690438988337177
14755.962999999996,55.39025150150148,43.19600203145873,-2.688618196914958
14545.014999999996,54.59840465465463,43.195546097147584,-2.6922597672062225
15331.052999999996,57.548997747747734,43.19756197806192,-2.6870883621790718
15356.151999999998,57.6432132132132,43.19801773001195,-2.6834466372370924
15331.052999999996,57.548997747747734,43.19778987023401,-2.6852675059828703
,,43.198894003359854,-2.6873793490240407
15815.317,59.366805555555544,43.199349767306416,-2.683737544731627
15815.317,59.366805555555544,43.19912190153061,-2.6855584531532046
14240.361999999997,53.45481231231229,43.20022602591937,-2.6876703534775275
15815.317,59.366805555555544,43.20068180186323,-2.6840284698301766
15815.317,59.366805555555544,43.20045393008917,-2.6858494179298016
14240.361999999997,53.45481231231229,43.201558045740555,-2.6879613755409943
14245.002999999997,53.47223348348347,43.1966500854392,-2.6943716614363895
13548.190999999995,50.856572822822805,43.196193944772205,-2.6980132357264326
13641.566999999995,51.207083333333316,43.196422031301715,-2.6961924548609453
13910.001999999997,52.21472222222221,43.19798208673452,-2.6946628069683176
13556.939999999995,50.8894144144144,43.19752593406146,-2.6983044605948843
13910.001999999997,52.21472222222221,43.19775402659439,-2.6964836400617194
13556.939999999995,50.8894144144144,43.19885792061008,-2.6985957030853616
14070.314999999995,52.816497747747725,43.199314085289934,-2.694953970117774
13674.384999999995,51.330274024024,43.1990860191468,-2.6967748428822627
13588.787999999997,51.00896396396395,43.200646081105546,-2.695245150886212
14245.002999999997,53.47223348348347,43.196878107184325,-2.6925508554543445
14545.014999999996,54.59840465465463,43.19710609653673,-2.690730036916382
14755.962999999996,55.39025150150148,43.19733405349605,-2.688909205824101
14070.314999999995,52.816497747747725,43.198210114481476,-2.6928419613162724
14199.362999999998,53.30091216216215,43.19843810983493,-2.6910211031071545
14199.362999999998,53.30091216216215,43.19866607279451,-2.6892002323425506
14199.362999999998,53.30091216216215,43.199770120393985,-2.691312186910947
14070.314999999995,52.816497747747725,43.19954211903912,-2.693133084793472
14199.362999999998,53.30091216216215,43.19999808935419,-2.6894912764717684
14062.362999999998,52.786647897897886,43.20110212821396,-2.6916032883292154
13399.147999999997,50.297102102102095,43.19729780913608,-2.700125268566237
13148.997999999996,49.35810060060058,43.19840162635726,-2.7022373858010558
13055.705999999996,49.00790540540539,43.1981734306419,-2.704058208310492
13253.893999999997,49.751854354354336,43.198629789680105,-2.7004165507254845
13159.783999999996,49.398588588588574,43.199733598154594,-2.702528725255903
13363.045999999998,50.161584084084076,43.19996176748321,-2.7007078505104727
13040.915999999997,48.952387387387375,43.19950539643269,-2.704349587434041
13225.975999999997,49.64705705705704,43.201065567210726,-2.7028200823402013
13323.478999999998,50.01305930930929,43.20083735948191,-2.7046409841892873
13540.140999999996,50.82635510510509,43.20129374254545,-2.7009991679226544
15003.803999999996,56.32058558558557,43.202013833682464,-2.6843194125341996
15003.803999999996,56.32058558558557,43.20178595590978,-2.6861404003141276
14184.759999999995,53.24609609609607,43.2028900628235,-2.688252415215903
15003.803999999996,56.32058558558557,43.20311797899251,-2.686431400307642
15003.803999999996,56.32058558558557,43.203345862764195,-2.6846103728451607
14184.759999999995,53.24609609609607,43.20422207716826,-2.6885434725037105
,,43.20444999933744,-2.686722417911805
,,43.20467788910848,-2.684901350764521
,,43.205782016944646,-2.6870134531280807
14164.389999999996,53.169632132132115,43.20555408877493,-2.6888345474058863
13363.045999999998,50.161584084084076,43.200189904418124,-2.698886963199324
13588.787999999997,51.00896396396395,43.200418008959026,-2.697066063324041
13507.932999999997,50.705454204204194,43.201521885485704,-2.699178240938235
13588.787999999997,51.00896396396395,43.20174999603114,-2.6973573013885224
13588.787999999997,51.00896396396395,43.20197807418141,-2.6955363492750934
13703.191999999995,51.438408408408385,43.203310064517616,-2.695827565285891
13507.932999999997,50.705454204204194,43.20308198036323,-2.6976485570771596
13507.932999999997,50.705454204204194,43.202853863812884,-2.699469536303559
13556.270999999997,50.88690315315314,43.20441396195536,-2.697939830391422
13177.999999999996,49.46696696696695,43.204185839399734,-2.6997608492967573
13231.373999999993,49.66731981981979,43.195014778376425,-2.718332657032283
13253.475999999997,49.750285285285266,43.1952432272066,-2.716511974766003
13231.373999999993,49.66731981981979,43.19478629715774,-2.720153326719372
13231.373999999993,49.66731981981979,43.196575153673706,-2.716803613891959
12976.512999999995,48.71063438438436,43.19611821159902,-2.7204450451584905
13231.373999999993,49.66731981981979,43.19634669883102,-2.7186243358154107
13231.373999999993,49.66731981981979,43.197907077396536,-2.717095270663911
12976.512999999995,48.71063438438436,43.19745012329529,-2.720736781248106
13231.373999999993,49.66731981981979,43.197678616540955,-2.7189160322467676
12277.753999999999,46.087665165165156,43.199238998375144,-2.7173869450833115
13419.532999999998,50.37362237237236,43.19570002769999,-2.712870572502157
13357.293999999998,50.13999249249248,43.195928379362485,-2.711049852507756
13326.736999999997,50.02528903903903,43.19547164364791,-2.7146912799220986
13384.597999999998,50.242484984984976,43.196803576126726,-2.7149828793897366
13357.293999999998,50.13999249249248,43.19726032386236,-2.7113413726552626
13384.597999999998,50.242484984984976,43.19703196618972,-2.713162132310308
13384.597999999998,50.242484984984976,43.19813550586163,-2.7152744965011095
13509.901999999995,50.712845345345315,43.19836390193592,-2.713453709759952
13439.446999999996,50.44837462462461,43.19859226561905,-2.7116329104420047
12248.639999999998,45.978378378378366,43.19946743285272,-2.715566131257689
13033.156999999997,48.923262012011996,43.200609119359314,-2.7064618734683394
13439.446999999996,50.44837462462461,43.20015254193436,-2.7101036143100043
12604.188999999998,47.313021771771766,43.20171279513409,-2.708574243907109
12524.410999999998,47.0135548048048,43.20148448421543,-2.710395147711058
13465.873999999996,50.54757507507506,43.201941073658936,-2.706753327528797
12569.814999999999,47.18399024024023,43.20304474068264,-2.7088657552775754
12569.814999999999,47.18399024024023,43.20327302521672,-2.7070447992261295
12230.977999999997,45.91207957957956,43.20281642375394,-2.710686698753496
12441.112999999998,46.70087462462461,43.20437668348907,-2.7091572842886333
12371.658,46.44015765765765,43.20460497403278,-2.7073362885618093
12803.887999999997,48.06264264264262,43.19901053150631,-2.719207746327832
12803.887999999997,48.06264264264262,43.19878203224662,-2.721028534989667
12803.887999999997,48.06264264264262,43.20011393845307,-2.7213203063846425
12277.753999999999,46.087665165165156,43.20057091660963,-2.717678637151634
12277.753999999999,46.087665165165156,43.200342443727195,-2.7194994780600608
12394.026999999998,46.52412537537536,43.20144584191474,-2.7216120954345038
12394.026999999998,46.52412537537536,43.20167435320365,-2.7197912274449223
12190.362999999998,45.75962087087086,43.20190283210009,-2.7179703468703313
12394.026999999998,46.52412537537536,43.20277774263171,-2.721903902140709
12061.805999999997,45.27704954954954,43.20323474484657,-2.7182620742408767
13509.901999999995,50.712845345345315,43.19969583493866,-2.713745304852542
13509.901999999995,50.712845345345315,43.199924204632666,-2.7119244658694535
12248.639999999998,45.978378378378366,43.20079935710004,-2.7158577836609332
13509.901999999995,50.712845345345315,43.20125614090329,-2.712216038939068
12511.033999999998,46.96334084084083,43.201027765198035,-2.7140369175895547
12511.033999999998,46.96334084084083,43.20213127860368,-2.7161494537123128
12122.375999999997,45.5044144144144,43.20258807443097,-2.7125076296523147
12407.064999999999,46.573066816816805,43.2023596927141,-2.7143285479724457
12072.380999999998,45.31674549549548,43.203463197363746,-2.7164411414132834
11998.475999999997,45.039324324324305,43.2039200052158,-2.712799238010653
12173.257999999998,45.69541291291291,43.20414836054996,-2.7109782674387763
12481.938999999998,46.85412537537537,43.20570862355349,-2.7094488309417506
12481.938999999998,46.85412537537537,43.205936920107185,-2.7076277955372916
12165.178999999998,45.66508633633633,43.205480294603596,-2.7112698537683673
12539.948999999999,47.07188063063062,43.20704056087595,-2.70974039523839
12548.437,47.10374249249249,43.20726886344001,-2.7079193201540472
12539.948999999999,47.07188063063062,43.2068122259149,-2.7115614577437244
12539.948999999999,47.07188063063062,43.20837249545652,-2.710031977180012
12094.607999999997,45.400180180180165,43.20814415448395,-2.7118530793663256
12435.851999999999,46.681126126126124,43.20860080403131,-2.7082108624135324
12394.026999999998,46.52412537537536,43.20300625993577,-2.72008299448388
12138.694999999998,45.56567192192191,43.204109640604024,-2.72219572650473
11912.116999999997,44.71515390390389,43.20456665484915,-2.7185538192647334
12107.453999999998,45.448400900900886,43.204338163923616,-2.7203747791783948
12199.700999999997,45.79467342342341,43.20544153583178,-2.7224875685280225
11691.839999999997,43.88828828828827,43.20589856210793,-2.718845581943364
12199.700999999997,45.79467342342341,43.20567006516728,-2.7206665815299433
12314.437999999998,46.22536786786785,43.20677342831505,-2.7227794282120588
11761.628999999995,44.15025900900899,43.207230466622974,-2.719137362278239
12314.437999999998,46.22536786786785,43.207001963666826,-2.720958401539977
12255.473,46.00402777777777,43.20369161748694,-2.714620196002684
11760.467999999995,44.14590090090088,43.20502353951664,-2.7149118616817316
11979.077999999998,44.966509009008995,43.20525193325786,-2.713090864015548
11900.240999999996,44.670574324324306,43.20479511338028,-2.716732846765318
11914.985999999997,44.72592342342341,43.206355458803245,-2.7152035450110494
11626.234999999997,43.64202327327326,43.20612702665338,-2.7170245697698783
11870.957999999997,44.56065315315313,43.20658385855722,-2.7133825076684754
11510.893999999997,43.20906156156154,43.207458937183105,-2.7173163104284224
11976.386999999997,44.95640765765764,43.207687375346886,-2.715495245992113
12094.607999999997,45.400180180180165,43.20791578111396,-2.713674168970883
12304.32,46.18738738738738,43.20970442729531,-2.710323576768086
12134.109999999997,45.548460960960945,43.20947608031085,-2.712144718637623
12259.059,46.017488738738734,43.209932741881204,-2.7085024223172174
11947.953999999998,44.84967717717716,43.211036356392384,-2.7106151940040752
11634.110999999997,43.671587837837826,43.210808003395634,-2.7124363755590846
11947.953999999998,44.84967717717716,43.21126467698975,-2.7087939998665633
11634.110999999997,43.671587837837826,43.21213992373843,-2.7127280501321858
11875.745999999997,44.57862612612611,43.212368282747796,-2.7109068288894393
11875.745999999997,44.57862612612611,43.212596609357,-2.7090855950630446
11634.110999999997,43.671587837837826,43.213700206361636,-2.711198481425654
12593.341999999997,47.27230480480479,43.20810531805393,-2.723071305558299
12197.339999999998,45.785810810810794,43.208333859422346,-2.7212502392099713
11236.908999999996,42.18058933933932,43.20856236839435,-2.719429160270817
11936.968999999997,44.808442192192175,43.20966575243393,-2.721542094541386
11159.983999999997,41.891831831831816,43.20989426742214,-2.7197209759225665
11936.968999999997,44.808442192192175,43.20943720504848,-2.7233632005682176
10721.591000000002,40.246212462462466,43.210769089298765,-2.723655113243271
11034.74,41.42169669669669,43.21122616370644,-2.7200128092349556
10791.432,40.508378378378374,43.210997642701614,-2.721833967535686
10523.256000000001,39.50171171171171,43.2121009708049,-2.7239470435849356
14062.362999999998,52.786647897897886,43.2008741208573,-2.693424225887407
14240.361999999997,53.45481231231229,43.20133010317517,-2.689782338213218
14107.440999999995,52.95585960960958,43.20243413329495,-2.6918944073634288
13873.780999999995,52.07875750750748,43.20220611993612,-2.693715384599539
14184.759999999995,53.24609609609607,43.20266211425753,-2.69007341756836
14051.581999999995,52.74617867867866,43.203766135637025,-2.692185544015053
14051.581999999995,52.74617867867866,43.20399412260135,-2.690364514538655
13880.298999999995,52.10322447447445,43.20353811627565,-2.6940065609313217
14164.389999999996,53.169632132132115,43.205326128206686,-2.6906556291255668
13867.326999999997,52.054530780780766,43.20487010987598,-2.6942977548842326
13164.237999999996,49.41530780780779,43.202625714866926,-2.701290502963504
13106.211999999996,49.19749249249248,43.202397533525705,-2.703111457055412
13449.778999999995,50.48715840840838,43.20216931978958,-2.704932398577708
13017.164999999997,48.86323198198196,43.2037294970996,-2.703402849403003
13013.144999999997,48.84814189189187,43.203957684447694,-2.7015818556344793
13512.955999999998,50.7243093093093,43.203501277355834,-2.705223830600749
12800.956999999999,48.05164039039038,43.205061457932516,-2.703694259384429
13358.853999999998,50.14584834834833,43.20528965128784,-2.7018732259370406
12800.956999999999,48.05164039039038,43.20483323218071,-2.7055152802598803
13401.216999999997,50.3048686186186,43.20662161538746,-2.702164613872655
,,43.20600991271543,-2.6851923462937357
,,43.20711403181418,-2.687304505957931
14164.389999999996,53.169632132132115,43.2068860976436,-2.6891256399238848
,,43.2073419335851,-2.685483359434276
,,43.20844604394618,-2.6875955764028143
14191.522999999997,53.271482732732714,43.208218103774314,-2.6894167500591704
,,43.20867395171757,-2.6857743901876
,,43.20955010716716,-2.6897078778132104
,,43.21000596711293,-2.6860654385551643
,,43.209778053340685,-2.6878866644641968
13867.326999999997,52.054530780780766,43.20509813524027,-2.6924766982855433
14191.522999999997,53.271482732732714,43.206658131073645,-2.690946761330555
14191.522999999997,53.271482732732714,43.206430132104735,-2.6927678701763638
13794.256999999994,51.78024399399397,43.20620210073717,-2.694588966459723
14191.522999999997,53.271482732732714,43.20776212623051,-2.6930590596889754
13794.256999999994,51.78024399399397,43.20753408885932,-2.6948801956592576
14191.522999999997,53.271482732732714,43.20799013120231,-2.691237911155087
,,43.20932212859272,-2.691529078600618
13721.505999999998,51.50715465465464,43.209094117617695,-2.693350266824844
13828.010999999995,51.90694819819817,43.20886607424248,-2.695171442484299
13556.270999999997,50.88690315315314,43.204642052114224,-2.696118798920052
13483.083999999995,50.61217717717715,43.205745940807624,-2.698231121332769
14003.067999999996,52.56406906906905,43.205974036971355,-2.696410050179049
13315.765999999998,49.984106606606595,43.20551781224632,-2.700052179919295
13483.083999999995,50.61217717717715,43.20707791692008,-2.6985224299026647
13417.498,50.365983483483475,43.20684978235277,-2.700343528172628
14003.067999999996,52.56406906906905,43.20730601908905,-2.6967013190643465
13556.287999999997,50.88696696696695,43.20840989029282,-2.698813756102573
13828.010999999995,51.90694819819817,43.2086379984674,-2.696992605577402
13584.386999999995,50.99244369369367,43.2081817497191,-2.700634894058226
13408.718999999997,50.333029279279266,43.206393416024525,-2.703985687001163
12661.408999999998,47.52781156156155,43.2061651842643,-2.705806747556574
13657.558999999997,51.26711336336335,43.207725371375695,-2.7042771322546644
13713.513999999996,51.47715465465463,43.207953576746604,-2.702456019442787
12548.437,47.10374249249249,43.2074971336067,-2.7060982324922724
13914.302999999996,52.2308671171171,43.2090573239861,-2.7045685951463905
13713.513999999996,51.47715465465463,43.20928553536536,-2.7027474426488927
12552.756,47.11995495495494,43.20882908020795,-2.7063897350684663
13914.302999999996,52.2308671171171,43.21038927385581,-2.704860075677817
14165.975999999995,53.17558558558556,43.21061749124382,-2.7030388834924453
14074.003999999997,52.83034534534533,43.21088210782222,-2.6899990231874593
14314.985999999997,53.734932432432416,43.21133797977123,-2.686356504538442
14314.985999999997,53.734932432432416,43.211110059997765,-2.6881777701435374
14074.003999999997,52.83034534534533,43.21221410573958,-2.6902901861833843
14314.985999999997,53.734932432432416,43.212669989692564,-2.68664758813888
14314.985999999997,53.734932432432416,43.212442063917514,-2.6884688934423036
13964.697,52.42003378378378,43.21354610091932,-2.6905813668024474
14314.985999999997,53.734932432432416,43.213774065100004,-2.688760034361951
14314.985999999997,53.734932432432416,43.21400199687703,-2.6869386893579517
14396.059999999994,54.03926426426424,43.21533400132468,-2.687229808197121
13748.634999999995,51.60899024024022,43.20974186092591,-2.699105099933957
13558.517999999996,50.89533783783782,43.209969975106475,-2.6972839097196815
13869.864999999994,52.064057807807785,43.20951371434543,-2.700926277577555
14098.849999999995,52.923611111111086,43.211073828819444,-2.6993964613982744
13608.560999999998,51.083186936936926,43.211301949006355,-2.697575231492645
14098.849999999995,52.923611111111086,43.21084567623182,-2.701217678732072
14098.849999999995,52.923611111111086,43.212405793973474,-2.699687840497001
13421.431,50.380746996997,43.21263392016712,-2.6978665708977565
14156.272999999994,53.13916291291288,43.21217763537833,-2.701509097523242
12641.234999999999,47.45208333333333,43.21373775638811,-2.6999792372315885
13721.505999999998,51.50715465465464,43.21065412324497,-2.6918202636686157
13721.505999999998,51.50715465465464,43.21019805688674,-2.695462706936308
13721.505999999998,51.50715465465464,43.210426106266354,-2.6936414915854296
14074.003999999997,52.83034534534533,43.21198611515914,-2.692111466360545
13421.431,50.380746996997,43.21153003679218,-2.695753989016757
13721.505999999998,51.50715465465464,43.21175809217656,-2.6939327339721904
13842.337,51.96072447447447,43.213318104335336,-2.6924026866778594
13842.337,51.96072447447447,43.2130900753484,-2.694223993986602
13421.431,50.380746996997,43.21286201395886,-2.696045288727099
13852.047999999999,51.997177177177164,43.21465009077359,-2.6926939246220294
12333.597999999998,46.29728978978978,43.21016102406816,-2.7066812552866013
14156.272999999994,53.13916291291288,43.21194944438203,-2.7033303419749037
12333.597999999998,46.29728978978978,43.211492965187375,-2.706972793148146
13914.302999999996,52.2308671171171,43.21172122098492,-2.7051515738504
12344.606999999998,46.33861486486486,43.213053165373516,-2.705443089665603
12344.606999999998,46.33861486486486,43.21328139478009,-2.703621818097734
11859.851999999997,44.51896396396395,43.212824903565696,-2.70726434865457
11859.851999999997,44.51896396396395,43.21415683920319,-2.7075559218073306
12641.234999999999,47.45208333333333,43.21461334243808,-2.703913311862394
12344.606999999998,46.33861486486486,43.214385107021656,-2.7057346231249
13852.047999999999,51.997177177177164,43.214422055781924,-2.694515271630123
13421.431,50.380746996997,43.21419398838689,-2.696336606068797
14450.007999999998,54.24177177177176,43.21598207447399,-2.6929851801945173
,,43.215525960076334,-2.6966279410433263
14450.007999999998,54.24177177177176,43.21575403347725,-2.6948065669042065
14450.007999999998,54.24177177177176,43.21708600843443,-2.6950978798103304
14450.007999999998,54.24177177177176,43.217314055436624,-2.693276453396791
13153.130999999998,49.373614864864855,43.21685792902724,-2.696919293652137
,,43.21841798065355,-2.6953892103499473
14450.007999999998,54.24177177177176,43.21864603366158,-2.6935677442303017
,,43.21396588858884,-2.6981579279364833
12641.234999999999,47.45208333333333,43.21350959178507,-2.7018005339525315
12641.234999999999,47.45208333333333,43.215069716063404,-2.7002706516035033
12641.234999999999,47.45208333333333,43.2148415454521,-2.7020919880214067
,,43.21529785427159,-2.6984493026102863
12887.836000000001,48.377762762762764,43.21640167299944,-2.700562083614217
13153.130999999998,49.373614864864855,43.21662981721547,-2.698740694920628
12810.185,48.086280030030025,43.21617349637951,-2.702383459731321
12887.836000000001,48.377762762762764,43.217733627196296,-2.7008535332651866
12887.836000000001,48.377762762762764,43.21750544456737,-2.70267494908375
13852.047999999999,51.997177177177164,43.21487809336149,-2.6908725650461105
14262.855,53.53924549549549,43.21510606354531,-2.689051192903947
14223.706999999995,53.392293543543516,43.216666003035606,-2.6875209446578476
14450.007999999998,54.24177177177176,43.2162100830662,-2.6911637809158404
14262.855,53.53924549549549,43.21643805925352,-2.6893423690697524
14174.849999999995,53.208896396396376,43.21777005222471,-2.689633562860834
14166.173999999995,53.17632882882881,43.21799800200988,-2.687812098741588
14450.007999999998,54.24177177177176,43.21754207003351,-2.691455014413095
14136.570999999996,53.06520645645644,43.21932999824757,-2.688103270449813
14174.849999999995,53.208896396396376,43.21910204245894,-2.6899247742786496
12653.454,47.49795045045044,43.215717045929416,-2.706026174229743
12613.098999999998,47.34646771771771,43.21548877209995,-2.7078475126079016
12621.791,47.37909534534534,43.21594528735605,-2.7042048232703566
12496.564,46.90902402402402,43.217048982096884,-2.7063177429816103
12744.927,47.841317567567565,43.2172772295341,-2.7044963523230843
12467.682,46.80060810810811,43.216820702256044,-2.7081391210577297
12446.271,46.720236486486485,43.21838091552415,-2.7066093293819495
12744.927,47.841317567567565,43.21860916897233,-2.7047878990220435
12151.792,45.61483483483483,43.21815262967155,-2.7084307471583053
11925.523999999998,44.76548048048047,43.21971284621126,-2.706900933432243
13153.130999999998,49.373614864864855,43.21818989523974,-2.697210663896705
,,43.21997800914891,-2.6938590526965216
,,43.21974995013467,-2.695680558524533
13153.130999999998,49.373614864864855,43.219521858713875,-2.697502051778482
,,43.2213099818987,-2.694150378796912
,,43.221081916877885,-2.6959719243355407
13153.130999999998,49.373614864864855,43.22085381944972,-2.6977934572989413
12686.065999999999,47.62036786786786,43.22218577744737,-2.6980848804595494
,,43.22264195191104,-2.694441722532946
12686.065999999999,47.62036786786786,43.22241388088327,-2.696263307784433
14450.007999999998,54.24177177177176,43.218874054263495,-2.6917462655393383
13772.677999999996,51.69924174174172,43.220434029956316,-2.6902160033246636
13772.677999999996,51.69924174174172,43.220661991748756,-2.6883944597839875
,,43.22020603575625,-2.6920375342960394
13772.677999999996,51.69924174174172,43.221993982513524,-2.6886856667455663
13772.677999999996,51.69924174174172,43.221766014716884,-2.690507250000347
,,43.22153801451182,-2.692328820684659
13772.677999999996,51.69924174174172,43.223097996740734,-2.6907985143071533
13772.677999999996,51.69924174174172,43.22332597054194,-2.6889768913360217
,,43.22286999053032,-2.6926201247066524
13153.130999999998,49.373614864864855,43.21796177742055,-2.6990321048689756
13153.130999999998,49.373614864864855,43.21906557865405,-2.7011450005578785
12744.927,47.841317567567565,43.21883739001576,-2.702966456080153
13153.130999999998,49.373614864864855,43.21929373488688,-2.6993235324567935
13153.130999999998,49.373614864864855,43.22039752737279,-2.701436485493757
13153.130999999998,49.373614864864855,43.22062568961456,-2.6996149776855414
12744.927,47.841317567567565,43.22016933272474,-2.7032579807219994
12606.839999999998,47.32297297297296,43.22172947335257,-2.701727988074284
12606.839999999998,47.32297297297296,43.22195764160368,-2.6999064405566924
12422.255000000001,46.63008633633634,43.22150127269439,-2.703549523010752
11925.523999999998,44.76548048048047,43.21994110567077,-2.70507946336869
11820.012999999997,44.36941816816815,43.21948455434653,-2.7087223909110745
11899.028999999999,44.66602477477477,43.221044774158294,-2.707192555133945
11820.012999999997,44.36941816816815,43.22081647628108,-2.709014052317511
11925.523999999998,44.76548048048047,43.221273039629516,-2.705371045364497
12351.921,46.36606981981981,43.22237669936536,-2.7074841944885253
11645.812999999998,43.71551426426425,43.22214839547527,-2.7093057313790783
12361.625,46.40249624624624,43.222604970848664,-2.705662645010931
12322.175000000001,46.25441066066066,43.223936899328265,-2.7059542623094512
11784.167999999998,44.23486486486485,43.223480311929166,-2.70959742809724
,,43.22465795583412,-2.6892681335568116
,,43.2242019638118,-2.692911446363499
,,43.22442997602797,-2.69108979624655
,,43.22553393435635,-2.693202785656656
,,43.22598993839009,-2.6895593934094015
,,43.22576195257862,-2.6913810958200055
,,43.22732191820995,-2.6898506708952588
14460.336,54.280540540540535,43.22686590216405,-2.6934941425875842
,,43.2270939263928,-2.6916724130289795
14460.336,54.280540540540535,43.22819786723497,-2.6937855171577505
12686.065999999999,47.62036786786786,43.223745842150905,-2.696554708872686
,,43.223973919186,-2.6947330839060735
12686.065999999999,47.62036786786786,43.22351773270688,-2.698376321261759
,,43.22530588372365,-2.6950244629177673
12686.065999999999,47.62036786786786,43.224849685228364,-2.6986677797070415
12686.065999999999,47.62036786786786,43.225077800680864,-2.696846127601759
14460.336,54.280540540540535,43.226637845524074,-2.695315859569488
12716.739,47.73550675675675,43.226181635011855,-2.69895925579687
13124.123999999998,49.26472972972972,43.226409756473224,-2.697137563973111
14460.336,54.280540540540535,43.227969804587346,-2.695607273862706
15000.900000000003,56.3096846846847,43.17306264146885,-2.631257634283441
15106.819000000001,56.707278528528526,43.17394102207318,-2.635187751901211
15110.005000000001,56.71923798798799,43.174167972843186,-2.633367455348766
15228.912000000002,57.16558558558559,43.174394891227585,-2.631547146311709
15012.335000000001,56.35260885885886,43.17527325716105,-2.6354773607528834
14861.859000000002,55.787759009009015,43.175500213901785,-2.6336570245464244
14721.218,55.25982732732733,43.17572713825613,-2.631836675854199
15182.379,56.99091216216216,43.17660548951807,-2.6357669871247316
15048.652000000002,56.488933933933936,43.1768324522299,-2.6339466112620133
14906.940000000002,55.95698198198199,43.17705938255453,-2.632126222912367
15331.505000000005,57.55069444444446,43.172381807070195,-2.636718404983899
15518.904000000002,58.25414414414414,43.17348702337767,-2.6388283075459293
15780.564000000002,59.23635135135135,43.17325997545289,-2.6406485666350457
15508.649000000001,58.215649399399396,43.17371403891788,-2.637008035967459
15645.634000000002,58.72985735735736,43.17481924652172,-2.6391179957021746
15882.925000000001,59.62058933933933,43.17459219262386,-2.640938294441843
15165.915,56.92911036036036,43.175046268034244,-2.637297684471994
15486.430000000002,58.132244744744746,43.17592440706286,-2.6412280397755694
15468.971000000001,58.06670795795796,43.17615146693418,-2.6394077013830946
15184.629,56.99935810810811,43.176378494419374,-2.6375873504989586
14435.686000000002,54.18801051051051,43.1777399792016,-2.6266649829577253
14800.728000000001,55.55828828828829,43.1772862804916,-2.630305822077384
14587.359000000002,54.75735360360361,43.17751314604073,-2.628485408758643
14988.282000000001,56.26231981981982,43.17884539954806,-2.628774894011138
14498.098000000002,54.422289789789794,43.17907223867722,-2.6269544285470965
14979.473000000002,56.229253003003,43.17861852802983,-2.63059534699186
14968.025000000001,56.186280030030034,43.18040449542398,-2.6272438916482908
15131.684000000001,56.80061561561561,43.179950772838474,-2.6308848894226573
14856.651000000002,55.76820945945946,43.18017765032616,-2.6290643967777143
15150.588000000002,56.87157657657658,43.181736749441974,-2.627533372262764
15882.548000000003,59.61917417417418,43.177029520538206,-2.64333816819081
15949.952000000003,59.872192192192195,43.17657522691638,-2.6469788618075487
15910.353000000003,59.7235472972973,43.176802389920226,-2.6451585212479634
16100.236000000003,60.43632132132132,43.17836172353849,-2.643627988238915
15949.952000000003,59.872192192192195,43.17790741796429,-2.647268761164497
15949.952000000003,59.872192192192195,43.178134586944715,-2.645448380951065
16036.400000000003,60.196696696696705,43.17969392380666,-2.6439178258205636
16400.891,61.56490615615615,43.179239606279346,-2.6475586780594913
16056.434000000003,60.27189939939941,43.179466781236734,-2.645738258189961
16437.213,61.701249999999995,43.18057179186164,-2.647848612493983
15499.368000000002,58.18081081081082,43.17748368461512,-2.6396974245901488
15674.373000000001,58.837736486486484,43.17725661876996,-2.6415178026376838
15554.641000000001,58.388292042042046,43.17771071807335,-2.6378770340498003
15576.161,58.46907282282282,43.178815899564604,-2.6399871653247917
15674.373000000001,58.837736486486484,43.17858882774523,-2.641807583029629
15527.029000000002,58.284643393393395,43.17904293899627,-2.6381667351259823
17411.130999999998,65.35709834834833,43.18014811178273,-2.6402769235884764
17411.130999999998,65.35709834834833,43.179921033988784,-2.642097380952871
15799.592000000002,59.30777777777778,43.18037515718817,-2.6384564537289528
16223.543000000001,60.899185435435434,43.18148032126957,-2.6405666993826546
15554.641000000001,58.388292042042046,43.1779377191443,-2.6360566310182194
15292.839,57.4055518018018,43.1781646878276,-2.6342362154969763
15132.753,56.80462837837838,43.17839162412289,-2.6324157874876617
15527.029000000002,58.284643393393395,43.17926994603984,-2.636346292434784
15292.839,57.4055518018018,43.17949692069495,-2.6345258372527725
15365.551000000001,57.67849474474475,43.179723862961296,-2.6327053695815406
15799.592000000002,59.30777777777778,43.18060217020472,-2.6366359713758856
15500.789000000002,58.1861448948949,43.180829150832054,-2.6348154765308576
15706.268000000002,58.957462462462466,43.18105609906979,-2.63299496919545
15575.929,58.46820195195195,43.18216137823898,-2.6351051333326834
15706.268000000002,58.957462462462466,43.181283014917604,-2.6311744493712435
15033.310000000001,56.43134384384384,43.18150989837511,-2.6293539170598192
15917.406000000003,59.75002252252253,43.182842143694984,-2.6296434548589107
15706.268000000002,58.957462462462466,43.18261525426729,-2.631464026839066
15263.004,57.29355855855855,43.18306900073125,-2.627822870391965
15917.406000000003,59.75002252252253,43.18394749088761,-2.6317536218275768
15541.205000000002,58.33785660660661,43.18417438628589,-2.6299330101764395
15541.205000000002,58.33785660660661,43.18440124929191,-2.628112386037357
15796.530000000002,59.296283783783785,43.185733495124026,-2.6284019192003862
16000.696000000004,60.062672672672676,43.18527972477867,-2.6320432343382336
17411.130999999998,65.35709834834833,43.18125323750066,-2.6423871964088614
15953.642000000003,59.88604354354355,43.181707372649164,-2.638746189860167
16223.543000000001,60.899185435435434,43.182585438280974,-2.64267702939905
16223.543000000001,60.899185435435434,43.18281252802518,-2.6408564927087808
15963.630000000003,59.92353603603604,43.183039585379305,-2.6390359435210824
16409.602000000003,61.59760510510511,43.18414473204969,-2.6411463035683163
17196.531999999996,64.55154654654652,43.18391763632979,-2.642966879924896
15963.630000000003,59.92353603603604,43.18437179537869,-2.6393257147131446
16409.602000000003,61.59760510510511,43.18547693334313,-2.6414361319627084
16456.219,61.77259384384384,43.18524983164717,-2.643256747987851
15702.169000000002,58.942075825825825,43.18193439163908,-2.6369256678429855
15689.850000000002,58.895833333333336,43.1823883324485,-2.6332845863308507
15702.169000000002,58.942075825825825,43.18349360291579,-2.6353948076597042
15963.630000000003,59.92353603603604,43.18326661034297,-2.637215381837524
15784.709000000003,59.25191066066066,43.183720563097474,-2.6335742209891926
15998.419000000004,60.054125375375385,43.18459882631645,-2.637505113360973
15998.419000000004,60.054125375375385,43.1848258248626,-2.6356844995133697
16096.506000000001,60.42231981981982,43.18505279101679,-2.6338638731719306
15998.419000000004,60.054125375375385,43.18593103955963,-2.637794862414768
15998.419000000004,60.054125375375385,43.186158044079455,-2.635974208895146
16077.401000000002,60.35060435435435,43.18550662614786,-2.6302225830138544
15620.619000000002,58.63595720720721,43.187065738227695,-2.628691469882508
16077.401000000002,60.35060435435435,43.186611955940506,-2.6323328643724855
16077.401000000002,60.35060435435435,43.18683886328101,-2.630512173372623
15620.619000000002,58.63595720720721,43.18839797860296,-2.6289810380851786
16144.568000000003,60.60273273273274,43.18794418437324,-2.6326225119317908
16144.568000000003,60.60273273273274,43.188171097685405,-2.630801781254182
16144.568000000003,60.60273273273274,43.18973021624993,-2.629270623809842
16144.568000000003,60.60273273273274,43.1892764100769,-2.6329121770176003
16144.568000000003,60.60273273273274,43.18950332936111,-2.6310914066600017
17471.307,65.58298423423423,43.17521156880994,-2.6579006426277543
17308.795,64.97295420420419,43.175438926121544,-2.6560803770867327
16940.025,63.58868243243243,43.1756662510494,-2.65426009903867
17308.795,64.97295420420419,43.17654372398172,-2.6581907798835256
17308.795,64.97295420420419,43.17677108727465,-2.6563704746955947
16731.764000000003,62.806921921921926,43.17699841818306,-2.6545501569994507
17028.013,63.918967717717706,43.178103245693066,-2.6566605898537436
17173.825999999997,64.4663138138138,43.17787587641842,-2.6584809346908522
16731.764000000003,62.806921921921926,43.1783305825824,-2.6548402325072846
16922.076,63.52130630630631,43.17943540137687,-2.656950722562656
16907.726,63.46743993993993,43.175893543593176,-2.6524398084851386
16672.036,62.58271771771771,43.176120803752504,-2.6506195054277164
16636.987,62.4511524024024,43.17634803152703,-2.6487991898679977
16988.188000000002,63.76947447447448,43.17722571670658,-2.652729826796692
16672.036,62.58271771771771,43.17745298284487,-2.650909484088896
16289.580000000002,61.14707207207208,43.177680216597544,-2.649089128877637
16611.987999999998,62.357312312312295,43.178785159203656,-2.651199480292616
16700.078,62.68798048048048,43.178557887086036,-2.653019862653049
16279.924000000003,61.11082582582583,43.179012398934866,-2.6493790854275674
16464.029000000002,61.80191066066066,43.180117332828914,-2.6514894940403377
17185.527,64.51023648648648,43.17920802612016,-2.658771107051175
16846.605,63.23800675675675,43.17966274424747,-2.65513032556362
17046.752,63.989309309309306,43.18076755432613,-2.6572408728237704
17219.604999999996,64.63815690690689,43.18054017308696,-2.6590612969659624
16842.009000000002,63.220754504504505,43.18099490317838,-2.6554204361699116
17314.459,64.99421546546546,43.182099704540924,-2.6575310406385477
17652.355999999992,66.26259759759756,43.181872317318955,-2.659351504436661
17543.122999999996,65.85256381381379,43.182327059375204,-2.655710564327624
17394.947999999993,65.29635135135132,43.183431852021336,-2.6578212260084566
17456.733999999993,65.52828078078075,43.18320445881617,-2.659641729464733
16056.434000000003,60.27189939939941,43.1810261213428,-2.644207680937203
16767.491,62.941032282282286,43.18079897279635,-2.6460281529661094
16767.491,62.941032282282286,43.18213116162364,-2.6463180652809553
17196.531999999996,64.55154654654652,43.18235831614701,-2.6444975535903046
16817.457000000002,63.128592342342344,43.18190397471125,-2.648138564469433
16793.356,63.038123123123114,43.18323615482825,-2.648428533987288
17196.531999999996,64.55154654654652,43.183690508219335,-2.6447874437813073
17196.531999999996,64.55154654654652,43.18346334771871,-2.6466079951359647
17315.814,64.99930180180179,43.184568332212706,-2.648718521049012
17196.531999999996,64.55154654654652,43.185022697559866,-2.6450773515116746
16672.188000000002,62.58328828828829,43.179890054731615,-2.653309916055654
16510.356,61.975810810810806,43.18034457853905,-2.649669059519256
16771.41,62.955743243243234,43.181449503720756,-2.65177952533352
16700.369000000002,62.68907282282282,43.18122221964338,-2.6535999870059674
18127.507,68.04619744744745,43.18167675541017,-2.6499590511541458
17597.774999999994,66.05771396396393,43.18278167187925,-2.652069574173612
17597.774999999994,66.05771396396393,43.18255438182143,-2.6538900755054446
16717.918,62.75494744744745,43.18300892954829,-2.6502490603336994
17364.464999999997,65.18192567567566,43.183886541265835,-2.6541801815555432
17085.174000000003,64.13353603603603,43.18411383730446,-2.652359640562073
17376.474999999995,65.22700825825824,43.182977033222876,-2.661462220405453
17543.122999999996,65.85256381381379,43.18365921283801,-2.656000710038197
17499.586999999996,65.68914039039036,43.18499136356688,-2.6562908733030985
17080.919999999995,64.11756756756753,43.18430916600109,-2.6617525026516193
17659.860999999994,66.29076951951949,43.18476399676744,-2.658111428934936
17286.457,64.88910285285284,43.18453659757872,-2.6599319720516363
16984.10099999999,63.75413288288284,43.18564129604433,-2.66204280246032
17392.565999999995,65.28740990990988,43.186323511561895,-2.6565810541237895
17659.860999999994,66.29076951951949,43.18609613877932,-2.6584016494194493
17449.893999999997,65.50260510510509,43.185868733606675,-2.66022223219882
17315.814,64.99930180180179,43.18434110095353,-2.6505390870593697
17328.175999999996,65.04570570570569,43.185218697976666,-2.6544703051577163
17214.060999999998,64.61734609609609,43.185445999996475,-2.6526497245003564
17157.591999999997,64.40537537537536,43.18567326962595,-2.6508291313326118
17451.596999999998,65.50899774774773,43.18677815995539,-2.6529398259899244
17392.565999999995,65.28740990990988,43.186550851954024,-2.6547604463134173
17322.194999999996,65.02325450450448,43.18700543556561,-2.651119193154885
17559.298999999995,65.91328453453451,43.188110317181255,-2.6532299450322245
18074.806,67.84837087087087,43.18788300319798,-2.6550506050241127
17428.779,65.42334459459458,43.18833759877261,-2.651409272527638
17196.531999999996,64.55154654654652,43.1847955310816,-2.6468979425325903
17413.622999999996,65.36645270270269,43.1861277117124,-2.6471879074722797
17315.814,64.99930180180179,43.185900506864705,-2.6490085256560616
17413.622999999996,65.36645270270269,43.1863548841687,-2.645367276782858
17413.622999999996,65.36645270270269,43.187459889611205,-2.6474778899565004
17285.637999999995,64.8860285285285,43.18723267878433,-2.649298547809879
17413.622999999996,65.36645270270269,43.187687068045875,-2.6456572195963175
17882.103999999992,67.12501501501498,43.18856484797166,-2.649588587511938
17882.103999999992,67.12501501501498,43.188792064778085,-2.6477678899866977
17200.899999999998,64.56794294294293,43.189019249191496,-2.645947179953503
18074.806,67.84837087087087,43.18765565682313,-2.656871252501714
17782.537,66.75126501501501,43.18720086690012,-2.66051250990775
17596.07399999999,66.05132882882879,43.18697342335268,-2.6623331198330114
17623.658999999996,66.15487612612611,43.18742827805705,-2.658691887463454
18074.806,67.84837087087087,43.18898779935067,-2.657161468438336
17928.219,67.29811936936936,43.188305547926205,-2.6626234547711567
17782.537,66.75126501501501,43.1885329974591,-2.6608028051798738
17782.537,66.75126501501501,43.18876041460072,-2.6589821430684064
18074.806,67.84837087087087,43.19031993914459,-2.657451701935113
17957.492000000002,67.408003003003,43.189637669765006,-2.6629138072762126
17559.298999999995,65.91328453453451,43.189442471674184,-2.6535200816287197
18074.806,67.84837087087087,43.1892151517086,-2.6553407812912457
17929.974999999995,67.30471096096093,43.18966975924703,-2.651699369452337
18074.806,67.84837087087087,43.19054729748598,-2.6556309751162837
18236.752999999993,68.45628003003,43.190774623434216,-2.6538102357808637
18236.752999999993,68.45628003003,43.19100191698893,-2.65198948393043
,,43.191879440530165,-2.655921186500682
18236.752999999993,68.45628003003,43.192334071998395,-2.6522796159633772
18544.56399999999,69.61172672672669,43.19210677246143,-2.654100407490114
18517.24,69.50915915915917,43.19321158084127,-2.656211415445894
16096.506000000001,60.42231981981982,43.18638501620654,-2.634153542880521
16356.137000000002,61.396910660660666,43.187263250072576,-2.638084629000379
16356.137000000002,61.396910660660666,43.187490260566456,-2.636263935806471
16523.185999999998,62.023971471471455,43.187717238666785,-2.6344432301164136
16523.185999999998,62.023971471471455,43.188822474323665,-2.636553680248808
16356.137000000002,61.396910660660666,43.18859545785536,-2.63837441311925
16537.908,62.07923423423423,43.189049458397626,-2.6347329348810677
16537.908,62.07923423423423,43.19038167539913,-2.635022657175933
16830.238,63.17656906906907,43.19015468535117,-2.636843442223616
16830.238,63.17656906906907,43.189927662908076,-2.638664214772839
16356.609000000002,61.39868243243244,43.1857040026474,-2.6396155034378204
17399.004999999997,65.31158033033032,43.186582024233196,-2.6435466335893762
16729.793,62.79952327327327,43.18680913190559,-2.6417259778934143
16356.137000000002,61.396910660660666,43.1870362071855,-2.639905309696553
17245.412999999997,64.73503378378376,43.18791421408799,-2.643836536730918
16956.143,63.649185435435434,43.18814132773716,-2.6420158413618875
16956.143,63.649185435435434,43.18836840899307,-2.640195133490802
16956.143,63.649185435435434,43.189473520837915,-2.6423057223695827
17107.992,64.21918918918918,43.189700608070204,-2.6404849748220274
17200.899999999998,64.56794294294293,43.18924640121158,-2.6441264574139396
16535.115,62.06875,43.19106245116866,-2.6295602270579645
16535.115,62.06875,43.19060863305161,-2.6332018596313764
16535.115,62.06875,43.19083555830823,-2.6313810495915226
15777.373000000001,59.22437312312312,43.19239468335924,-2.6298498478309935
16535.115,62.06875,43.19194085329742,-2.6334915597745616
16535.115,62.06875,43.19216778452684,-2.631670710050209
16072.497,60.33219594594594,43.19372691282178,-2.630139486130387
16350.795,61.3768581081081,43.19350000801698,-2.6319603880375126
16350.795,61.3768581081081,43.19327307081442,-2.63378127744862
16466.728,61.81204204204203,43.19483222877878,-2.6322500835548857
17107.992,64.21918918918918,43.19103280441697,-2.640774833691672
17107.992,64.21918918918918,43.19080571120795,-2.6425956209179646
17200.899999999998,64.56794294294293,43.19057858560405,-2.64441639563989
17099.551,64.18750375375375,43.19236499803345,-2.6410647101012064
,,43.191910767265504,-2.6447063514102327
17463.085999999996,65.5521246246246,43.1921378988473,-2.6428855370084783
,,43.19324294619601,-2.644996324726414
17463.085999999996,65.5521246246246,43.1936971889197,-2.6413546040520766
17453.158999999996,65.51486111111109,43.19347008375607,-2.6431754706425816
17453.158999999996,65.51486111111109,43.19480226593436,-2.643465421821731
16930.968,63.55468468468469,43.19148689364905,-2.6371332217323435
17080.008,64.11414414414415,43.19171388967137,-2.6353123970024703
17107.992,64.21918918918918,43.19125986523079,-2.638954033962607
17107.786,64.21841591591591,43.192819099217374,-2.6374230187764462
17099.551,64.18750375375375,43.192592064823586,-2.63924387069
17274.014,64.84239489489488,43.19304610121443,-2.6356021543621235
17463.085999999996,65.5521246246246,43.19392426168655,-2.639533724956481
17448.770999999997,65.49838963963963,43.19415130205623,-2.63771283335738
17274.014,64.84239489489488,43.194378310028384,-2.6358919292563607
17448.770999999997,65.49838963963963,43.1954835021657,-2.6380026654766016
16581.157999999996,62.24158408408406,43.1950591395563,-2.6304291419576
16785.347999999998,63.008063063063055,43.194605285602705,-2.6340710126550007
16581.157999999996,62.24158408408406,43.19639136356291,-2.630718815314079
16705.720999999998,62.7091629129129,43.1961644468123,-2.632539796603785
16960.574999999997,63.665822072072054,43.19593749766233,-2.6343607653951615
16489.388999999996,61.897105855855834,43.1977235848417,-2.6310085062012885
16789.708,63.024429429429425,43.197269706993374,-2.6346505356705565
16469.938,61.82409159159158,43.19749666211761,-2.632829527185662
16090.266,60.39889639639639,43.199055803392724,-2.6312982146206805
16610.244999999995,62.350769519519496,43.198828874694804,-2.633119275301982
17477.599999999995,65.60660660660658,43.19502937707584,-2.6416445155457398
,,43.19457512239563,-2.6452863155899022
17725.997999999992,66.53903153153149,43.1961344453822,-2.643755390547389
17565.046999999995,65.93486111111109,43.19636156250192,-2.6419344445836503
,,43.195907295864465,-2.6455763240021386
17725.997999999992,66.53903153153149,43.19746662209972,-2.644045376821
17674.36899999999,66.34522897897894,43.19769374519802,-2.64222439116727
17864.485999999994,67.05888138138135,43.19723946660259,-2.6458663499645936
17864.485999999994,67.05888138138135,43.19857163461007,-2.6461563934787145
17876.805999999993,67.1051276276276,43.198798796086955,-2.6443353806440304
17565.046999999995,65.93486111111109,43.19525645581974,-2.6398235967634993
17448.770999999997,65.49838963963963,43.19571051611334,-2.6361817216866292
17333.326999999994,65.06504129129127,43.19704271946933,-2.6364715316543843
17442.242999999995,65.47388513513512,43.19681569954583,-2.638292515135568
17520.15499999999,65.76634759759756,43.196588647223244,-2.6401134861125204
17333.326999999994,65.06504129129127,43.19814789419675,-2.638582382335732
17520.15499999999,65.76634759759756,43.19792083589716,-2.6404033930049837
17260.013999999996,64.78984234234233,43.198374920096455,-2.636761359161089
18070.02699999999,67.83043168168165,43.19948008611851,-2.6388722670785514
18070.02699999999,67.83043168168165,43.19970711799481,-2.6370512042081913
16646.763,62.48784909909909,43.19860191359594,-2.634940323482645
16090.266,60.39889639639639,43.200388019216064,-2.6315879405737084
16399.869,61.561069819819814,43.20016108454396,-2.6334090409541853
16890.353999999996,63.402229729729704,43.199934117470086,-2.635230128832878
16576.038999999997,62.2223686186186,43.201720232311835,-2.6318776840618288
16415.339,61.619140390390385,43.20149329166512,-2.633698824143743
16890.353999999996,63.402229729729704,43.20126631861589,-2.6355199517227095
16507.428999999996,61.964823573573554,43.202825496058395,-2.633988624872099
16619.684999999998,62.38620495495494,43.20259851703342,-2.6358097921536046
16634.92,62.443393393393386,43.20305244268007,-2.6321674450865
17736.121999999992,66.57703453453449,43.19902592516423,-2.6425143552980526
18270.676999999992,68.58362237237233,43.200358102400614,-2.6428043369774477
18195.819999999992,68.30262762762759,43.200130967343995,-2.644625402017932
18107.470999999994,67.97098723723721,43.19990379988699,-2.6464464545459623
18151.305999999993,68.135533033033,43.20123596243342,-2.646736533167792
18056.88299999999,67.7810923423423,43.20169027690725,-2.6430943362069264
18151.305999999993,68.135533033033,43.20146313587094,-2.644915440944158
17789.967999999993,66.77915915915914,43.203022448684244,-2.643384352987926
18347.306999999993,68.87127252252249,43.202795301667855,-2.6452054974241763
18347.306999999993,68.87127252252249,43.202568122249474,-2.6470266293456666
17882.103999999992,67.12501501501498,43.18989701442678,-2.6498786447636804
17882.103999999992,67.12501501501498,43.190351427605655,-2.6462371578558748
17882.103999999992,67.12501501501498,43.19012423721311,-2.648057907564331
18236.752999999993,68.45628003003,43.19122917814976,-2.650168719566566
,,43.1916836032884,-2.6465271533048846
18303.041999999994,68.70511261261258,43.19145640691638,-2.64834794269086
18303.041999999994,68.70511261261258,43.19301577623984,-2.6468171663019953
18303.041999999994,68.70511261261258,43.192561339140674,-2.650458811922061
18303.041999999994,68.70511261261258,43.192788573887945,-2.648637995367739
18230.90599999999,68.4343318318318,43.1938934973996,-2.650748921831607
,,43.190092548410384,-2.659272416235764
17782.537,66.75126501501501,43.18986512528375,-2.661093118016656
,,43.19142467948615,-2.6595627069669847
,,43.19165207620495,-2.6577419529934994
18222.379999999994,68.4023273273273,43.19096978886916,-2.6632041773496273
,,43.191197250374096,-2.661383448419554
18033.683999999997,67.694009009009,43.19275680782806,-2.6598530152635247
,,43.192984210531854,-2.6580322216149543
17814.952,66.87294294294294,43.19230190523873,-2.6634945649928716
18033.683999999997,67.694009009009,43.192529372730235,-2.661673796390022
18230.90599999999,68.4343318318318,43.194347946460034,-2.647107196848659
18230.90599999999,68.4343318318318,43.1941207381279,-2.64892806559642
18317.203999999994,68.75827327327325,43.195225652926624,-2.651039049296672
18248.998999999996,68.50224849849847,43.19568011394906,-2.647397244946326
18230.90599999999,68.4343318318318,43.19545289963632,-2.6492181533783694
18336.031999999992,68.8289489489489,43.196557805721824,-2.6513291943187096
18248.998999999996,68.50224849849847,43.197012278706985,-2.647687310596469
18248.998999999996,68.50224849849847,43.19678505841328,-2.6495082587150307
18503.01199999999,69.45575075075071,43.19788995578529,-2.6516193568991753
18248.998999999996,68.50224849849847,43.19834444073391,-2.6479773938005233
18544.56399999999,69.61172672672669,43.19343891875593,-2.65439059675793
18544.56399999999,69.61172672672669,43.193666224275496,-2.65256976555264
18517.24,69.50915915915917,43.19454371841936,-2.6565016619533792
18517.24,69.50915915915917,43.19477106231779,-2.6546808035857614
18544.56399999999,69.61172672672669,43.19499837382034,-2.6528599326996662
18517.24,69.50915915915917,43.1958758532645,-2.656791926024593
18517.24,69.50915915915917,43.196103203147075,-2.6549710279750727
18627.03099999999,69.9212875375375,43.196330520632976,-2.6531501174059158
18683.995999999992,70.13512012012008,43.1972079853768,-2.6570822076609946
18683.995999999992,70.13512012012008,43.19743534124388,-2.6552612699273204
18057.617000000002,67.7838475975976,43.194088933436234,-2.6601433411268385
17809.707,66.85325450450449,43.19363401887381,-2.663784970207391
18517.24,69.50915915915917,43.19431634212538,-2.6583225078009334
18033.683999999997,67.694009009009,43.19386149235225,-2.66196416192952
18057.617000000002,67.7838475975976,43.1956484709856,-2.658612811552893
18057.617000000002,67.7838475975976,43.19519360924022,-2.6622545450395068
18033.683999999997,67.694009009009,43.19496612977446,-2.664075392994654
18057.617000000002,67.7838475975976,43.195421056310714,-2.6604336845583907
18057.617000000002,67.7838475975976,43.19698059711257,-2.6589031328722927
17649.978999999996,66.25367492492491,43.196298237940766,-2.6643658333561127
17945.524999999998,67.36308183183182,43.19675317645159,-2.6607240455596357
17945.524999999998,67.36308183183182,43.1965257233942,-2.6625449457214354
17945.524999999998,67.36308183183182,43.19785783481431,-2.662835363976766
19050.953999999994,71.51259009009006,43.1983127205064,-2.6591934717605974
17649.978999999996,66.25367492492491,43.19763034337281,-2.66465629129323
17945.524999999998,67.36308183183182,43.19808529385896,-2.661014424132031
19050.953999999994,71.51259009009006,43.19964484116716,-2.6594838282192494
16908.321,63.469673423423416,43.19896244607067,-2.6649467668074527
17295.719999999998,64.92387387387386,43.199417408532874,-2.661304820277037
16940.665999999994,63.59108858858856,43.19918994350059,-2.6631257998069633
18643.664999999994,69.98372747747744,43.197662664713505,-2.6534403196728507
19050.953999999994,71.51259009009006,43.19854011475629,-2.6573725068640424
19050.953999999994,71.51259009009006,43.19876747660828,-2.6555515294439576
18643.664999999994,69.98372747747744,43.19899480606199,-2.653730539501926
19050.953999999994,71.51259009009006,43.20009960924033,-2.655841806526446
19050.953999999994,71.51259009009006,43.20032694467851,-2.6540207768945914
19050.953999999994,71.51259009009006,43.1998722414031,-2.6576628236351953
18108.390000000003,67.97443693693694,43.20120436531728,-2.6579531579759053
17377.284999999993,65.23004879879876,43.20097695909492,-2.65977420224972
18205.387,68.33853978978978,43.20165908056314,-2.6543110318523193
18453.372999999992,69.26941816816813,43.19811721445888,-2.649798381607872
18481.638999999992,69.37552177177173,43.19944936777316,-2.650088522058343
18453.372999999992,69.26941816816813,43.19967660002992,-2.6482674945599602
18503.01199999999,69.45575075075071,43.19922210311707,-2.651909537039522
18532.342999999993,69.56585210210207,43.20078151835624,-2.650378680067906
18532.342999999993,69.56585210210207,43.20100875659507,-2.648557612876235
18481.638999999992,69.37552177177173,43.200554247717264,-2.6521997347412216
18626.571999999993,69.91956456456454,43.20188638958593,-2.6524899500057177
18532.342999999993,69.56585210210207,43.202113666208156,-2.650668855638017
18532.342999999993,69.56585210210207,43.202340910429456,-2.6488477487508013
16940.665999999994,63.59108858858856,43.20029454603441,-2.6652372599002536
17295.719999999998,64.92387387387386,43.20074952047343,-2.661595233996105
17443.578999999994,65.47890015015012,43.200522049453134,-2.66341625321348
16940.665999999994,63.59108858858856,43.20162664326414,-2.6655277705730893
17481.09699999999,65.61973348348344,43.202081629680684,-2.661885665290704
17443.578999999994,65.47890015015012,43.20185415267202,-2.6637067241977705
17443.578999999994,65.47890015015012,43.203186253157334,-2.663997212761305
17197.101,64.55368243243242,43.20295873775991,-2.6658182988274124
17677.245999999996,66.35602852852851,43.20341373615474,-2.6621761141622824
17197.101,64.55368243243242,43.204290829521796,-2.66610884466469
18108.390000000003,67.97443693693694,43.201431739140126,-2.656132101176244
17377.284999999993,65.23004879879876,43.202309074289765,-2.6600645938534626
17970.869000000002,67.45821696696697,43.20276386630777,-2.656422413394807
17955.543,67.40068693693694,43.20253648649892,-2.6582435098876367
18205.387,68.33853978978978,43.202991213715976,-2.654601304376559
17780.537,66.7437575075075,43.20386860494808,-2.6585338793718454
17780.537,66.7437575075075,43.203641186751774,-2.6603550030319383
18584.300999999996,69.76088963963961,43.2040959907433,-2.6567127431835957
18607.274999999998,69.84712837837836,43.20432334413708,-2.6548915944687628
17784.211,66.7575487987988,43.20497329648101,-2.660645429786598
18270.676999999992,68.58362237237233,43.19925302184153,-2.640693317442361
18011.338999999993,67.61013138138135,43.20081227531119,-2.6391621693654717
18011.338999999993,67.61013138138135,43.200585205056456,-2.6409832594261053
16890.353999999996,63.402229729729704,43.20103931316445,-2.6373410667971524
17578.894999999993,65.98684309309307,43.20237150560546,-2.637630946929418
17757.161999999993,66.65601351351349,43.20191738554201,-2.6412732189576626
17826.122999999992,66.91487612612609,43.202144461774864,-2.639452089197968
17375.521999999994,65.2234309309309,43.20370369531792,-2.637920844606459
17472.235999999994,65.58647147147144,43.20347664550963,-2.6397420265774882
17680.59199999999,66.36858858858855,43.20324956329829,-2.6415631960385055
16476.336,61.8481081081081,43.20393071272278,-2.6360996501270084
16411.691,61.60544669669669,43.204157697723886,-2.634278443140717
17943.985999999994,67.35730480480477,43.20438465032086,-2.632457223649171
17462.478999999996,65.54984609609608,43.205489896661625,-2.6345682789510496
16750.233999999997,62.87625375375374,43.205716855234286,-2.632747019751304
17418.707999999995,65.38554054054052,43.205262905684044,-2.6363895256443812
17391.817999999996,65.28460210210208,43.20659509591728,-2.636679418707183
16750.233999999997,62.87625375375374,43.20704905742044,-2.633036833394349
17171.829999999994,64.4588213213213,43.20682209287171,-2.634858132304549
16750.233999999997,62.87625375375374,43.20838125687938,-2.6333266645797675
17188.388999999996,64.5209797297297,43.20503588230191,-2.638210759829723
17609.070999999993,66.10011636636634,43.20458173832535,-2.6418531906700764
17472.235999999994,65.58647147147144,43.204808826515546,-2.6400319815054836
17609.070999999993,66.10011636636634,43.205913910623266,-2.6421432028538403
17304.685999999994,64.95753003003,43.20636806655749,-2.6385006926006684
17248.823999999993,64.7478378378378,43.206141004792705,-2.6403219539834133
17304.685999999994,64.95753003003,43.20770024808477,-2.6387906429207497
19642.529999999995,73.7332207207207,43.20747318034117,-2.6406119440127394
19642.529999999995,73.7332207207207,43.207246080192135,-2.6424332325912503
19642.529999999995,73.7332207207207,43.20903242688382,-2.6390806107914258
17609.070999999993,66.10011636636634,43.204354617731646,-2.6436743873219224
17789.967999999993,66.77915915915914,43.20412746473482,-2.645495571459435
18483.211999999992,69.38142642642639,43.20390027933519,-2.6473167430810274
17609.070999999993,66.10011636636634,43.20568678404955,-2.6439644392103596
19034.31599999999,71.4501351351351,43.205459625071896,-2.645785663051393
18483.211999999992,69.38142642642639,43.205232433690654,-2.6476068743753514
19034.31599999999,71.4501351351351,43.20656458531597,-2.6478970232300845
19034.31599999999,71.4501351351351,43.20679178267918,-2.646075772201508
19034.31599999999,71.4501351351351,43.207018947638026,-2.644254508654703
18886.68299999999,70.89595720720716,43.20835110849714,-2.644544595656405
17171.829999999994,64.4588213213213,43.20815428635423,-2.63514800320268
17177.388999999996,64.47968843843842,43.20792728342257,-2.6369693293168663
17104.332999999995,64.20545420420417,43.209713453611194,-2.6336165133090197
17098.729,64.18441816816816,43.2092594682,-2.6372592574748914
17044.849,63.9821659159159,43.209486477109245,-2.6354378916468923
17104.332999999995,64.20545420420417,43.211045647615975,-2.633906379583552
17791.34799999999,66.7843393393393,43.21059165024964,-2.637549203182709
17148.404999999995,64.37088963963961,43.21081866513686,-2.635727797638646
17104.332999999995,64.20545420420417,43.21237783889377,-2.6341962634048253
17148.404999999995,64.37088963963961,43.21215085043712,-2.636017721179402
19642.529999999995,73.7332207207207,43.208805353161026,-2.640901951594914
18778.72699999999,70.49071696696693,43.20857824703204,-2.642723279883769
18639.97699999999,69.9698836336336,43.20991041114302,-2.643013344732846
18639.97699999999,69.9698836336336,43.210137523252364,-2.6411919767313976
17791.34799999999,66.7843393393393,43.2103646029547,-2.6393705962141576
18274.017999999993,68.59616366366363,43.211696776297494,-2.6396605991903925
18639.97699999999,69.9698836336336,43.211242572525194,-2.643303427139945
18412.585999999992,69.11631381381378,43.21146969061527,-2.641482019423642
18156.767999999993,68.156036036036,43.213028946912296,-2.6399506197215956
18412.585999999992,69.11631381381378,43.21257473117862,-2.6435935271065243
19034.31599999999,71.4501351351351,43.20812393755674,-2.646365898911241
19034.31599999999,71.4501351351351,43.207896734211175,-2.6481871896466864
18751.34499999999,70.38793168168165,43.209683266627,-2.6448347002169257
18886.68299999999,70.89595720720716,43.20945608970467,-2.6466560431820447
19179.784000000003,71.9961861861862,43.20922888037639,-2.6484773736266183
19179.784000000003,71.9961861861862,43.210561023811664,-2.648767575171336
18751.34499999999,70.38793168168165,43.21101542202766,-2.6451248223377206
18751.34499999999,70.38793168168165,43.21078823912303,-2.6469462050153756
19262.338,72.30607357357356,43.21189316451709,-2.649057794282294
19294.213999999993,72.42572822822818,43.21212038581193,-2.6472363844127
17791.34799999999,66.7843393393393,43.21192382957157,-2.6378391664417835
18733.018999999986,70.31914039039033,43.21371002744468,-2.634486164774302
18096.084999999992,67.92824699699696,43.21325600616587,-2.638129147253569
18733.018999999986,70.31914039039033,43.21348303301012,-2.6363076622706023
18733.018999999986,70.31914039039033,43.215042213268795,-2.6347760836934264
18601.561999999987,69.82568318318313,43.21458818003262,-2.638419145619517
18733.018999999986,70.31914039039033,43.21481521285594,-2.6365976209137254
17897.889999999985,67.18427177177172,43.216374396366156,-2.635066020163669
18499.726999999988,69.44341966966961,43.21592035117189,-2.638709161541098
18346.395999999986,68.86785285285279,43.21614738997466,-2.636887597110212
18484.929999999993,69.38787537537534,43.21280185524977,-2.6417720796731143
18867.204999999987,70.82284159159153,43.213906887103384,-2.643883644634038
18867.204999999987,70.82284159159153,43.214134017155985,-2.64206215748126
18718.253999999986,70.26371621621615,43.21436111479918,-2.6402406578092306
18867.204999999987,70.82284159159153,43.21546617633399,-2.6423522528495464
18867.204999999987,70.82284159159153,43.21523904029956,-2.6441737797239413
18723.850999999988,70.28472597597593,43.21569327995822,-2.6405307134547362
18769.778999999988,70.45712837837831,43.21679833278385,-2.6426423657794316
18769.778999999988,70.45712837837831,43.21702544238949,-2.640820786659587
18867.204999999987,70.82284159159153,43.21657119076723,-2.644463932377698
19255.68999999999,72.28111861861858,43.21234757469922,-2.6454149620202476
19294.213999999993,72.42572822822818,43.213452529771395,-2.6475265813754683
19262.338,72.30607357357356,43.21322530249273,-2.6493480309609594
19255.68999999999,72.28111861861858,43.21367972464174,-2.6457051192659677
19262.338,72.30607357357356,43.21455743773868,-2.649638285208779
19294.213999999993,72.42572822822818,43.214784671001546,-2.6478167959051433
19255.68999999999,72.28111861861858,43.2150118718553,-2.645995294076337
19262.338,72.30607357357356,43.215889570255015,-2.6499285570272204
19377.958999999995,72.74008633633632,43.21634401633999,-2.6462854864528116
19294.213999999993,72.42572822822818,43.21611680950246,-2.648107028003186
16249.364000000001,60.99611111111111,43.19938420838236,-2.6725211613097555
15752.266,59.13012762762762,43.19892884517501,-2.676163036789783
16282.889,61.121955705705695,43.19915654297682,-2.6743421053198144
15891.889,59.654237987987976,43.20048861024883,-2.674632814417975
15891.889,59.654237987987976,43.200260906453096,-2.6764537855695325
16289.920999999998,61.14835210210209,43.20071628164749,-2.6728118307251694
15891.889,59.654237987987976,43.201592964995,-2.6767445519442936
16578.472999999998,62.23150525525524,43.202048352177194,-2.673102517731081
16331.908,61.30596096096095,43.20182067478503,-2.6749235411088947
16331.908,61.30596096096095,43.202925020800805,-2.6770353359155243
15578.195,58.47670795795795,43.19847335238392,-2.6798048621031145
15356.151999999998,57.6432132132132,43.19824555739536,-2.681625755943315
15752.266,59.13012762762762,43.198701114977254,-2.677983955718072
15575.983,58.468404654654655,43.19980540167179,-2.6800956902425734
15815.317,59.366805555555544,43.19957760068695,-2.6819166237608907
15644.256999999998,58.72468843843843,43.20003317026064,-2.678274744178261
15731.564999999999,59.05242117117116,43.20090964124121,-2.6822075091802327
15644.256999999998,58.72468843843843,43.201365222807446,-2.6785655502357084
15575.983,58.468404654654655,43.20113744822273,-2.6803865359815475
15644.256999999998,58.72468843843843,43.20269727261779,-2.678856373891874
16630.668,62.42743243243243,43.1998394420031,-2.668879235675693
16373.762999999999,61.46307432432432,43.199611841391246,-2.6707002047611863
16840.942999999996,63.21675300300298,43.20006701021762,-2.6670582540548557
16740.263000000003,62.83882507507508,43.201171527252114,-2.669169825722131
16574.874,62.217995495495494,43.20094392064871,-2.6709908344926916
16857.039999999997,63.27717717717716,43.20139910145738,-2.6673488044150706
16574.874,62.217995495495494,43.202275997171114,-2.671281481812445
17197.101,64.55368243243242,43.202731189962826,-2.6676393723590297
16574.874,62.217995495495494,43.202503609766445,-2.6694604333545664
17197.101,64.55368243243242,43.20406327573402,-2.6679299578881874
15554.945,58.38943318318318,43.20246949203683,-2.680677399321494
15003.803999999996,56.32058558558557,43.202241679058275,-2.682498412202795
15644.256999999998,58.72468843843843,43.204029319691756,-2.679147215148217
15003.803999999996,56.32058558558557,43.20357371413821,-2.6827893328300423
15644.256999999998,58.72468843843843,43.203801533114174,-2.680968280263868
19036.717,71.4591478978979,43.205361364029386,-2.6794380740062045
19036.717,71.4591478978979,43.20513357145482,-2.6812591788101345
,,43.204905746481074,-2.6830802710634343
19036.717,71.4591478978979,43.206693405630794,-2.6797289504672914
19036.717,71.4591478978979,43.206465607058874,-2.681550094961761
16695.813,62.671970720720715,43.203380419971516,-2.67339322232896
16331.908,61.30596096096095,43.2031527365855,-2.675214285394022
16695.813,62.671970720720715,43.20448479565032,-2.67550504727483
16331.908,61.30596096096095,43.20425707387059,-2.6773261374846773
16695.813,62.671970720720715,43.20471248503059,-2.6736839445202576
,,43.205816851979556,-2.6757958267527724
19036.717,71.4591478978979,43.20558912420443,-2.67761695665322
,,43.206044547354445,-2.6739746843064407
,,43.20714890557332,-2.676086623829311
,,43.207376606943185,-2.674265441688966
16695.813,62.671970720720715,43.20360807095854,-2.6715721467219087
17197.101,64.55368243243242,43.20383568954615,-2.6697510585744575
17556.535999999996,65.9029129129129,43.20539535877105,-2.6682205610040204
16695.813,62.671970720720715,43.204940142011026,-2.6718628292225426
17556.535999999996,65.9029129129129,43.20516776659131,-2.6700417013832682
17556.535999999996,65.9029129129129,43.206727439073994,-2.6685111817079674
17627.031999999996,66.16753753753751,43.2062722103287,-2.6721535293158065
17627.031999999996,66.16753753753751,43.20649984090201,-2.6703323617824535
17657.319,66.28122747747747,43.207604275911635,-2.6724442470031566
17657.319,66.28122747747747,43.208059516642926,-2.6688018200014962
19036.717,71.4591478978979,43.206237776086965,-2.6833712269044376
19036.717,71.4591478978979,43.20802544449605,-2.680019844532942
,,43.207569802955945,-2.683662200354506
19036.717,71.4591478978979,43.207797639926376,-2.6818410287202012
19036.717,71.4591478978979,43.20935748062521,-2.680310756204617
,,43.20912967005743,-2.6821319800869134
,,43.208901827088106,-2.6839531914151062
,,43.21023384848351,-2.684244200087695
,,43.21046169745211,-2.682422949063374
,,43.21068951401836,-2.680601685483774
19036.717,71.4591478978979,43.2069211718024,-2.677907793422614
,,43.20848095643164,-2.6763774385059054
,,43.20870866379687,-2.6745562166692913
19036.717,71.4591478978979,43.20825321666458,-2.678198647794315
,,43.209813004554626,-2.676668270784015
,,43.20958525879105,-2.678489519769793
,,43.210040717915575,-2.674847009248883
15629.149999999998,58.667980480480466,43.21114504994237,-2.676959120665108
15629.149999999998,58.667980480480466,43.21137276929941,-2.6751378194292004
,,43.210917298181904,-2.6787804093504937
17657.319,66.28122747747747,43.20783191247833,-2.670623039773474
,,43.208936338759884,-2.67273498228606
17657.319,66.28122747747747,43.20916398132036,-2.6709137353577908
,,43.21026839887354,-2.673025735165971
16918.216999999993,63.50682057057054,43.21205573294642,-2.6696738404341875
15629.149999999998,58.667980480480466,43.211600456252675,-2.673316505644351
16961.445999999993,63.66909159159156,43.2118281108018,-2.671495179312154
15629.149999999998,58.667980480480466,43.21247709259491,-2.6772499881506393
15629.149999999998,58.667980480480466,43.21270481794842,-2.675428647211698
15093.162999999993,56.65601726726724,43.21224933483718,-2.6790713165378905
15093.162999999993,56.65601726726724,43.213809132512345,-2.677540873242068
15587.713,58.51243618618618,43.214036863862695,-2.675719492597852
15093.162999999993,56.65601726726724,43.21358136875698,-2.6793622413334455
15385.123999999996,57.75196696696695,43.215368907042325,-2.6760103555891095
15093.162999999993,56.65601726726724,43.214913399941395,-2.679653183738616
15385.123999999996,57.75196696696695,43.21514116969475,-2.6778317759408616
15035.342999999993,56.4389752252252,43.21624542839048,-2.679944143754863
18626.571999999993,69.91956456456454,43.20344581132902,-2.6509590487701336
18483.211999999992,69.38142642642639,43.203673061533145,-2.6491379021851245
18804.72199999999,70.58829579579576,43.20321852872318,-2.6527801828344697
18656.702999999994,70.03266891891889,43.204777953718875,-2.651249259465709
18483.211999999992,69.38142642642639,43.205005209906204,-2.64942807318065
18656.702999999994,70.03266891891889,43.204550665129055,-2.6530704332289416
,,43.20633735554875,-2.649718261738847
18656.702999999994,70.03266891891889,43.20611009337785,-2.6515394877262075
18656.702999999994,70.03266891891889,43.205882798803664,-2.653360701190585
19179.784000000003,71.9961861861862,43.20766949846082,-2.650008467861165
18442.416,69.22828828828828,43.2054281124468,-2.6570030905440634
17792.666999999998,66.78929054054052,43.20520072066485,-2.6588242664299915
18442.416,69.22828828828828,43.205655471826525,-2.6551819021304017
18442.416,69.22828828828828,43.2069875967844,-2.655472227362924
18088.851,67.90109234234234,43.20630540347757,-2.660935874118915
18175.944999999996,68.22802177177175,43.206532833649305,-2.659114671063533
18442.416,69.22828828828828,43.20676023141836,-2.6572934554776766
18175.944999999996,68.22802177177175,43.20763750774152,-2.661226336030336
19141.893,71.85395270270268,43.2083197190108,-2.655762570167795
18175.944999999996,68.22802177177175,43.20809234765807,-2.657583837985882
17821.048999999995,66.89582957957956,43.20451835090913,-2.6642877189055354
17805.27,66.8365990990991,43.20474583989566,-2.6624665806123096
17535.864999999994,65.82531906906904,43.2056229185499,-2.666399408086372
17567.694999999996,65.94480105105103,43.20585044592751,-2.664578242631917
18143.397,68.10584459459459,43.20607794090352,-2.6627570646422387
17727.101,66.54317192192191,43.207410039178406,-2.6630475662535282
17635.245,66.19836711711712,43.20718253821254,-2.6648687839419223
17611.371999999992,66.10875375375372,43.206955004844296,-2.666689989093925
17894.245999999996,67.17059309309307,43.2087421347204,-2.663338085447639
17631.177999999996,66.18310060060058,43.2085146277643,-2.6651593428369975
18905.963999999996,70.9683333333333,43.207442230305986,-2.6518297335530843
18905.963999999996,70.9683333333333,43.20721492974707,-2.6536509867208666
18905.963999999996,70.9683333333333,43.20877436450337,-2.6521199969478007
19179.784000000003,71.9961861861862,43.209001638642505,-2.650298691549066
18905.963999999996,70.9683333333333,43.20854705795934,-2.65394128982124
19179.784000000003,71.9961861861862,43.2103337760939,-2.650588932804005
18905.963999999996,70.9683333333333,43.21010649597009,-2.652410277911814
19141.893,71.85395270270268,43.2098791834406,-2.654231610493155
19075.011000000002,71.60289414414414,43.21166591081505,-2.6508791916274506
19075.011000000002,71.60289414414414,43.211438624706204,-2.652700576446572
18175.944999999996,68.22802177177175,43.207864943901534,-2.6594050932739286
17894.245999999996,67.17059309309307,43.20896960927295,-2.661516815522324
18283.591999999993,68.63210210210208,43.209197051421604,-2.6596955330626355
19141.893,71.85395270270268,43.20965183850579,-2.6560529305464686
18283.591999999993,68.63210210210208,43.209424461166,-2.657874238070159
18494.605,69.42419294294294,43.21075657194221,-2.658164655731946
18283.591999999993,68.63210210210208,43.210529156209596,-2.6599859904311165
18823.033,70.65703078078077,43.21098395526942,-2.656343308500405
18136.293,68.07917792792793,43.210301708071924,-2.6618073125963386
18514.024999999998,69.49709084084083,43.21208867998679,-2.6584550909727054
17611.371999999992,66.10875375375372,43.20828708840503,-2.6669805876888124
17307.495999999996,64.96807807807805,43.20984671458288,-2.665449919318609
17186.834,64.51514264264263,43.20961916923222,-2.6672712038724833
18106.446999999996,67.96714339339337,43.21007422752956,-2.6636286222260352
17096.285999999996,64.17524774774773,43.21117879866834,-2.665740513388214
17148.613999999998,64.37167417417416,43.211406317606,-2.6639191765901664
17211.375999999993,64.60726726726723,43.21095124732592,-2.667561837646402
16743.118,62.84954204204203,43.212283322686204,-2.667852489012034
18823.033,70.65703078078077,43.21121130619087,-2.6545219487380876
19075.011000000002,71.60289414414414,43.21299804280608,-2.651169468020846
19075.011000000002,71.60289414414414,43.2127707507118,-2.6529908925535475
18823.033,70.65703078078077,43.21254342621025,-2.6548123045574865
18823.033,70.65703078078077,43.21387554349884,-2.655102677952806
19075.011000000002,71.60289414414414,43.21410287398695,-2.6532812262341974
19262.338,72.30607357357356,43.21433017206703,-2.651459761985658
18889.774999999998,70.9075638138138,43.215434994531755,-2.6535715774899766
19262.338,72.30607357357356,43.215662298597984,-2.6517500735233464
18889.774999999998,70.9075638138138,43.21520765805668,-2.655393068925513
18283.591999999993,68.63210210210208,43.211861258265586,-2.6602764653808317
18823.033,70.65703078078077,43.21231606930181,-2.656633704031065
18255.264,68.52576576576575,43.21163380413853,-2.662097827253847
18084.435,67.88451576576577,43.213193357589645,-2.6605669579132347
18651.351,70.01257882882881,43.213420785299824,-2.6587455437939145
18651.351,70.01257882882881,43.213648180603016,-2.6569241171399054
18889.774999999998,70.9075638138138,43.214980289173106,-2.6572145478283904
17973.043,67.46637762762762,43.21452545418189,-2.660857468029788
18889.774999999998,70.9075638138138,43.21475288788139,-2.6590360141970066
16576.354,62.22355105105104,43.21361539531316,-2.6681431579708312
18695.446999999996,70.17810435435435,43.216312395012174,-2.6575049960979724
18355.55,68.90221471471472,43.21608498773155,-2.659326502183461
18355.55,68.90221471471472,43.21741708485039,-2.659617007754732
18679.902,70.11975225225224,43.217644498120315,-2.6577954619501134
15093.162999999993,56.65601726726724,43.212021544675586,-2.6808926323718865
,,43.21156586714226,-2.6845352263737365
,,43.2117937221105,-2.6827139356510283
14608.837999999996,54.83798048048046,43.21312574403265,-2.683004939851344
15093.162999999993,56.65601726726724,43.213353572596965,-2.681183596870401
14314.985999999997,53.734932432432416,43.2128978830644,-2.6848262702747014
15093.162999999993,56.65601726726724,43.214685597782584,-2.681474578980784
14608.837999999996,54.83798048048046,43.21422989625004,-2.6851173317920374
14608.837999999996,54.83798048048046,43.21445776321868,-2.6832959616657863
14608.837999999996,54.83798048048046,43.2160176202325,-2.681765578704502
17086.227999999992,64.13749249249246,43.21338779958009,-2.669964549100649
17086.227999999992,64.13749249249246,43.213160171441366,-2.6717859276851215
15579.461,58.4814602102102,43.21293251089737,-2.6736072937226703
17086.227999999992,64.13749249249246,43.21449222934695,-2.67207669365723
17086.227999999992,64.13749249249246,43.214719863480134,-2.670255275363998
15579.461,58.4814602102102,43.21426456280769,-2.673898099402375
15789.241999999998,59.26892642642642,43.215824284518625,-2.6723674772299395
15789.241999999998,59.26892642642642,43.216051924646635,-2.6705460192256925
15385.123999999996,57.75196696696695,43.21559661198373,-2.674188922684939
15133.819999999996,56.80863363363361,43.21670094748737,-2.6763012361869385
15133.819999999996,56.80863363363361,43.21647320414222,-2.67812269624848
15041.677999999996,56.46275525525524,43.2180329851979,-2.6765921343927976
15035.342999999993,56.4389752252252,43.21757745410432,-2.6802351213836517
15041.677999999996,56.46275525525524,43.21780523585479,-2.678413634166386
15045.034999999996,56.47535660660659,43.21936502017402,-2.6768830502081506
15035.342999999993,56.4389752252252,43.21890947708298,-2.6805261166264422
14857.272999999994,55.77054429429427,43.21913726483259,-2.678704589696039
15045.034999999996,56.47535660660659,43.2206970524158,-2.677173983634461
14584.185999999994,54.745442942942915,43.220469291075666,-2.6789955628389
15527.995999999996,58.288273273273255,43.218716038779306,-2.6711275597499617
15056.903999999995,56.519909909909885,43.218260702133264,-2.6747706220644765
15056.903999999995,56.519909909909885,43.21982043363091,-2.673239933566273
15056.903999999995,56.519909909909885,43.21959274310692,-2.6750614981643692
15056.903999999995,56.519909909909885,43.221152477867705,-2.6735307875559973
14608.837999999996,54.83798048048046,43.21556190669924,-2.685408410927215
14608.837999999996,54.83798048048046,43.215789779668626,-2.6835870010958147
14396.059999999994,54.03926426426424,43.21689391441208,-2.685699507681698
15035.342999999993,56.4389752252252,43.21734963994679,-2.6820565960430156
14416.843999999997,54.11728228228227,43.2171217933826,-2.683878058142892
14310.993999999995,53.719947447447424,43.21822591938864,-2.685990622056945
14310.993999999995,53.719947447447424,43.21845380436065,-2.6841691328084805
15035.342999999993,56.4389752252252,43.21868165692555,-2.682347630997786
14310.993999999995,53.719947447447424,43.219785812602865,-2.684460225094045
14166.173999999995,53.17632882882881,43.219557921629,-2.6862817540544186
14584.185999999994,54.745442942942915,43.22024149732657,-2.6808171294847014
14584.185999999994,54.745442942942915,43.221801314584106,-2.6792865535964365
,,43.2220290819233,-2.6774649346731896
14584.185999999994,54.745442942942915,43.22157351483514,-2.6811081599598876
,,43.22336110869661,-2.6777559033257967
,,43.222905529608774,-2.6813992080534623
,,43.223133335357964,-2.6795775619701105
,,43.22423754164757,-2.6816902737668915
15006.849999999995,56.33201951951949,43.2246931327358,-2.678046889593748
,,43.22446535339736,-2.6798685879613804
14584.185999999994,54.745442942942915,43.22001367116884,-2.6826386835702767
13772.677999999996,51.69924174174172,43.220889921133214,-2.6865729036755814
,,43.22111781810934,-2.684751335001044
14584.185999999994,54.745442942942915,43.22134568267676,-2.6829297537619508
13772.677999999996,51.69924174174172,43.22222191790139,-2.686864070921905
,,43.22267769144938,-2.6832208415742684
,,43.222449820880115,-2.6850424625309444
,,43.22400969748675,-2.6835119470086974
13772.677999999996,51.69924174174172,43.22355391193361,-2.687155255794845
,,43.22378182091532,-2.6853336076852066
15045.034999999996,56.47535660660659,43.22092478134659,-2.675352391872963
15581.371,58.48862987987987,43.22248451937096,-2.673821659153627
15581.371,58.48862987987987,43.22225681685237,-2.675643303191723
15538.782999999996,58.32876501501499,43.22358884962433,-2.6759342321221067
15538.782999999996,58.32876501501499,43.22381655814077,-2.674112548360627
15287.403999999995,57.385150150150125,43.22492087966255,-2.6762251786655806
15292.373999999996,57.403806306306286,43.22514859417721,-2.6744034551784575
14559.600999999995,54.65315690690689,43.22556955095156,-2.681981357101637
15006.849999999995,56.33201951951949,43.226025154040975,-2.678337893478506
15006.849999999995,56.33201951951949,43.225797368702345,-2.6801596315717138
14650.879999999994,54.995795795795765,43.226901557520854,-2.6822724580591637
17897.889999999985,67.18427177177172,43.217706576736866,-2.6353559741864805
18342.261999999984,68.85233483483476,43.217252519583774,-2.6389991950197573
18342.261999999984,68.85233483483476,43.21747956436635,-2.6371775908615263
17906.889999999985,67.2180555555555,43.21903875438101,-2.6356459457633186
19001.442999999985,71.32673798798791,43.21858468526833,-2.6392892460569604
18546.812999999987,69.62016891891886,43.2188117360311,-2.6374676021691243
18331.681999999986,68.81262012012006,43.21991684822565,-2.6395793146541595
17723.831999999984,66.53090090090083,43.22037092929864,-2.635935934895641
18331.681999999986,68.81262012012006,43.22014390496897,-2.637757631034467
17723.831999999984,66.53090090090083,43.221703101489865,-2.636225941584915
19338.168999999994,72.59072447447444,43.21790333850649,-2.6447541025967696
19001.442999999985,71.32673798798791,43.218130486505665,-2.6429324962723655
19001.442999999985,71.32673798798791,43.21835760209306,-2.6411108774252354
18631.451999999987,69.93788288288283,43.21968975906903,-2.6414009857531378
20321.559999999994,76.2821321321321,43.21946263749949,-2.643222644329815
19338.168999999994,72.59072447447444,43.21923548351738,-2.6450442903826064
20321.559999999994,76.2821321321321,43.220794785765435,-2.6435128099532355
18631.451999999987,69.93788288288283,43.221021913317486,-2.641691111644754
20321.559999999994,76.2821321321321,43.220567625799994,-2.645334495736671
,,43.21722170004179,-2.6502188464177436
19377.958999999995,72.74008633633632,43.21744894527419,-2.648397277671041
19377.958999999995,72.74008633633632,43.21767615809587,-2.6465756963968565
18316.036999999993,68.75389264264261,43.21855382709913,-2.6505091533817993
19377.958999999995,72.74008633633632,43.21878107831684,-2.6486875449101865
19377.958999999995,72.74008633633632,43.219008297123054,-2.646865923909924
18376.018999999997,68.97905030030029,43.220113208630465,-2.648977829722069
18316.036999999993,68.75389264264261,43.219885951427074,-2.6507994779208546
19338.168999999994,72.59072447447444,43.22034043342156,-2.6471561689934773
18204.059999999983,68.3335585585585,43.22147607118006,-2.638047677459007
18204.059999999983,68.3335585585585,43.221249008455814,-2.6398694008128163
17723.831999999984,66.53090090090083,43.22303527095475,-2.6365159658325776
19092.255999999987,71.66762762762757,43.22280823466444,-2.6383377414442077
18692.22999999999,70.16602852852847,43.22436743769335,-2.636806007640108
20321.559999999994,76.2821321321321,43.22189976535444,-2.6456247186604194
19186.684999999998,72.02209084084082,43.22167256699152,-2.647446431648972
,,43.21699442239903,-2.6520404026353703
,,43.216767112346275,-2.6538619463223427
18695.446999999996,70.17810435435435,43.21653976988387,-2.6556834774770706
18757.889,70.41249624624623,43.218099227430585,-2.6541523327327603
18316.036999999993,68.75389264264261,43.218326543470255,-2.652330749323189
18679.902,70.11975225225224,43.217871878980496,-2.655973903608929
18316.036999999993,68.75389264264261,43.21965866181172,-2.6526211135882556
18663.813999999995,70.05936186186183,43.21897659849757,-2.6580859453862815
18757.889,70.41249624624623,43.21943133978477,-2.6544427367226837
18757.889,70.41249624624623,43.21920398534661,-2.656264347322555
18509.56,69.48033033033033,43.218749179238,-2.659907530912276
12211.494999999995,45.83894519519517,43.19607848364931,-2.7316610109556603
12184.287999999995,45.7368168168168,43.19786771130607,-2.7283115637785533
11950.273999999994,44.85838588588586,43.19763905009729,-2.730132289503264
11950.273999999994,44.85838588588586,43.197410356499766,-2.731953002635811
11950.273999999994,44.85838588588586,43.197181630513846,-2.7337737031746085
11950.273999999994,44.85838588588586,43.19851349459724,-2.734065752176286
11950.273999999994,44.85838588588586,43.198742226603116,-2.73224501198287
11975.712999999994,44.9538776276276,43.19897092621979,-2.730424259194552
11720.658999999996,43.9964677177177,43.199845355933235,-2.7343578188485815
11728.763999999996,44.02689189189187,43.200302799595654,-2.7307162465519705
12803.887999999997,48.06264264264262,43.198553500596375,-2.722849311067234
12445.306999999995,46.716617867867846,43.198096340125744,-2.7264908254632587
12803.887999999997,48.06264264264262,43.199885400787636,-2.7231411221238004
12416.185999999994,46.607304804804784,43.19965683073123,-2.7249619252759527
12160.067999999996,45.64590090090088,43.19919959344695,-2.7286034938129022
12416.185999999994,46.607304804804784,43.19942822828422,-2.7267827158395113
12361.233999999997,46.401028528528514,43.20053147284155,-2.7288954415111366
12416.185999999994,46.607304804804784,43.20098872216095,-2.7252537936523185
12803.887999999997,48.06264264264262,43.20121729823373,-2.7234329508374966
12361.233999999997,46.401028528528514,43.200760113696774,-2.727074623877393
,,43.19938778271239,-2.7379993407545924
,,43.20049078804027,-2.7401122861219105
11366.706999999997,42.667819069069054,43.20094843808463,-2.73647071010354
,,43.2007196292573,-2.7382915044137137
,,43.20182262581373,-2.740404507116955
11366.706999999997,42.667819069069054,43.20228028790419,-2.736762851781687
,,43.2020514730542,-2.738583685750889
9648.774000000001,36.219121621621625,43.20315446083892,-2.7406967457937714
11115.189999999997,41.723686186186164,43.20361213497621,-2.7370550111371075
,,43.203383314103206,-2.738875884767594
11720.658999999996,43.9964677177177,43.20007409395943,-2.7325370389983106
11366.706999999997,42.667819069069054,43.20117721452191,-2.7346499031929707
11720.658999999996,43.9964677177177,43.20163467022494,-2.7310082515769802
11720.658999999996,43.9964677177177,43.201405958568806,-2.732829083683595
11366.706999999997,42.667819069069054,43.2027378204313,-2.733121146040188
11366.706999999997,42.667819069069054,43.20250907036335,-2.7349420052109266
12679.508999999996,47.59575450450449,43.20296653810773,-2.731300274271051
11115.189999999997,41.723686186186164,43.20384092345762,-2.735234124903902
11561.203999999996,43.3979129129129,43.20429840324409,-2.7315923146356482
11115.189999999997,41.723686186186164,43.20406967954702,-2.7334132260695556
12503.066999999997,46.93343468468467,43.20254919293474,-2.723724797209789
12570.359999999997,47.18603603603602,43.20186334948996,-2.7291874068747135
12570.359999999997,47.18603603603602,43.2020919963635,-2.7273665495783717
12717.931999999997,47.73998498498497,43.20232061084521,-2.725545679689536
12679.508999999996,47.59575450450449,43.20319522339222,-2.729479389905098
12717.931999999997,47.73998498498497,43.20342387628447,-2.72765849294391
12717.931999999997,47.73998498498497,43.203652496784095,-2.7258375833890653
12503.066999999997,46.93343468468467,43.203881084890725,-2.724016661242142
12679.508999999996,47.59575450450449,43.20475575345977,-2.727950453975474
12679.508999999996,47.59575450450449,43.20452709454846,-2.7297713906037626
12503.066999999997,46.93343468468467,43.20498437997767,-2.726129504752369
12503.066999999997,46.93343468468467,43.20521297410179,-2.724308542936023
12539.904999999997,47.07171546546545,43.20608762788948,-2.728242432674533
12539.904999999997,47.07171546546545,43.20585896295872,-2.730063408972169
12539.904999999997,47.07171546546545,43.20631626042603,-2.7264214437809153
12593.341999999997,47.27230480480479,43.206544860568,-2.7246004422928953
12539.904999999997,47.07171546546545,43.207190828623084,-2.730355445011785
12539.904999999997,47.07171546546545,43.20741949957365,-2.7285344290425515
12421.781999999996,46.628310810810795,43.20764813812921,-2.7267134004761675
12593.341999999997,47.27230480480479,43.207876744289436,-2.7248923593142287
9346.851999999999,35.08578078078077,43.204715152404354,-2.7391681014652804
11374.655999999997,42.69765765765764,43.20494397930078,-2.7373471881712703
9346.851999999999,35.08578078078077,43.204486293115885,-2.74098900215383
9346.851999999999,35.08578078078077,43.20581812264472,-2.7412812761985905
10708.196999999996,40.195934684684666,43.206275820877956,-2.737639382885641
10708.196999999996,40.195934684684666,43.20604698795777,-2.7394603358454317
9111.624000000002,34.2027927927928,43.2071499494255,-2.7415735679295343
10616.995999999997,39.85358858858857,43.20760765970784,-2.737931595281685
10708.196999999996,40.195934684684666,43.20737882076349,-2.7397525879095053
9111.624000000002,34.2027927927928,43.20848177345831,-2.7418658773481135
11374.655999999997,42.69765765765764,43.2051727738048,-2.7355262622733707
11561.203999999996,43.3979129129129,43.205401535916025,-2.7337053237731666
11561.203999999996,43.3979129129129,43.20563026563412,-2.7318843726722393
11374.655999999997,42.69765765765764,43.206504621404946,-2.7358184173207976
11374.655999999997,42.69765765765764,43.20673338953837,-2.733997439152489
11561.203999999996,43.3979129129129,43.20696212527786,-2.732176448382286
,,43.20829398217543,-2.732468541767267
10616.995999999997,39.85358858858857,43.20783646625817,-2.7361105900476512
11374.655999999997,42.69765765765764,43.20806524041416,-2.734289572208985
10616.995999999997,39.85358858858857,43.209168308364546,-2.7364027804553968
12421.781999999996,46.628310810810795,43.20852269154162,-2.730647498724073
12421.781999999996,46.628310810810795,43.208751368512374,-2.7288264430809885
12421.781999999996,46.628310810810795,43.20898001308735,-2.7270053748396004
12243.817,45.96027402402402,43.209208625266164,-2.7251842940014828
10133.989,38.040499249249244,43.20985455171442,-2.7309395701105044
12421.781999999996,46.628310810810795,43.210083234705735,-2.729118474791326
10834.051000000001,40.66835960960961,43.210311885300484,-2.7272973668726737
10834.051000000001,40.66835960960961,43.21054050349827,-2.725476246356126
10133.989,38.040499249249244,43.211186409141554,-2.731231659172548
10516.952000000003,39.47804804804806,43.21141509815382,-2.7294105241750186
10616.995999999997,39.85358858858857,43.20893949579047,-2.7382238253608757
9111.624000000002,34.2027927927928,43.2087106508216,-2.7400448576589733
10325.506000000001,38.759406906906904,43.2098135947432,-2.7421582044558055
9675.239000000001,36.31846471471472,43.21027132912594,-2.7385160731246723
10325.506000000001,38.759406906906904,43.2100424781322,-2.740337145095302
8163.485000000002,30.64371246246247,43.211145413280285,-2.7424505492540763
9675.239000000001,36.31846471471472,43.21160315971435,-2.738808338574551
8801.436000000002,33.038423423423424,43.21137430269533,-2.7406294502199575
8212.510000000002,30.827740240240246,43.212477229069606,-2.74274291174439
9807.561000000002,36.81516891891892,43.21293498755575,-2.739100621711971
,,43.19893007993596,-2.7416408122573612
,,43.20026191443392,-2.741933055226557
9216.353000000001,34.59591966966967,43.200033008438616,-2.743753811726067
9216.353000000001,34.59591966966967,43.20113588975307,-2.7458668955805288
9216.353000000001,34.59591966966967,43.20136483416281,-2.744046112033354
9648.774000000001,36.219121621621625,43.20159374618315,-2.7422253158783025
9098.627,34.15400525525525,43.20269665713797,-2.7443384300269154
9648.774000000001,36.219121621621625,43.20292557518373,-2.7425175942140725
8918.816,33.47903903903904,43.20246770670203,-2.7461592532307093
8778.269000000002,32.951460210210215,43.20379952090168,-2.7464516285708775
9609.84,36.07297297297297,43.204257401435704,-2.7428098902353306
8976.004,33.69370870870871,43.20402847736418,-2.7446307657082056
8976.004,33.69370870870871,43.20536029484151,-2.744923119078707
9560.014000000001,35.88593843843844,43.20558922493918,-2.743102203943548
8976.004,33.69370870870871,43.20513133235207,-2.7467440216025034
8630.992000000002,32.39861861861862,43.20692104569424,-2.743394535340185
8578.035,32.19983108108108,43.206463141053284,-2.747036432327047
8585.334,32.22722972972973,43.20669210957004,-2.7452154901398838
8630.992000000002,32.39861861861862,43.20802392154984,-2.745507878893199
8630.992000000002,32.39861861861862,43.208252863700935,-2.7436868844267175
9286.647,34.859786036036034,43.209355730781006,-2.745800285340127
10325.506000000001,38.759406906906904,43.20958467895936,-2.7439792512046077
7792.443000000002,29.25091216216217,43.21068753726359,-2.746092709482128
7815.704000000002,29.338228228228235,43.21091649146959,-2.7442716356753287
7794.110000000002,29.257169669669675,43.212248301231675,-2.744564037840343
7735.810000000002,29.038325825825833,43.21201934099767,-2.746385151320681
8100.861000000003,30.408637387387394,43.21358010824574,-2.7448564577011236
7860.986000000003,29.508205705705713,43.213351141983345,-2.7466776108572417
8193.734,30.75725975975976,43.214911912511845,-2.7451488952591325
8193.734,30.75725975975976,43.214682940220676,-2.7469700880932915
8193.734,30.75725975975976,43.21601473570974,-2.7472625830302886
8193.734,30.75725975975976,43.216243714030036,-2.7454413505158524
10135.186,38.04499249249249,43.20939708854346,-2.734581722944121
10133.989,38.040499249249244,43.20962583632687,-2.732760652828632
10135.186,38.04499249249249,43.21050014772412,-2.736694988545504
10135.186,38.04499249249249,43.210728933926355,-2.7348738913593698
10133.989,38.040499249249244,43.21095768773229,-2.7330527815678596
10125.178,38.007424924924926,43.21228953639174,-2.733344927986412
10135.186,38.04499249249249,43.21206077656291,-2.7351660774561948
9675.239000000001,36.31846471471472,43.211831984336996,-2.7369872143194334
9822.488,36.871201201201195,43.21316381820324,-2.7372794577786657
9862.233999999999,37.02039789789789,43.213392616453206,-2.7354582812360633
10516.952000000003,39.47804804804806,43.211643754768694,-2.72758937657685
10593.444000000001,39.76518018018018,43.21187237898584,-2.7257682163796275
10345.942000000003,38.83611861861862,43.21274695885666,-2.729702591233534
10131.687,38.0318581081081,43.21251826382311,-2.7315237659116622
10336.549000000003,38.80085960960962,43.21297562149207,-2.727881403953605
10441.401000000002,39.1944481981982,43.21320425172894,-2.7260602040734536
10241.878000000002,38.445487987987995,43.21453612172763,-2.7263522094390655
10243.873000000003,38.45297672672674,43.214307485470655,-2.7281734490043967
10070.864,37.80354354354354,43.21385011575914,-2.7318158903293246
10375.599000000002,38.9474436936937,43.21407881681439,-2.7299946759683413
9929.829,37.27413288288288,43.21362138230529,-2.733637092085757
9679.7,36.335210210210214,43.214724453597334,-2.7357505027004456
9851.652999999998,36.98067942942942,43.21495322547306,-2.733929273867367
9853.335,36.986993243243234,43.21449564932293,-2.7375717189246562
9805.707,36.80820945945946,43.21582747769615,-2.7378639977588755
9697.916000000001,36.40358858858859,43.216285065895086,-2.7342214733327
9521.384000000002,35.740930930930936,43.21605628799536,-2.7360427418508086
10344.557,38.83091966966967,43.21761690357146,-2.7345136904832335
9629.728000000001,36.147627627627635,43.21738811964734,-2.73633499868862
9338.564,35.05466966966967,43.217159303322966,-2.7381562942827964
8752.174,32.85350600600601,43.21270612451108,-2.740921773034408
8439.421,31.679508258258256,43.214037943579534,-2.741214113540121
8211.873000000001,30.825349099099103,43.21380904211125,-2.7430352919282233
8674.709,32.56272147147147,43.21426681265022,-2.739392922538408
10030.565999999999,37.65227477477477,43.215598634997846,-2.7396852410553247
8834.974000000002,33.16431681681682,43.21514085240533,-2.743327689807036
8485.841,31.853757507507506,43.21536975990078,-2.741506471738573
8766.011000000002,32.9054466966967,43.21670157347486,-2.7417988476312223
9003.223000000002,33.795882132132135,43.21693045459869,-2.7399775772641926
8712.304000000002,32.70384384384385,43.216472659951876,-2.7436201053822966
9919.521999999999,37.23544294294293,43.21518196494975,-2.7321080324269933
10127.494000000002,38.01611861861863,43.21541067202703,-2.730286778380908
10028.595000000003,37.644876126126135,43.21563934670459,-2.728465511730696
10146.413000000002,38.08713588588589,43.21586798898201,-2.7266442324779367
9932.872000000003,37.28555555555556,43.216971205193886,-2.7287575921339715
9956.343000000003,37.37365990990991,43.216513811395,-2.73240019220614
9886.836000000003,37.11274774774776,43.21674252449471,-2.730578898472703
9719.767000000002,36.48561186186187,43.21807437421747,-2.7308710362451905
9808.051000000003,36.81700825825827,43.21784565509496,-2.7326923696682313
10140.082000000002,38.06337087087088,43.21830306093865,-2.729049690215686
10334.832000000002,38.79441441441442,43.216096598859,-2.724822940624213
10432.747000000003,39.16196321321322,43.21765705288458,-2.723293597501839
10287.116000000002,38.615300300300305,43.21719985349217,-2.726936273191528
11009.307999999999,41.32623123123122,43.21788560397799,-2.721472240757753
10422.865000000002,39.12486861861862,43.21742846938917,-2.7251149416469587
10484.656,39.35681681681682,43.219217483802865,-2.721764180064752
10291.015000000001,38.62993618618619,43.218988926690606,-2.723585576504261
10207.309000000003,38.31572447447448,43.21853171525814,-2.7272283315813124
10260.077000000001,38.513802552552555,43.21876033717559,-2.725406960343642
10193.822000000002,38.2650975975976,43.219863574280055,-2.7275204076487514
10192.844000000001,38.261426426426425,43.22009220221828,-2.725698996715732
10312.178,38.70937687687687,43.2203207977533,-2.7238775731798373
10487.168000000001,39.36624624624624,43.22054936088478,-2.722056137042647
9896.450000000003,37.148836336336345,43.22119543055794,-2.7278125013953165
10425.719000000001,39.13558183183183,43.22165266607274,-2.724169587530034
10574.066,39.69243993993994,43.22188123522379,-2.7223481116929116
10426.596000000001,39.13887387387388,43.221424064517336,-2.725991050764694
9771.117000000002,36.67836711711712,43.22252728409189,-2.7281046128224746
10618.267,39.85835960960961,43.222984531649,-2.7244616195563136
10665.991,40.037503753753754,43.22321310681999,-2.7226401040170143
9180.582,34.46164414414414,43.21849112620345,-2.738448608497882
9363.221,35.14722597597597,43.218719948553385,-2.736627273215343
10584.278999999999,39.73077702702702,43.218948738502256,-2.734805925320437
9210.548,34.574129129129126,43.2198229463377,-2.73874094040561
,,43.22028057068755,-2.735098177845763
9280.634000000002,34.83721471471472,43.220051774713546,-2.7369195654324536
8984.390000000001,33.725187687687686,43.221154763725785,-2.739033290007435
9236.475,34.6714527027027,43.22161240012743,-2.7353904480606928
9109.821000000002,34.19602477477478,43.22138359812792,-2.7372118753414107
8898.581,33.40308183183183,43.22248657836776,-2.739325657304834
9736.729000000003,36.54928303303304,43.2194062211954,-2.731163191699836
10213.386,38.33853603603604,43.21963491393896,-2.7293418059773153
9535.127000000002,35.79251876876877,43.21917749604972,-2.732984564814737
9998.677000000001,37.53257132132133,43.2209667641949,-2.7296339394203173
9388.084,35.24055555555556,43.22050933425934,-2.733276777647123
9919.395000000002,37.23496621621622,43.22073806542859,-2.7314553648381135
9617.627000000002,36.10220345345346,43.22184116972393,-2.733569008166861
9577.965000000002,35.953322072072076,43.222069906917085,-2.7317475556614874
9750.516000000003,36.60103603603604,43.22229861170653,-2.729926090546165
9309.789000000002,34.94665540540541,43.22317300244354,-2.733861256375408
8795.608000000002,33.01654654654655,43.21780446475096,-2.7439125386554855
9034.827000000001,33.91451576576576,43.2180333843019,-2.7420912412195366
8957.521,33.62432807807808,43.218262271452836,-2.7402699311664804
9034.827000000001,33.91451576576576,43.21936519238193,-2.7423836525049943
8190.341000000001,30.744523273273277,43.2191362668027,-2.7442049896280545
9115.842,34.218626126126125,43.21959408556038,-2.7405623027636468
9034.408000000001,33.91294294294294,43.220925896921365,-2.740854692057174
8101.315000000001,30.410341591591592,43.22046806610714,-2.74449745830149
9197.697,34.52588963963964,43.22069699771504,-2.742676081489054
8670.601,32.54730105105105,43.222257705535895,-2.741147099048528
8193.734,30.75725975975976,43.21734652845062,-2.7475550956697123
8190.341000000001,30.744523273273277,43.217575512800416,-2.7457338234727358
7723.811000000001,28.993284534534535,43.21711751170191,-2.7493763552448303
8101.315000000001,30.410341591591592,43.218678318443374,-2.747847626013025
8190.341000000001,30.744523273273277,43.21890730882306,-2.746026314131262
7723.811000000001,28.993284534534535,43.218449295664,-2.7496689252717665
8101.315000000001,30.410341591591592,43.22001010568811,-2.748140174061696
8101.315000000001,30.410341591591592,43.22023910209805,-2.746318822492897
7723.811000000001,28.993284534534535,43.21978107687767,-2.749961513006308
8298.872,31.151921921921918,43.22157089262545,-2.746611348559109
7363.568000000001,27.64102102102102,43.219322922056826,-2.7536041530166395
7553.801000000001,28.35510885885886,43.219552015667134,-2.7517828393251533
7363.568000000001,27.64102102102102,43.22065468845696,-2.7538968378330106
8081.545000000001,30.33612987987988,43.22134189018486,-2.748432739817203
8081.545000000001,30.33612987987988,43.22111285534303,-2.750254118449935
8028.841000000001,30.138292042042046,43.222444631060135,-2.750546741604112
8298.872,31.151921921921918,43.222902680405326,-2.746903892331374
8028.841000000001,30.138292042042046,43.222673671933755,-2.7487253232810005
8429.862,31.64362612612612,43.22377640402903,-2.750839382470309
8629.58,32.393318318318315,43.22423446543778,-2.7471964538111537
8659.685,32.50632507507507,43.22400545093483,-2.749017924454576
8008.086000000001,30.060382882882884,43.225337227188184,-2.749310543339383
7901.757000000001,29.661250000000003,43.22510817424984,-2.751132041049998
7328.515000000001,27.509440690690692,43.22042555641344,-2.755718178580194
7783.925000000001,29.21893768768769,43.220883788100274,-2.7520754844557342
7605.285000000001,28.548367117117117,43.22198645210809,-2.7541895403644396
7605.285000000001,28.548367117117117,43.22175731403039,-2.756010920798493
7783.925000000001,29.21893768768769,43.222215557784786,-2.7523681472991175
7605.285000000001,28.548367117117117,43.223318213010295,-2.7544822606123898
8429.862,31.64362612612612,43.22354732472074,-2.7526608278567704
7892.213000000002,29.625424174174174,43.22308906889806,-2.7563036807355643
8152.052000000001,30.600795795795797,43.224649971163636,-2.7547749985783256
7938.389000000001,29.79875750750751,43.22487908890821,-2.752953526130172
7328.515000000001,27.509440690690692,43.22019639197009,-2.757539506695693
,,43.22129894067349,-2.759653643766478
7892.213000000002,29.625424174174174,43.221528143552085,-2.7578322885996993
7892.213000000002,29.625424174174174,43.222859892384406,-2.7581250882247272
7892.213000000002,29.625424174174174,43.222630683469696,-2.7599464830782976
,,43.22240144215428,-2.761767865294691
7892.213000000002,29.625424174174174,43.22419163846714,-2.7584179055722577
7723.020000000002,28.99031531531532,43.223962423515914,-2.7602393401148637
8570.348,32.17097597597597,43.22179986266436,-2.744789944677246
8570.348,32.17097597597597,43.22202880030131,-2.7429685281731904
8867.72,33.287237237237235,43.223589511404036,-2.741439523739174
8528.100999999999,32.01239114114114,43.223131656474465,-2.745082448756804
8570.348,32.17097597597597,43.22336060014083,-2.7432609925588776
8375.226999999999,31.438539789789782,43.224692397233646,-2.743553474647579
8521.437,31.987376126126126,43.22446344753751,-2.7453749705416235
8456.052,31.741936936936934,43.22492131452585,-2.741731966130583
8268.211,31.036828078078074,43.22602419157987,-2.743845974440758
8090.647000000001,30.370296546546548,43.225795235853546,-2.7456675100331887
8606.48,32.3066066066066,43.225566247722874,-2.747489032999922
7765.353000000003,29.149222972972982,43.22666900069388,-2.749603179936909
7982.067000000001,29.962713963963964,43.2268980272607,-2.747781629899147
7806.090000000002,29.30213963963964,43.226439941722624,-2.751424717344646
7626.270000000002,28.627139639639648,43.227771706447456,-2.7517174113557297
7740.4270000000015,29.05565690690691,43.22800077145198,-2.749895834248612
7728.986000000003,29.01271021021022,43.2282298040513,-2.7480742445103035
7578.723000000002,28.448659909909914,43.22933253946262,-2.7501885062759635
,,43.22956157809478,-2.7483668768348593
7388.000000000002,27.73273273273274,43.22910346842441,-2.7520101230847143
7892.213000000002,29.625424174174174,43.224420821016494,-2.7565964583928833
7937.661,29.79602477477477,43.226210850347286,-2.753246242120785
8152.052000000001,30.600795795795797,43.22598172656821,-2.7550677542637327
8152.052000000001,30.600795795795797,43.22575257038578,-2.7568892537719183
7514.187000000002,28.206407657657664,43.22754260903804,-2.7535389758300775
7386.651000000002,27.727668918918923,43.22731347922409,-2.755360527670077
7206.540000000003,27.051576576576583,43.227084317005996,-2.7571820668741354
7134.881000000001,26.78258633633634,43.228645229131345,-2.755653318798821
7264.152000000002,27.267837837837842,43.22887436498053,-2.753831727259532
7118.955000000002,26.72280405405406,43.228416060877215,-2.7574748977010173
6573.227000000002,24.674275525525527,43.22217216843851,-2.7635892348723234
8283.510000000002,31.09425675675676,43.22304523969967,-2.7675249518860516
8219.991000000002,30.855822072072076,43.223503896409355,-2.7638821712834756
8579.262999999999,32.20444069069068,43.22414756984465,-2.769639396422863
8627.375,32.38504129129129,43.22547927419305,-2.769932487363547
8842.132,33.19118618618618,43.225249852754615,-2.7717539254231935
8627.375,32.38504129129129,43.226810975789824,-2.7702255960446456
8842.132,33.19118618618618,43.22635208842648,-2.7738685388901807
8842.132,33.19118618618618,43.22658154830901,-2.77204707379308
8222.43,30.864977477477474,43.22625311490143,-2.7420244262242246
8504.583999999999,31.924114114114108,43.227355983179535,-2.744138491939897
7995.5430000000015,30.013299549549554,43.227127021422696,-2.745960067232952
8222.43,30.864977477477474,43.227584912530865,-2.742316904021567
8217.451000000001,30.84628753753754,43.228458804245015,-2.7462526421423927
8460.333999999999,31.758010510510505,43.228687772032764,-2.7444310271464585
8616.501999999999,32.34422672672672,43.22891670741421,-2.7426093995240826
8217.451000000001,30.84628753753754,43.22979058432057,-2.746545234762981
8595.109999999999,32.26392642642642,43.230248499551536,-2.7429019127332404
8395.869999999999,31.516028528528523,43.23001955813961,-2.7447235800619123
7723.020000000002,28.99031531531532,43.22373317616321,-2.7620607620191344
7638.669000000002,28.673682432432436,43.22552338180034,-2.758710740643749
8422.595,31.616347597597592,43.22506490742187,-2.7623536764720455
7723.020000000002,28.99031531531532,43.22529416081225,-2.7605322148776565
7739.859000000002,29.05352477477478,43.226625895358765,-2.7608251073681296
7816.675000000003,29.341873123123133,43.226396635930335,-2.7626466086549013
7246.450000000003,27.201388888888896,43.22685512238411,-2.759003593440684
7246.450000000003,27.201388888888896,43.22818686021849,-2.7592964639645228
7006.944000000001,26.302342342342346,43.22795762715553,-2.761118017587771
7006.944000000001,26.302342342342346,43.22772836168869,-2.762939558569169
7792.319000000001,29.2504466966967,43.23066430472579,-2.7504811960204396
8506.456,31.93114114114114,43.23089334939121,-2.748659526874282
7619.9000000000015,28.60322822822823,43.230435227653565,-2.7523028525330746
8029.4450000000015,30.140559309309314,43.231996067241646,-2.750773903483506
7672.828000000001,28.80190690690691,43.231766984135,-2.7525955997022775
8092.468000000001,30.377132132132132,43.232225117940665,-2.7489521946300464
8028.545000000002,30.137180930930935,43.233556883743226,-2.7492448801036216
7625.735000000002,28.625131381381387,43.23309873786879,-2.7528883645937987
7861.645000000002,29.510679429429437,43.233327827010214,-2.7510666286666385
7946.317000000001,29.82851726726727,43.23488864679897,-2.749537583296475
6949.456000000002,26.086546546546554,43.2297478019995,-2.757767746254024
7143.580000000002,26.815240240240247,43.22997697629006,-2.75594612765145
7252.338000000002,27.223490990990992,43.23020611817486,-2.7541244964106033
,,43.231079540372974,-2.7580606125346345
,,43.231537868621096,-2.754417283284778
,,43.2313087207003,-2.756238954229426
7482.1460000000025,28.086133633633644,43.232869616319306,-2.754710087883521
7235.257000000001,27.159373123123128,43.23241127599766,-2.758353496544319
7315.4360000000015,27.46034534534535,43.23264046236215,-2.756531798534224
7439.542000000003,27.926208708708717,43.23374300887365,-2.7586463982845486
6914.919000000002,25.95690315315316,43.22928935620263,-2.7614109455380382
7036.752000000002,26.41423423423424,43.229060084697004,-2.763232526216317
6809.426000000001,25.560908408408412,43.22951859530359,-2.7595893522167523
6699.683000000001,25.14896021021021,43.230621082500136,-2.7617038912204155
7073.461000000003,26.55203078078079,43.230850327639466,-2.7598822581988256
6622.971000000001,24.861002252252256,43.23039180495536,-2.7635255115978206
6782.145000000002,25.458502252252256,43.23195280604814,-2.7619968546363673
6869.718000000001,25.78722972972973,43.2321820572262,-2.760175181912228
6610.929000000002,24.815799549549556,43.231723522463824,-2.7638185147151573
6883.980000000001,25.840765765765767,43.23328452684669,-2.7622898357873713
8395.869999999999,31.516028528528523,43.23135134150016,-2.7450161506877357
8506.456,31.93114114114114,43.231122361649454,-2.746837845096184
8609.494999999999,32.317924174174166,43.23158028894295,-2.7431944436505042
8730.9,32.773648648648646,43.23245413623173,-2.7471304731434794
8609.494999999999,32.317924174174166,43.232683122114466,-2.7453087390253867
8609.494999999999,32.317924174174166,43.2329120755885,-2.7434869922773566
10130.082999999999,38.02583708708708,43.234243859488274,-2.7437795586152585
8159.425000000001,30.628472222222225,43.233785908067496,-2.747423118906328
8730.9,32.773648648648646,43.23401489998263,-2.7456013450763517
9662.813,36.27182057057057,43.235575640642345,-2.7440721426656856
7837.312000000002,29.41933933933934,43.234201361269584,-2.7550029102083076
7394.878000000002,27.75855105105106,43.23397220127568,-2.7568246605673115
7272.2840000000015,27.298363363363368,43.235074739001035,-2.758939317756792
7837.312000000002,29.41933933933934,43.235533103471994,-2.7552957502606006
7500.268000000002,28.154159159159164,43.23530393744097,-2.7571175403301678
7397.928000000002,27.770000000000003,43.23640646637988,-2.7592322549625274
7837.457000000002,29.41988363363364,43.2368648429266,-2.7555886080418786
7578.149000000001,28.446505255255257,43.23663567085811,-2.757410437824256
7931.128000000001,29.7715015015015,43.23773819101027,-2.7595252099032255
7837.457000000002,29.41988363363364,43.2381965796335,-2.7558814835536136
7411.3110000000015,27.82023648648649,43.233055237222466,-2.764111535569793
7026.881000000001,26.377180930930933,43.23351378406388,-2.7604681233584274
7181.062000000002,26.955938438438444,43.23461624489588,-2.7625828346748924
7192.928000000002,27.000480480480483,43.234386949231364,-2.764404574163203
7636.303000000002,28.664801051051054,43.23484550815256,-2.7607610825388975
7342.777000000002,27.56297672672673,43.235947960195794,-2.762875851300412
7146.744000000002,26.827117117117123,43.235718658490626,-2.7646976304968587
7519.880000000003,28.227777777777785,43.236177229492334,-2.7610540594551063
7511.254000000003,28.195397897897905,43.23727967274649,-2.763168885665394
7669.347000000002,28.788840090090094,43.23750894808327,-2.761347054108531
7768.464000000002,29.160900900900906,43.234430488855004,-2.7531811472091077
7943.069000000001,29.816325075075078,43.2346595840316,-2.751359371571305
8252.456999999999,30.977691441441433,43.23622040710797,-2.7498303042100884
7940.717000000001,29.80749624624625,43.23576223709374,-2.753473947549679
8020.347000000002,30.10640765765766,43.235991338305844,-2.7516521321989766
7724.237000000001,28.994883633633638,43.23709398258504,-2.753766765616974
8037.615000000002,30.17122747747748,43.23732308983306,-2.751944910551129
8216.367000000002,30.84221846846847,43.23755216467028,-2.7501230428459293
7837.457000000002,29.41988363363364,43.23842572532901,-2.7540596014124774
8403.805999999999,31.54581831831831,43.23888391948602,-2.7504157992054554
8519.264,31.979219219219214,43.2351176771568,-2.7477157823862117
8519.264,31.979219219219214,43.23534667510471,-2.745893968842083
8519.264,31.979219219219214,43.23667844748079,-2.74618661032407
9662.813,36.27182057057057,43.236907419050794,-2.7443647444301056
8519.264,31.979219219219214,43.23644944349974,-2.748008463584591
8519.264,31.979219219219214,43.23801021711096,-2.7464792695237716
8697.280999999999,32.6474512012012,43.23823919471369,-2.7446573639099885
8276.582999999999,31.068254504504498,43.237781207096376,-2.7483011625029423
8697.280999999999,32.6474512012012,43.23934198399529,-2.7467719464426623
8697.280999999999,32.6474512012012,43.239570967631124,-2.7449500011068078
8283.510000000002,31.09425675675676,43.22327458425472,-2.7657035679063076
8283.510000000002,31.09425675675676,43.22460630343568,-2.765996561735968
8501.717,31.913352102102102,43.224376952840586,-2.7678179854023366
8219.991000000002,30.855822072072076,43.22483562162955,-2.7641751254253455
8219.991000000002,30.855822072072076,43.226167344099196,-2.7644680972994076
8219.991000000002,30.855822072072076,43.225938019865694,-2.766289573300073
8602.181999999999,32.29047297297297,43.22570866323019,-2.7681110366553137
7816.675000000003,29.341873123123133,43.22749906381835,-2.7647610869071326
8698.428999999998,32.6517605105105,43.22704037086855,-2.7684041056464523
8698.428999999998,32.6517605105105,43.22726973354483,-2.766582602600091
6185.407000000001,23.21849474474475,43.2279132411115,-2.7723402399071038
6185.407000000001,23.21849474474475,43.228142674635066,-2.7705187224676298
6185.407000000001,23.21849474474475,43.22768377518544,-2.7741617446940734
5846.357000000002,21.94578453453454,43.229244931162164,-2.772633423766738
5846.357000000002,21.94578453453454,43.229474370728845,-2.770811866633977
5758.676000000001,21.616651651651654,43.22901545919219,-2.7744549682458293
5850.790000000001,21.962424924924925,43.23080606407123,-2.771105028545158
5530.236000000001,20.759144144144145,43.2303471404468,-2.774748209546922
5634.550000000001,21.150713213213216,43.23057661846106,-2.7729266253734597
5754.656000000001,21.60156156156156,43.23213775466232,-2.7713982082026436
6304.611000000001,23.66595720720721,43.228830780787085,-2.765054094249996
8835.728,33.16714714714714,43.22860144447322,-2.7668756496374938
8835.728,33.16714714714714,43.22837207575574,-2.7686971923772346
6304.611000000001,23.66595720720721,43.23016249500548,-2.765347119329466
6172.3110000000015,23.16933558558559,43.22993315265085,-2.7671687144137564
5944.4220000000005,22.313896396396395,43.22970377789185,-2.768990296849122
6576.130000000001,24.68517267267267,43.231494206473606,-2.7656401621470095
5989.501,22.48311186186186,43.23103547727695,-2.7692834190635933
6128.264000000001,23.003993993993998,43.23126485807787,-2.7674617969303563
6088.575000000001,22.85501126126126,43.23236717391112,-2.7695765590221244
5201.5300000000025,19.52526276276277,43.23121975361829,-2.7786846783646246
6446.857000000002,24.19991366366367,43.232825915191555,-2.7659332227041187
6058.895,22.743599849849847,43.23259656075432,-2.767754897188751
6306.189,23.671880630630632,43.23369886779442,-2.7698697167261823
7144.200000000003,26.817567567567572,43.23415762115939,-2.7662263010022428
7515.661000000002,28.211940690690696,43.23392826068028,-2.7680480151904305
7635.868000000002,28.663168168168173,43.23503055892696,-2.7701628921772437
7515.661000000002,28.211940690690696,43.23525995785584,-2.768341150936857
7515.661000000002,28.211940690690696,43.235489324377184,-2.7665193970428708
7635.868000000002,28.663168168168173,43.23636224730876,-2.7704560853767757
7661.008000000002,28.75753753753754,43.236821024845014,-2.7668125108274664
5693.4000000000015,21.371621621621625,43.231908303008275,-2.773219844728741
5613.4050000000025,21.071340090090096,43.231678818949355,-2.775041468598822
5897.619000000001,22.13820945945946,43.23346944250217,-2.7716914056079176
5770.890000000001,21.662500000000005,43.233239984803895,-2.773513081834051
5673.431000000002,21.296662912912918,43.233010494699926,-2.7753347454030086
6025.517000000002,22.61830705705706,43.23480112759088,-2.7719846207624395
6041.546000000002,22.67847597597598,43.234571663847966,-2.773806336690873
5673.431000000002,21.296662912912918,43.23434216769859,-2.775628039960951
7635.868000000002,28.663168168168173,43.23613280992848,-2.7722778536676933
6391.067000000001,23.990491741741742,43.23590334014059,-2.7740996093006682
5368.086000000001,20.150472972972974,43.231449302485906,-2.7768630798113136
5489.590000000002,20.606569069069074,43.23255141727641,-2.7789780345630497
5615.690000000002,21.079917417417427,43.23388307818187,-2.779271408519734
6391.067000000001,23.990491741741742,43.23544430334337,-2.7777430825864777
5972.341,22.41869744744745,43.23521473633477,-2.7795648002361495
6391.067000000001,23.990491741741742,43.236775964791505,-2.7780364523608143
5972.341,22.41869744744745,43.236546391735146,-2.7798582097137765
6391.067000000001,23.990491741741742,43.23810762348757,-2.778329839895587
5972.341,22.41869744744745,43.23787804438312,-2.7801516369540855
7152.6860000000015,26.849421921921927,43.23943927943168,-2.7786232451922603
6391.067000000001,23.990491741741742,43.23567383794542,-2.7759213522741253
6391.067000000001,23.990491741741742,43.237235013681826,-2.7743928996649196
6391.067000000001,23.990491741741742,43.237005505440514,-2.776214682344002
6553.291000000001,24.59944069069069,43.237464489515105,-2.7725711043251438
6391.067000000001,23.990491741741742,43.23833717018391,-2.776508030172061
6553.291000000001,24.59944069069069,43.23856668447176,-2.7746862077850953
6553.291000000001,24.59944069069069,43.23879616635079,-2.772864372736273
6553.291000000001,24.59944069069069,43.23966883217571,-2.7768013957597737
6553.291000000001,24.59944069069069,43.24012784043561,-2.773157658902551
6553.291000000001,24.59944069069069,43.23989835251049,-2.7749795336626755
7770.930000000002,29.170157657657665,43.23796740152714,-2.7577033530510553
7931.128000000001,29.7715015015015,43.23906991289226,-2.7598181825803536
7839.8960000000025,29.429039039039044,43.23952831359276,-2.756174376797278
7839.8960000000025,29.429039039039044,43.239299129448156,-2.757996286012038
8059.174000000001,30.252154654654653,43.240630854621244,-2.7582892367086744
8130.424000000001,30.51960960960961,43.240860044804464,-2.7564672877743432
8300.132000000001,31.156651651651654,43.24040163202595,-2.760111172995395
8199.275000000001,30.77805930930931,43.24196257704647,-2.758582205142439
8219.941,30.855634384384384,43.24173334841141,-2.760404181149814
8242.35,30.93975225225225,43.242191773268665,-2.7567602164862794
7403.102000000003,27.789421921921928,43.237050365000286,-2.764990704572238
7566.412000000002,28.402447447447454,43.23861138254805,-2.763461937771322
7566.412000000002,28.402447447447454,43.23884066392544,-2.7616400665006435
7671.397000000001,28.796535285285287,43.23838206876044,-2.7652837963908046
7671.397000000001,28.796535285285287,43.239943089600544,-2.76375500761966
8300.132000000001,31.156651651651654,43.24017237701893,-2.7619330966329163
7932.218000000001,29.775593093093093,43.23971376977116,-2.76557690595404
8520.601999999999,31.984241741741737,43.241274793904076,-2.7640480952118853
8410.645999999999,31.57149399399399,43.241504087363815,-2.76222614450682
7932.218000000001,29.775593093093093,43.24104546803254,-2.7658700332634116
9149.491999999998,34.34493993993993,43.238654838613314,-2.752237706629231
9168.373,34.41581456456456,43.23975746532572,-2.754352454937656
8521.768,31.988618618618617,43.24021567155524,-2.7507085732901575
9085.365,34.10422297297297,43.239986584646665,-2.7525305204347528
9112.966999999999,34.20783408408408,43.241089202575225,-2.7546453261939794
8808.889,33.066400150150145,43.24154742087801,-2.7510013651014975
9002.796999999999,33.794283033033025,43.2413183279332,-2.7528233519691683
8914.972999999998,33.46461336336335,43.242420937077625,-2.754938215182926
8808.889,33.066400150150145,43.24287916745442,-2.751294174640953
9015.168,33.84072072072072,43.242650068473004,-2.7531162012339534
8473.841999999999,31.808716216216208,43.239112967946795,-2.7485938791427427
8622.064,32.36510510510511,43.24044472605109,-2.7488866135054484
8619.547999999999,32.355660660660654,43.24067374813384,-2.747064641082215
9075.427,34.066918168168165,43.240902737803154,-2.7452426560220373
8781.347,32.96301426426426,43.24177648140929,-2.749179365592548
8777.562999999998,32.94881006006005,43.242005509526706,-2.7473573534439013
9333.190999999999,35.034500750750745,43.242234505229874,-2.74553532865714
8833.927,33.16038663663663,43.24310823402152,-2.7494721354055036
8777.562999999998,32.94881006006005,43.24333726817394,-2.7476500835291886
9333.190999999999,35.034500750750745,43.243566269911334,-2.745828019013597
8489.965,31.869237987987983,43.243523498985475,-2.7570531629345614
8332.695,31.27888513513513,43.243294296723924,-2.7588751913147984
8380.231,31.457323573573568,43.2430650620487,-2.7606972070450824
8731.632999999998,32.77640015015014,43.24462601365367,-2.759168195227233
8489.965,31.869237987987983,43.24485522195496,-2.757346127120668
8559.113,32.12880255255255,43.24439677293792,-2.7609902506826827
8731.632999999998,32.77640015015014,43.24618694217716,-2.7576391090460617
8847.755,33.21229354354354,43.24572848107912,-2.7612833120640783
8731.632999999998,32.77640015015014,43.245957727835766,-2.7594612168812174
8847.755,33.21229354354354,43.247060186472396,-2.7615763911907543
8559.939999999999,32.1319069069069,43.24375266883301,-2.7552311219059633
8914.972999999998,33.46461336336335,43.24398180626615,-2.7534090682305785
8833.927,33.16038663663663,43.24421091128455,-2.7515870019099915
8996.436999999998,33.77040915915915,43.24554265236844,-2.751879846910085
8971.321999999998,33.676133633633626,43.2453135413127,-2.7537019529605082
8559.939999999999,32.1319069069069,43.245084397841424,-2.7555240463645663
8996.436999999998,33.77040915915915,43.246874390706225,-2.7521727096427107
8971.321999999998,33.676133633633626,43.24664527361276,-2.7539948554252245
8971.321999999998,33.676133633633626,43.24641612410295,-2.7558169885602033
9174.603,34.43920045045044,43.248206126297944,-2.752465590109334
8520.601999999999,31.984241741741737,43.24260649545869,-2.764341200549468
8520.601999999999,31.984241741741737,43.242377163544624,-2.7661631783203986
8575.385999999999,32.18988738738738,43.242835794960165,-2.762519210123835
8615.081,32.33889264264264,43.244167499808064,-2.7628122934854247
8520.601999999999,31.984241741741737,43.24370885630751,-2.766456341126472
8520.601999999999,31.984241741741737,43.24393819426448,-2.7646343236338846
9098.714,34.15433183183183,43.245040546321256,-2.766749521683107
8559.113,32.12880255255255,43.24549920190758,-2.7631053945930737
8615.081,32.33889264264264,43.2452698903215,-2.7649274644666058
9098.714,34.15433183183183,43.246372233585966,-2.7670427199917755
9697.301,36.40128003003003,43.24489803184763,-2.7461207270928742
9765.859,36.658629879879875,43.24466902407564,-2.7479428313395564
8833.927,33.16038663663663,43.24443998388782,-2.7497649229457886
9905.453,37.18263138138138,43.24577173100829,-2.7500577282148764
9765.859,36.658629879879875,43.246000777231885,-2.74823559687647
9697.301,36.40128003003003,43.24622979103886,-2.746413452896447
9905.453,37.18263138138138,43.24710347538301,-2.7503505512142423
9859.148,37.00881381381381,43.247561547485056,-2.746706196425787
9905.453,37.18263138138138,43.24733252764274,-2.7485283801414044
9939.158,37.309151651651646,43.248893301186314,-2.7469989576823606
8847.755,33.21229354354354,43.2468309012588,-2.7633985134482453
9098.714,34.15433183183183,43.246601583629854,-2.7652206230491174
9098.714,34.15433183183183,43.24793327418961,-2.7655137993828776
9098.714,34.15433183183183,43.24816259786178,-2.763691650052425
9098.714,34.15433183183183,43.249494291716616,-2.763984804407073
8322.335000000003,31.239996246246257,43.24926496200084,-2.765806993469367
9448.685,35.46803678678678,43.25082598282337,-2.764277976513673
8847.755,33.21229354354354,43.2475186596522,-2.757932108712226
8847.755,33.21229354354354,43.247289439270325,-2.7597542562782174
9969.526999999998,37.423149399399385,43.24862114795739,-2.7600473134197134
9969.526999999998,37.423149399399385,43.248850374380126,-2.7582251261206268
9784.364,36.72809309309309,43.248391889117826,-2.7618694880641725
9784.364,36.72809309309309,43.249952853897064,-2.760340388307172
9969.526999999998,37.423149399399385,43.250182086361015,-2.7585181612727383
9784.364,36.72809309309309,43.24972358901547,-2.762162602685817
9784.364,36.72809309309309,43.251284557089406,-2.76063348094208
9888.509,37.119027777777774,43.25151379559497,-2.758811214170036
7565.694000000001,28.399752252252256,43.236591652281064,-2.76863430442951
7636.720000000001,28.66636636636637,43.237693932939955,-2.7707492963262625
7721.5210000000025,28.984688438438447,43.237923343956034,-2.768927475669856
7721.5210000000025,28.984688438438447,43.23815272256299,-2.7671056423575133
7882.6590000000015,29.589560810810816,43.239025615820594,-2.7710425250271746
7935.848000000002,29.789219219219223,43.23948441753114,-2.7673987916344713
7861.858000000002,29.51147897897898,43.23925503288082,-2.769220664659376
8095.357000000002,30.38797672672673,43.24035729595074,-2.7713357714809765
8095.357000000002,30.38797672672673,43.240586719055514,-2.769513871399542
7932.218000000001,29.775593093093093,43.24081610974957,-2.767691958659826
8201.000000000002,30.78453453453454,43.24168897333048,-2.771629035689155
8199.644000000002,30.779444444444447,43.24191840248015,-2.7698070958918266
8302.538,31.165683183183184,43.24214779921833,-2.767985143435045
8129.799000000001,30.517263513513512,43.2430206479599,-2.771922317653179
8302.538,31.165683183183184,43.243479485937506,-2.768278345961606
8302.538,31.165683183183184,43.24325008315487,-2.7701003381377034
8129.799000000001,30.517263513513512,43.24435231983907,-2.7722156173745214
8302.538,31.165683183183184,43.24481116990721,-2.7685715662409827
8129.799000000001,30.517263513513512,43.24458176107968,-2.7703935981386447
,,43.24100049141599,-2.7770947791086136
8403.350999999999,31.544110360360353,43.24123001779803,-2.7752728772991317
8403.350999999999,31.544110360360353,43.24145951176965,-2.7734509628254496
8403.350999999999,31.544110360360353,43.24256168033452,-2.7755662386959394
8403.350999999999,31.544110360360353,43.24233214790482,-2.777388180220057
8403.350999999999,31.544110360360353,43.242791180352995,-2.7737442845064524
6924.369000000001,25.99237612612613,43.24366380164227,-2.7776815990955823
8403.350999999999,31.544110360360353,43.244122846185725,-2.7740376239470272
6881.517000000002,25.831520270270275,43.24320462745221,-2.7813255235716547
6924.369000000001,25.99237612612613,43.24343423075288,-2.779503567668468
6792.4180000000015,25.49706456456457,43.244536266339175,-2.781619039647502
7012.114000000001,26.32174924924925,43.244765875689836,-2.779797044027514
7903.488000000001,29.66774774774775,43.24614285112746,-2.768864804274641
7903.488000000001,29.66774774774775,43.24591343625471,-2.77068687589613
9174.603,34.43920045045044,43.24797700316637,-2.754287775626199
9174.603,34.43920045045044,43.24774784761766,-2.756109948494356
9713.144999999999,36.4607545045045,43.24953785914367,-2.7527584883114407
9262.489,34.769102852852846,43.24930872997363,-2.7545807135649034
9262.489,34.769102852852846,43.249079568385646,-2.7564029261684935
9496.294,35.64674924924925,43.25041128640698,-2.756695921584088
9496.294,35.64674924924925,43.25064045403459,-2.7548736692428117
9713.144999999999,36.4607545045045,43.25086958924351,-2.753051404250494
9496.294,35.64674924924925,43.25197217534937,-2.7551666426613974
9924.223,37.25308933933933,43.25220131659749,-2.7533443379279636
10059.221,37.75983858858858,43.24843521701202,-2.7506433919453555
10059.221,37.75983858858858,43.24866427530827,-2.7488211811358343
9939.158,37.309151651651646,43.250225052142724,-2.7472917366676497
9625.421999999999,36.13146396396395,43.24999602022858,-2.7491139998612275
9625.421999999999,36.13146396396395,43.249766955895446,-2.750936250409686
9681.235999999999,36.34097597597597,43.251556800354344,-2.747584533383117
9681.235999999999,36.34097597597597,43.25109869203332,-2.7512291266087106
9681.235999999999,36.34097597597597,43.25132776240372,-2.7494068363190625
9960.177,37.388051801801794,43.25243042542576,-2.751522020543907
9960.177,37.388051801801794,43.2526595018338,-2.749699690510803
9496.294,35.64674924924925,43.25174300168173,-2.756988934742611
9888.509,37.119027777777774,43.25307471420999,-2.7572819656455505
9930.017,37.27483858858859,43.25353304120574,-2.7536372893453347
10020.801,37.61561936936936,43.25330389391801,-2.7554596338221318
9888.509,37.119027777777774,43.254406423991824,-2.7575750142943596
10062.881,37.773577327327324,43.2548647630683,-2.753930258504073
10120.408,37.98951951951951,43.254635609740596,-2.7557526427264922
10238.886999999999,38.434260510510505,43.25596732281722,-2.7560456693759505
10029.153999999999,37.64697447447447,43.255738131027286,-2.7578680806905234
10238.886999999999,38.434260510510505,43.25619648218526,-2.7542232454056546
9784.364,36.72809309309309,43.251055286165425,-2.7624557350571486
9888.509,37.119027777777774,43.2526162575345,-2.7609265913258967
9888.509,37.119027777777774,43.252845502082025,-2.7591042848139944
9448.685,35.46803678678678,43.25238698056774,-2.7627488851796556
9888.509,37.119027777777774,43.2541772058223,-2.759397373206095
9937.653999999999,37.303506006006,43.25394795523242,-2.761219719460102
10836.688,40.67825825825825,43.252888545821236,-2.7478773478302476
9960.177,37.388051801801794,43.2537621560728,-2.7518149322167402
10140.519999999999,38.06501501501501,43.25422028854352,-2.748170180010497
10140.519999999999,38.06501501501501,43.25399123851884,-2.7499925624379338
10140.519999999999,38.06501501501501,43.255093883974546,-2.752107861628687
10140.519999999999,38.06501501501501,43.255552028521244,-2.748463029925356
10140.519999999999,38.06501501501501,43.25532297245898,-2.75028545210192
10742.382,40.32425675675675,43.256425609131064,-2.752400808781221
10443.696,39.203063063063055,43.25688376575449,-2.7487558975762902
10460.484999999999,39.26608483483483,43.25665470365425,-2.7505783595042392
10742.382,40.32425675675675,43.257757331542415,-2.7526937736758157
10455.001999999999,39.245503003002995,43.258215500243324,-2.749048782964774
10740.064,40.315555555555555,43.25798643210475,-2.750871284646362
10740.064,40.315555555555555,43.259089051208704,-2.752986756313947
10740.064,40.315555555555555,43.25931815781054,-2.751164227529766
10740.064,40.315555555555555,43.25954723198783,-2.749341686092275
11071.152,41.55837837837838,43.26042076813,-2.753279756697083
11071.152,41.55837837837838,43.26064988077171,-2.7514571881559164
11071.152,41.55837837837838,43.260878960988094,-2.749634606960279
11071.152,41.55837837837838,43.26175248230636,-2.7535727748267003
10742.382,40.32425675675675,43.257528198556685,-2.754516250051552
10212.447,38.33501126126126,43.25729903314793,-2.756338713771975
10742.382,40.32425675675675,43.25885991218269,-2.754809272443233
,,43.26019162306329,-2.7551023125821907
,,43.26152333119861,-2.7553953704698837
,,43.26285503658869,-2.7556884461077913
11645.936999999998,43.71597972972972,43.264186739233644,-2.7559815394973852
11120.112,41.74216216216215,43.26198160098833,-2.7517501665262993
11120.112,41.74216216216215,43.26221068724418,-2.749927545570249
11593.320999999998,43.51847222222221,43.26308419373787,-2.7538658107042826
11400.245999999997,42.793716216216204,43.26331331846048,-2.752043162642382
11345.042999999998,42.58649774774774,43.26354241075616,-2.750220501923663
11645.936999999998,43.71597972972972,43.264415902424616,-2.7541588643312984
11436.371999999998,42.92932432432431,43.26487413152412,-2.7505134760219994
11560.571999999998,43.39554054054053,43.26464503318822,-2.7523361765056378
11645.936999999998,43.71597972972972,43.26574760836666,-2.7544519357092145
11645.936999999998,43.71597972972972,43.265976745171656,-2.752629208117548
5399.986,20.270217717717717,43.086803691052154,-2.5546866081464628
5101.672000000001,19.150420420420424,43.086578197979534,-2.5565044911257453
7429.193,27.887361111111108,43.08522456040724,-2.567411529505845
7246.797999999999,27.20269519519519,43.085450247517116,-2.565593720676035
7246.797999999999,27.20269519519519,43.08567590228832,-2.563775899484043
7246.797999999999,27.20269519519519,43.085901524720526,-2.5619580659314414
5101.672000000001,19.150420420420424,43.086352672566484,-2.5583223617507183
5098.594,19.138866366366365,43.0879108169953,-2.5567915953551106
4941.796,18.550285285285284,43.088136315987214,-2.554973672844676
5177.438000000001,19.43482732732733,43.087685285662154,-2.558609505510101
5077.715,19.06049174174174,43.0892434332863,-2.5570787169301656
5098.594,19.138866366366365,43.0890178960327,-2.558896666617408
4941.796,18.550285285285284,43.08946893819789,-2.555260754886333
5077.715,19.06049174174174,43.090576046852625,-2.5573658558523436
5077.715,19.06049174174174,43.090801557684266,-2.5555478542728722
5572.077,20.916204954954953,43.090350503678216,-2.5591838450740845
7211.499999999999,27.07019519519519,43.084998840959074,-2.569229325971899
6680.124999999999,25.07554429429429,43.086782836924534,-2.565881022544066
6680.124999999999,25.07554429429429,43.08655714389063,-2.567698870898187
7211.499999999999,27.07019519519519,43.086331418517624,-2.5695167068874123
6808.297,25.556670420420417,43.087663993348855,-2.5698041051643155
6680.124999999999,25.07554429429429,43.088115423605366,-2.5661683417689956
6680.124999999999,25.07554429429429,43.08788972464705,-2.5679862296496756
6414.969,24.080213963963963,43.089448007559696,-2.5664556783522694
6808.297,25.556670420420417,43.08899656545285,-2.5700915208040365
6496.128,24.384864864864863,43.08922230267661,-2.5682736057617412
5177.438000000001,19.43482732732733,43.086127114813365,-2.5601402200198105
5177.438000000001,19.43482732732733,43.08723412597363,-2.56224528874743
5177.438000000001,19.43482732732733,43.087459721988154,-2.560427403308061
6680.124999999999,25.07554429429429,43.08700849761898,-2.564063161826621
5572.077,20.916204954954953,43.08856672450091,-2.5625325289158285
5572.077,20.916204954954953,43.088792326437456,-2.56071460394649
6680.124999999999,25.07554429429429,43.088341090223444,-2.564350441523859
5902.672,22.157177177177175,43.08967368010176,-2.564637738577192
5902.672,22.157177177177175,43.08989932030241,-2.5628197864380864
5572.077,20.916204954954953,43.090124928161366,-2.5610018219365247
4259.169999999999,15.98787537537537,43.087254580174786,-2.551050805131267
5266.138000000001,19.76778528528529,43.08881261891227,-2.549519831196428
4766.748,17.893198198198196,43.0883617826376,-2.553155737980366
4766.748,17.893198198198196,43.08858721694606,-2.551337790763758
5266.138000000001,19.76778528528529,43.09014525887719,-2.549806794631061
4919.206999999999,18.465491741741737,43.089694410767144,-2.553442780487489
5266.138000000001,19.76778528528529,43.0899198509937,-2.5516247937352086
5266.138000000001,19.76778528528529,43.09125248231774,-2.5519118140470467
4919.206999999999,18.465491741741737,43.091027036172754,-2.5537298403372515
5266.138000000001,19.76778528528529,43.0914778961189,-2.55009377540385
7908.843,29.687849099099093,43.08183537335899,-2.594677177420783
7634.413,28.65770645645645,43.082739867947616,-2.587406610279528
7949.1669999999995,29.83921546546546,43.08228768532077,-2.591041918618586
7844.617,29.446760510510508,43.082715414719026,-2.5986003998045857
8497.799000000003,31.898644894894904,43.08382161361731,-2.6007060953840457
7718.35,28.972785285285283,43.082061545506576,-2.592859554212582
7846.262,29.452935435435432,43.08339404597053,-2.5931474488254747
7844.617,29.446760510510508,43.08294165746978,-2.5967827618677646
8060.038,30.255397897897897,43.08316786788706,-2.594965111540873
8060.038,30.255397897897897,43.08450035968268,-2.5952530630537294
8060.038,30.255397897897897,43.08427414332835,-2.5970707528889116
8060.038,30.255397897897897,43.084726543702395,-2.5934353608288983
8385.745,31.478021771771772,43.08583284874594,-2.5955410319607894
8485.491000000002,31.852443693693697,43.08605903870225,-2.5937232902242915
8385.745,31.478021771771772,43.085606626454215,-2.597358761306503
7949.1669999999995,29.83921546546546,43.08251379280124,-2.589224270640375
7949.1669999999995,29.83921546546546,43.08362019171982,-2.5913297737231473
8283.975,31.09600225225225,43.08407238621446,-2.587694386363999
8096.660999999999,30.392871621621616,43.083846305134585,-2.589512086235467
7949.1669999999995,29.83921546546546,43.08495269538714,-2.5916176462160005
8096.660999999999,30.392871621621616,43.08517881473658,-2.589799919216599
8283.975,31.09600225225225,43.08540490175033,-2.5879821798322773
8485.491000000002,31.852443693693697,43.08628519632283,-2.591905536098574
8283.975,31.09600225225225,43.0865113216073,-2.590087769585222
8283.975,31.09600225225225,43.08673741455531,-2.588269990685795
8497.799000000003,31.898644894894904,43.08404789463979,-2.5988884303328743
8866.494000000002,33.282635135135145,43.08336895457204,-2.6043413883017243
8497.799000000003,31.898644894894904,43.08359530026128,-2.6025237480408494
8866.494000000002,33.282635135135145,43.0847014139404,-2.6046295547499976
8497.799000000003,31.898644894894904,43.085154084866,-2.600994182819267
8497.799000000003,31.898644894894904,43.085380371827455,-2.599176478259852
8641.440000000002,32.43783783783785,43.08492776557017,-2.6028118749831752
8887.853000000003,33.36281156156157,43.08603387057462,-2.6049177386051303
8705.513000000003,32.67835210210211,43.08626022814533,-2.603100019330104
9023.828000000003,33.873228228228236,43.08671284628209,-2.599464543586957
7243.766999999999,27.191317567567562,43.083643845185186,-2.5801358450411795
,,43.084095639790284,-2.5765003881670645
7251.857999999999,27.221689189189185,43.084547305049185,-2.57286488180644
,,43.08432148858818,-2.574682641171778
7243.766999999999,27.191317567567562,43.08341789937868,-2.581953554916862
7154.643999999998,26.856771771771765,43.08319192123668,-2.583771252416195
,,43.08386975865584,-2.578318122790717
,,43.08497638717818,-2.5804234630717646
,,43.08542819364163,-2.576787927163853
,,43.0852023065784,-2.5786057013049826
,,43.086308926441674,-2.580711098477186
,,43.08676074476419,-2.5770754835310026
,,43.08653485177183,-2.578893297191838
7903.027999999999,29.666021021021017,43.08809329315806,-2.577363057269946
7903.027999999999,29.666021021021017,43.08786739423619,-2.579180910452726
,,43.08764146297573,-2.5809987512588886
7634.413,28.65770645645645,43.08296591075955,-2.5855889375376093
8283.975,31.09600225225225,43.084298434959116,-2.585876674110322
,,43.084750435441336,-2.58224121246263
,,43.08452445136819,-2.584058949476007
8283.975,31.09600225225225,43.085630956428076,-2.5861644280645972
,,43.08585697876944,-2.584346663915142
,,43.08608296877411,-2.582528887385481
,,43.08718950344055,-2.584634395735038
8283.975,31.09600225225225,43.08696347516651,-2.5864521994018763
,,43.08741549937707,-2.5828165796868503
7276.674,27.314842342342338,43.084773089172934,-2.571047110072622
7251.857999999999,27.221689189189185,43.08587987075572,-2.5731523417648763
,,43.08565404836752,-2.5749701406499645
7251.857999999999,27.221689189189185,43.08610566080588,-2.5713345305101667
7251.857999999999,27.221689189189185,43.087212433734194,-2.573439819089179
7770.133999999999,29.16716966966966,43.086986605418446,-2.575257657496261
6808.297,25.556670420420417,43.08743822971112,-2.5716219683113413
6808.297,25.556670420420417,43.08877079588877,-2.5719094234775817
7770.133999999999,29.16716966966966,43.08831915974102,-2.575545191712107
7770.133999999999,29.16716966966966,43.0885449939847,-2.5737273137807968
8796.644000000002,33.02043543543544,43.08829599117448,-2.586739988123596
8796.644000000002,33.02043543543544,43.08852202538155,-2.5849221449371313
,,43.08874802725031,-2.5831042893681744
8796.644000000002,33.02043543543544,43.089628504452065,-2.587027794231198
8796.644000000002,33.02043543543544,43.089854544592534,-2.585209911522863
8795.765,33.01713588588588,43.090080552393914,-2.583392016430901
8796.644000000002,33.02043543543544,43.091187061073605,-2.5854976954936775
8795.765,33.01713588588588,43.09141307480796,-2.58367976087646
8796.644000000002,33.02043543543544,43.090961014999365,-2.5873156177261167
,,43.09251957482483,-2.5857854968510052
6332.219,23.76959084084084,43.09032913482969,-2.5703789538080253
6332.219,23.76959084084084,43.09055487797937,-2.5685609992358316
6287.88,23.60315315315315,43.090780588787595,-2.5667430322953164
6479.249000000001,24.321505255255257,43.09166170147946,-2.5706664041777145
6139.606999999999,23.046572822822817,43.09211316728916,-2.567030403599581
6332.219,23.76959084084084,43.09188745055544,-2.568848410073379
6726.567,25.249876126126125,43.092994265402226,-2.5709538719145413
6825.102,25.619752252252248,43.09322002040488,-2.5691358382758183
6825.102,25.619752252252248,43.09344574306446,-2.5673177922664996
6825.102,25.619752252252248,43.09455258752774,-2.5694232838445963
7028.428000000001,26.38298798798799,43.091908657694354,-2.5576530121230796
,,43.092134174446386,-2.555834971005729
5572.077,20.916204954954953,43.09168310859876,-2.559471040881568
7028.428000000001,26.38298798798799,43.09346678848437,-2.556122105086339
7028.428000000001,26.38298798798799,43.093241265811585,-2.5579401857438175
7028.428000000001,26.38298798798799,43.093015710794425,-2.559758254041289
7028.428000000001,26.38298798798799,43.094573871204375,-2.558227376715989
7028.428000000001,26.38298798798799,43.09479939979829,-2.5564092565161385
6867.429000000001,25.778637387387388,43.0943483102653,-2.560045484554692
7028.428000000001,26.38298798798799,43.095906473872816,-2.558514585041031
5902.672,22.157177177177175,43.091006267253995,-2.56492505298806
5902.672,22.157177177177175,43.091231913378216,-2.5631070613156326
5572.077,20.916204954954953,43.091457527159925,-2.5612890572796085
6139.606999999999,23.046572822822817,43.09233885168026,-2.5652123847579
6439.419000000001,24.171993243243246,43.092564503728426,-2.563394353549904
6867.429000000001,25.778637387387388,43.09279012343325,-2.5615763099771796
6439.419000000001,24.171993243243246,43.093671433380635,-2.5654997338881427
6439.419000000001,24.171993243243246,43.09389709135309,-2.563681663142345
6867.429000000001,25.778637387387388,43.09412271698142,-2.5618635800306686
6439.419000000001,24.171993243243246,43.095229676252295,-2.5639689900943883
,,43.092359658854484,-2.554016917531084
,,43.092810530637486,-2.5503807735162134
,,43.09258511091829,-2.5521988517007204
,,43.09414316243302,-2.5506677889696086
,,43.09391773679545,-2.5524859066976573
,,43.09369227881245,-2.554304012070423
,,43.09525035994926,-2.552772979039296
,,43.0950248960467,-2.5545911239567176
,,43.09547579150559,-2.550954821765455
6298.36,23.642492492492487,43.09658298037982,-2.553060068727077
6867.429000000001,25.778637387387388,43.09568090701147,-2.5603327324232072
,,43.09613200838824,-2.5566964252965665
,,43.09723907381699,-2.558801810720382
,,43.097464614254285,-2.5569836114290587
,,43.09701350103298,-2.560619997648276
,,43.098571671036986,-2.5590890537554802
7315.312000000001,27.45987987987988,43.098346092329955,-2.5609072802313344
6335.55,23.782094594594593,43.09879721739649,-2.557270814915056
7414.329999999999,27.831569069069065,43.09990426553287,-2.55937631414776
7315.312000000001,27.45987987987988,43.09967868090245,-2.5611945801738227
6692.871,25.123389639639637,43.094326826598085,-2.571241357019946
6825.102,25.619752252252248,43.094778316113576,-2.5676051982974974
6825.102,25.619752252252248,43.09588515192416,-2.5697107467811406
6825.102,25.619752252252248,43.096110886436584,-2.5678926216940385
6961.445000000001,26.1315503003003,43.0956593850671,-2.5715288594953627
7033.688999999999,26.402736486486482,43.09721771359419,-2.569998227086898
,,43.09744345403358,-2.5681800624575324
7033.688999999999,26.402736486486482,43.09699194080937,-2.571816379342238
,,43.09877601890463,-2.568467520589439
7033.688999999999,26.402736486486482,43.098550272537885,-2.570285724763305
6439.419000000001,24.171993243243246,43.0950040123552,-2.5657871003802413
6867.429000000001,25.778637387387388,43.095455307804514,-2.562150867441516
6439.419000000001,24.171993243243246,43.09633658860403,-2.5660744842356156
,,43.096562258426154,-2.564256334407469
,,43.09678789590259,-2.5624381722111615
7315.312000000001,27.45987987987988,43.09789483787471,-2.5645436960830312
,,43.09766916212721,-2.5663618854557226
7315.312000000001,27.45987987987988,43.09812048127574,-2.5627254943410454
,,43.099001732924805,-2.5666493040419835
7315.312000000001,27.45987987987988,43.09945306392407,-2.5630128338325995
,,43.096357510557354,-2.5548782531913874
,,43.09680841785529,-2.5512418719051975
6335.55,23.782094594594593,43.09769012234447,-2.5551653997758845
6298.36,23.642492492492487,43.098141041482165,-2.55152893939027
6298.36,23.642492492492487,43.097915598087205,-2.553347175762425
6335.55,23.782094594594593,43.09902273140812,-2.5554525637116305
6369.028000000001,23.907762762762765,43.09947366238632,-2.5518160242221155
6298.36,23.642492492492487,43.0992482130715,-2.5536343001467925
6460.705999999999,24.251899399399395,43.10080628056783,-2.5521031264021543
7655.206999999999,28.735762012012007,43.10035533774838,-2.5557397450000745
7371.070000000001,27.669181681681682,43.100129817814974,-2.5575580357559855
7223.454000000001,27.115067567567568,43.10101126675055,-2.5614818974771794
7414.329999999999,27.831569069069065,43.10123685730471,-2.5596635918986617
7371.070000000001,27.669181681681682,43.10146241550978,-2.5578452739532938
7152.103,26.847233483483482,43.10234384987433,-2.5617692321428316
6958.977,26.122286036036034,43.102795010481,-2.5581325295084154
7152.103,26.847233483483482,43.10256944635261,-2.559950887009625
7152.245,26.847766516516515,43.10390203267665,-2.5602381994820798
7152.103,26.847233483483482,43.10367643027388,-2.5620565841722365
6949.934,26.08834084084084,43.10412760272873,-2.558419802422793
7033.688999999999,26.402736486486482,43.09832449382497,-2.572103916562001
,,43.10010858104983,-2.568754996091189
8056.622,30.242575075075074,43.09965704411397,-2.5723914711560973
,,43.0998828287554,-2.570573239811797
,,43.10144114046924,-2.569042488964217
,,43.10121538224675,-2.5708607722338157
8056.622,30.242575075075074,43.10098959167644,-2.5726790431259645
,,43.10254793301201,-2.5711483220308016
,,43.102773697162945,-2.569329999209969
8657.539,32.49826951951952,43.102322136512505,-2.5729666324730434
8796.644000000002,33.02043543543544,43.088069924629444,-2.5885578189259997
9154.137000000002,34.36237612612614,43.08761769452696,-2.592193443372318
9154.137000000002,34.36237612612614,43.08784382574684,-2.5903756373427633
8796.644000000002,33.02043543543544,43.08940243197284,-2.5888456645543254
9154.137000000002,34.36237612612614,43.08895018999962,-2.592481368038665
9154.137000000002,34.36237612612614,43.08917632715524,-2.5906635224906713
8796.644000000002,33.02043543543544,43.0907349365856,-2.5891335275722125
8796.644000000002,33.02043543543544,43.09050882583265,-2.5909514250303802
8963.857000000004,33.64811186186187,43.0902826827409,-2.5927693100990563
,,43.09206743846775,-2.589421407981101
8705.513000000003,32.67835210210211,43.08648655338128,-2.6012822876568564
8969.232000000004,33.6682882882883,43.08736632447479,-2.6052059398685476
9086.934000000003,34.11011261261262,43.08759268798681,-2.6033881810830874
9110.631000000003,34.19906531531532,43.087819019163256,-2.601570409898259
9023.828000000003,33.873228228228236,43.08804531800378,-2.5997526263156354
9110.631000000003,34.19906531531532,43.089151482212,-2.6018585495449105
9086.934000000003,34.11011261261262,43.08892514509468,-2.6036763602435617
9110.335000000003,34.19795420420421,43.08869877564101,-2.6054941585417035
9023.828000000003,33.873228228228236,43.08937778699262,-2.600040726447323
9023.828000000003,33.873228228228236,43.09071025324864,-2.6003288439834575
8697.150000000001,32.64695945945946,43.0869391068474,-2.597646787121982
8400.526000000002,31.53350600600601,43.08716533507691,-2.5958290182635007
9289.513000000003,34.8705442942943,43.0873915309702,-2.5940112370130888
8697.150000000001,32.64695945945946,43.08827158450803,-2.5979348303367895
8963.857000000004,33.64811186186187,43.08872402050631,-2.594299201196732
8702.229000000001,32.666024774774776,43.088497818675656,-2.596117021963299
8992.697000000002,33.756370120120124,43.089604059436155,-2.598222890952369
8992.697000000002,33.756370120120124,43.08983029954227,-2.5964050430616266
8963.857000000004,33.64811186186187,43.09005650731063,-2.5945871827766624
8992.697000000002,33.756370120120124,43.09093653163185,-2.598510968970156
10892.190000000004,40.886599099099115,43.09003122407332,-2.6057823946260306
10892.190000000004,40.886599099099115,43.09025759946903,-2.6039645568129703
9110.631000000003,34.19906531531532,43.090483942527584,-2.602146706598256
10892.190000000004,40.886599099099115,43.09181640011011,-2.6024348810597346
10892.190000000004,40.886599099099115,43.09136366977185,-2.606070648122973
,,43.09204271677198,-2.600616978925491
10892.190000000004,40.886599099099115,43.09159005110994,-2.6042527707927525
10892.190000000004,40.886599099099115,43.092922500017494,-2.604541002184352
10892.190000000004,40.886599099099115,43.09314885495962,-2.602723072930788
9880.128000000002,37.087567567567575,43.09337517756269,-2.6009051312748563
8992.697000000002,33.756370120120124,43.09116277767686,-2.596693081559916
8992.697000000002,33.756370120120124,43.091388991383305,-2.5948751817543214
,,43.09226900109521,-2.598799064391596
,,43.09272147272435,-2.595163198131145
8992.697000000002,33.756370120120124,43.092495253079456,-2.596981137459623
9880.128000000002,37.087567567567575,43.093601467826325,-2.5990871772181277
9880.128000000002,37.087567567567575,43.09382772575017,-2.5972692107621795
,,43.094053951333876,-2.595451231908581
9880.128000000002,37.087567567567575,43.094707635620864,-2.601193301032995
9880.128000000002,37.087567567567575,43.09516019568907,-2.597557301469023
,,43.0918413217791,-2.591239344963336
8963.857000000004,33.64811186186187,43.09161517275084,-2.593057269554935
,,43.09317381499468,-2.5915272822909774
,,43.09294766002954,-2.593345246407739
,,43.09339993761942,-2.589709305782431
,,43.09428014457709,-2.593633240658909
,,43.09450630547946,-2.5918152370147407
,,43.094732434040644,-2.589997220977648
9635.716999999999,36.17010885885885,43.095612626393574,-2.5939212523098885
8908.172999999999,33.43908783783783,43.09606492773154,-2.5902851535681806
10892.190000000004,40.886599099099115,43.09269611273664,-2.606358919033969
,,43.09425494619177,-2.6048292509892064
,,43.09402855296777,-2.6066472073604716
,,43.09448130707625,-2.6030112822128606
,,43.09558738963285,-2.605117517208765
,,43.095360990465366,-2.6069355131039096
,,43.09581375646003,-2.6032995089073845
,,43.0969198303408,-2.6054058008444585
,,43.09669342522946,-2.6072238362657343
,,43.097146203111066,-2.603587753015814
9635.716999999999,36.17010885885885,43.095386427211956,-2.595739283088063
9880.128000000002,37.087567567567575,43.094933931825246,-2.599375307451191
9880.128000000002,37.087567567567575,43.09604009094656,-2.6014814882013497
9635.716999999999,36.17010885885885,43.09671890035868,-2.5960273516710375
9889.984999999999,37.12456831831831,43.09649266289623,-2.5978454095816
9880.128000000002,37.087567567567575,43.09626639309207,-2.59966345509223
9889.984999999999,37.12456831831831,43.09737254353988,-2.6017696927813625
9889.984999999999,37.12456831831831,43.0975988516269,-2.5999516201426833
9829.291,36.89673798798798,43.09782512737175,-2.5981335351013524
9829.291,36.89673798798798,43.098051370774115,-2.5963154376589426
,,43.09583879323355,-2.592103209136071
9635.716999999999,36.17010885885885,43.097171278256994,-2.5923911986564003
8908.172999999999,33.43908783783783,43.09739741869218,-2.5905731035554833
9635.716999999999,36.17010885885885,43.096945105479044,-2.5942092813621156
,,43.0985037605499,-2.5926792055771863
8908.172999999999,33.43908783783783,43.09872990692262,-2.590861070940987
9635.716999999999,36.17010885885885,43.0982775818336,-2.5944973278170282
9198.842999999999,34.53019144144143,43.09983624011232,-2.592967229899856
9198.842999999999,34.53019144144143,43.10006239242297,-2.591149055726133
9822.413999999999,36.87092342342341,43.09961005545734,-2.5947853916760755
,,43.09870499340089,-2.602057914774477
9889.984999999999,37.12456831831831,43.098931307429766,-2.6002398026039972
9822.413999999999,36.87092342342341,43.099383838458344,-2.596603541053222
9829.291,36.89673798798798,43.099157589115705,-2.598421678029721
,,43.10003744052967,-2.6023461541821313
9822.413999999999,36.87092342342341,43.10071630341145,-2.5968916618553166
,,43.10026376050079,-2.600528002477611
9822.413999999999,36.87092342342341,43.10049004812816,-2.598709838368146
11161.78,41.89857357357357,43.101369884926314,-2.6026344110057718
11161.78,41.89857357357357,43.10159621084003,-2.6008162197649654
7903.027999999999,29.666021021021017,43.08919993397154,-2.579468541089096
8178.047000000001,30.698374624624627,43.08897399678042,-2.581286421418307
7903.027999999999,29.666021021021017,43.0894258388233,-2.577650648382115
7790.293999999999,29.24284534534534,43.09075838175999,-2.5779382568689635
8795.765,33.01713588588588,43.090306527855844,-2.581574108956878
8178.047000000001,30.698374624624627,43.090532470978,-2.579756189102374
8084.026000000001,30.345442942942945,43.092090921968236,-2.5782258827319158
8795.765,33.01713588588588,43.091639056202084,-2.5818618138760443
8084.026000000001,30.345442942942945,43.09186500525562,-2.5800438544940056
8272.432999999999,31.052676426426423,43.093423459448076,-2.578513525972419
7770.133999999999,29.16716966966966,43.09010335933888,-2.5721968960103276
7770.133999999999,29.16716966966966,43.08987755150731,-2.57401482584116
7770.133999999999,29.16716966966966,43.08965171133534,-2.5758327432989487
6726.567,25.249876126126125,43.09143592006157,-2.5724843859110176
7770.133999999999,29.16716966966966,43.09121010630214,-2.5743023552717053
7790.293999999999,29.24284534534534,43.09098426020149,-2.576120312258215
6726.567,25.249876126126125,43.09276847805689,-2.5727718931810877
7531.652999999999,28.271970720720716,43.09231680633955,-2.5764078985913486
7396.166,27.763385885885885,43.09254265836922,-2.574589902073882
7531.652999999999,28.271970720720716,43.093649349749576,-2.576695502299788
8440.464999999998,31.68342717717717,43.09297158181919,-2.5821495361772464
8353.901999999998,31.35849099099098,43.09319753680451,-2.580331537265427
8468.72,31.789489489489483,43.0945300656247,-2.58061923741808
8474.250999999998,31.810251501501494,43.09430410470728,-2.5824372758619196
8402.044999999998,31.53920795795795,43.09475599419963,-2.5788011865919045
8533.052,32.03097597597597,43.09586259171633,-2.5809069549534023
8290.123,31.119080330330327,43.095636624866394,-2.5827250329315072
8573.305999999999,32.18207957957957,43.096088526222964,-2.579088864591822
7886.757999999999,29.60494744744744,43.097195115079444,-2.5811946898728357
8573.305999999999,32.18207957957957,43.09742105551815,-2.5793765599736047
8795.765,33.01713588588588,43.09274559449251,-2.5839675227062955
,,43.09229352281645,-2.5876034586098005
8612.068,32.32758258258257,43.093852085846265,-2.586073315596294
,,43.09362602790339,-2.587891316883682
8612.068,32.32758258258257,43.09407811144768,-2.584255301921849
8555.386999999999,32.11481606606606,43.095184594138026,-2.5863611517309772
8908.172999999999,33.43908783783783,43.094958530260286,-2.5881791925491977
8612.068,32.32758258258257,43.095410625673516,-2.584543098524556
8908.172999999999,33.43908783783783,43.09651709970017,-2.5866490052565005
8908.172999999999,33.43908783783783,43.09629102988719,-2.5884670856078036
7320.941,27.481009759759754,43.09387520770864,-2.5748774662491156
6692.871,25.123389639639637,43.09410103332492,-2.5730594178219786
7309.467,27.437939189189187,43.09498189043169,-2.576983123384975
7309.467,27.437939189189187,43.09520775432051,-2.575165047798857
6961.445000000001,26.1315503003003,43.09543358586578,-2.573346959835128
7331.390999999999,27.52023648648648,43.09631442838594,-2.5772707618483413
7247.159999999999,27.204054054054048,43.09654029820489,-2.575452646724534
7041.201,26.430934684684683,43.09676613567948,-2.5736345192219736
7313.665,27.453697447447446,43.09764696361241,-2.5775584176913333
7316.481999999999,27.464271771771767,43.09787283936187,-2.5757402630275887
8167.3910000000005,30.658374624624624,43.09696914229665,-2.5830128073874428
7886.757999999999,29.60494744744744,43.09852763571414,-2.581482442177814
8167.3910000000005,30.658374624624624,43.09830165699812,-2.5833005992311717
7575.0199999999995,28.434759759759753,43.09875358208529,-2.5796642727386945
8110.157,30.44353228228228,43.09986015362048,-2.581770211869784
8108.4890000000005,30.437271021021022,43.09963416897086,-2.5835884084641374
7679.408999999999,28.826610360360352,43.10008610592443,-2.5799520028885254
8182.389,30.714673423423424,43.10119266879856,-2.5820579989501824
8143.161000000001,30.567421171171173,43.10096667821497,-2.583876235087769
7815.753,29.33841216216216,43.101418627035684,-2.5802397504245436
8555.386999999999,32.11481606606606,43.09674313717011,-2.584830912515856
8908.172999999999,33.43908783783783,43.0978496025328,-2.5869368761743026
8167.3910000000005,30.658374624624624,43.09807564593754,-2.585118743897196
8908.172999999999,33.43908783783783,43.09762352678423,-2.588754996060923
8709.166999999998,32.692068318318306,43.098956020951434,-2.589042923910006
8709.166999999998,32.692068318318306,43.09918210263598,-2.58722476448582
8246.689,30.956039789789788,43.09940815197591,-2.585406592670005
8619.828999999998,32.356715465465456,43.10028851238891,-2.589330869156491
8709.166999999998,32.692068318318306,43.100514600009795,-2.5875126701924995
8210.891,30.82166291291291,43.10074065528525,-2.585694458835733
8006.749999999999,30.05536786786786,43.09809868276616,-2.5739220959839564
7591.147,28.495296546546545,43.0989794961112,-2.5778460909153846
8056.622,30.242575075075074,43.099431227125876,-2.5742096901225118
7346.772,27.577972972972972,43.09920537779151,-2.5760278967094683
7621.446999999999,28.60903528528528,43.10031202588237,-2.5781337815219394
7941.123999999999,29.80902402402402,43.1005379134939,-2.5763155477715998
8056.622,30.242575075075074,43.10076376875871,-2.5744973016390866
9061.319000000001,34.013960210210215,43.101644552926004,-2.578421489512437
8953.515000000001,33.60929054054054,43.10187044646913,-2.5766032162154353
8953.515000000001,33.60929054054054,43.102096307664745,-2.5747849305351087
8491.684,31.875690690690686,43.10297707724218,-2.5787092148883173
8657.539,32.49826951951952,43.10342884384407,-2.5750725768120297
9061.319000000001,34.013960210210215,43.10320297671728,-2.5768909020424
8657.539,32.49826951951952,43.10476137729676,-2.5753602404712765
8886.433,33.35748123123123,43.10453550423842,-2.5771786052539487
8886.433,33.35748123123123,43.10430959883099,-2.578996957651014
8423.875,31.621152402402398,43.106093908022885,-2.575647921514305
8886.433,33.35748123123123,43.105868029032635,-2.577466325851513
8886.433,33.35748123123123,43.10564211769252,-2.5792847178019773
9153.621999999998,34.360442942942925,43.10697463382682,-2.579572495342635
8619.828999999998,32.356715465465456,43.101621001096724,-2.589618831801819
8547.395999999999,32.08481981981981,43.10184709465431,-2.587800593295776
9895.477999999997,37.145187687687674,43.102073155865696,-2.585982342395816
8949.767,33.59522147147147,43.10295348707498,-2.58990681184743
8949.767,33.59522147147147,43.103179586569624,-2.588088533797094
9895.477999999997,37.145187687687674,43.10340565371728,-2.5862702433516964
9147.632,34.337957957957954,43.10428597032373,-2.5901948092947675
9147.632,34.337957957957954,43.104512075755814,-2.588376491697894
9147.632,34.337957957957954,43.10473814884013,-2.5865581617048186
9350.697999999999,35.100217717717705,43.10561845084306,-2.590482824145272
6369.028000000001,23.907762762762765,43.1005808253328,-2.553921441881609
6294.245,23.62704579579579,43.10213889602679,-2.552390245931844
6540.172,24.550195195195194,43.101913434871165,-2.554208600968307
7655.206999999999,28.735762012012007,43.10168794136537,-2.5560269436426517
6754.717,25.35554429429429,43.10302054225914,-2.556314159640796
6590.589999999999,24.739451951951946,43.103246041686674,-2.554495777408335
6451.9890000000005,24.21917792792793,43.10347150876324,-2.55267738281261
6754.717,25.35554429429429,43.10457864577941,-2.5547829712031205
6754.717,25.35554429429429,43.104353140429765,-2.5566013929959452
6719.905,25.22486861861862,43.10480411877732,-2.5529645370458893
7315.312000000001,27.45987987987988,43.099227414598055,-2.5648310751225107
7349.288,27.587417417417416,43.10078564384764,-2.5633001906872597
7349.288,27.587417417417416,43.10033430099692,-2.5669367399958434
7349.288,27.587417417417416,43.100559988596274,-2.5651184715273456
7349.288,27.587417417417416,43.10189255986947,-2.565405885298971
7349.288,27.587417417417416,43.1021182210465,-2.563587564906478
,,43.101666866343606,-2.5672241933187427
7349.288,27.587417417417416,43.10345079552078,-2.5638749564916754
7349.288,27.587417417417416,43.103225128417684,-2.5656933164388285
,,43.102999428964964,-2.5675116640121196
6990.222999999999,26.239575825825817,43.10568573587735,-2.556888643709543
6921.763,25.98259384384384,43.10591124714948,-2.5550701823541084
6921.763,25.98259384384384,43.10613672606906,-2.553251708633123
6990.222999999999,26.239575825825817,43.10724384579692,-2.5553574108627304
7134.522,26.781238738738736,43.107018328601946,-2.5571759117830237
6921.763,25.98259384384384,43.107469330638565,-2.5535388975757507
7255.328,27.234714714714713,43.10857644172184,-2.5556446567304247
7255.328,27.234714714714713,43.10835091860366,-2.5574631972178223
7417.548,27.843648648648646,43.10880193248591,-2.553826103875205
7255.328,27.234714714714713,43.109683505882565,-2.5577505000153797
,,43.10410625113105,-2.56961752682988
8574.685,32.187256006006,43.10388048105131,-2.5714358892041904
8574.685,32.187256006006,43.10365467862219,-2.5732542391987647
8423.875,31.621152402402398,43.1052130263647,-2.5717234737554233
8423.875,31.621152402402398,43.105438802373605,-2.5699050718253913
8574.685,32.187256006006,43.10498721800563,-2.5735418633045777
8423.875,31.621152402402398,43.1067713508907,-2.57019263419794
8423.875,31.621152402402398,43.10631975466288,-2.5738295047919193
8423.875,31.621152402402398,43.10654556895227,-2.572011075685937
8423.875,31.621152402402398,43.10765228859399,-2.5741171636622275
,,43.104783367270535,-2.5641623654443015
,,43.10455769424102,-2.5659807649483604
,,43.10433198886108,-2.567799152077412
,,43.10589025733953,-2.5662682308289972
7557.899,28.370491741741738,43.106115936295865,-2.564449791765794
,,43.105664546031996,-2.5680866575160564
7557.899,28.370491741741738,43.10744850259682,-2.564737235457585
,,43.107222817713335,-2.5665557140821837
,,43.10699710047784,-2.568374180329497
8010.7429999999995,30.0703566066066,43.10855537536249,-2.5668432147093636
7152.245,26.847766516516515,43.105009007949285,-2.562343953566815
7152.245,26.847766516516515,43.10546019225303,-2.5587070926978552
7152.245,26.847766516516515,43.10523461627691,-2.5605255293174753
7704.7480000000005,28.921726726726725,43.106792779054004,-2.5589944003350538
7557.899,28.370491741741738,43.10634158290061,-2.5626313403280148
7557.899,28.370491741741738,43.106567197153446,-2.5608128765172404
7557.899,28.370491741741738,43.10789977530636,-2.5611002410828205
7704.7480000000005,28.921726726726725,43.10812536313173,-2.5592817253358136
7557.899,28.370491741741738,43.107674155127945,-2.562918744457274
7704.7480000000005,28.921726726726725,43.10945794448625,-2.559569067701578
7891.596999999999,29.623111861861855,43.10878106617351,-2.5650246965211196
,,43.108329652198684,-2.568661720519168
8010.7429999999995,30.0703566066066,43.109887930287094,-2.5671307327119632
8010.7429999999995,30.0703566066066,43.110113627025996,-2.5653121749578376
8010.7429999999995,30.0703566066066,43.10966220119459,-2.5689492780865137
8400.392,31.533003003003,43.11099474746564,-2.56923685303297
8052.982999999999,30.228915165165162,43.11144618515437,-2.5655996707691755
8010.7429999999995,30.0703566066066,43.11122048248719,-2.5674182680914304
8400.392,31.533003003003,43.11232729101192,-2.569524445359976
8052.982999999999,30.228915165165162,43.11277874055869,-2.5658871839565736
7891.596999999999,29.623111861861855,43.10900672463137,-2.563206165956025
7891.596999999999,29.623111861861855,43.10923235073574,-2.5613876230156545
8124.628,30.49785285285285,43.11079052311768,-2.5598564274337843
7952.853999999998,29.85305555555555,43.11033929141097,-2.5634936048257164
8124.628,30.49785285285285,43.11056492344164,-2.561675022317174
8052.982999999999,30.228915165165162,43.11167185546681,-2.5637810610677794
8176.389,30.6921509009009,43.112123099026114,-2.5601438045338822
8176.389,30.6921509009009,43.11189749342417,-2.5619624389888216
8176.389,30.6921509009009,43.11300441679898,-2.564068534683659
8176.389,30.6921509009009,43.11345567221159,-2.560431199003295
7439.965999999999,27.927800300300298,43.10990903492432,-2.555931919958637
7439.965999999999,27.927800300300298,43.11013453161117,-2.554113327532925
7774.996,29.185420420420417,43.11124162540443,-2.556219200548802
8124.628,30.49785285285285,43.11101609043874,-2.5580378201771383
7774.996,29.185420420420417,43.11146712801444,-2.55440056855035
8176.389,30.6921509009009,43.112348672272255,-2.5583251577045307
7774.996,29.185420420420417,43.11257421316227,-2.556506498502351
7852.4980000000005,29.476343843843843,43.11279972169579,-2.5546878269289217
,,43.1136812513832,-2.5586125125989994
7852.4980000000005,29.476343843843843,43.113906798197895,-2.5567938138207333
,,43.10810389668242,-2.5704802139489646
8423.875,31.621152402402398,43.107878108814084,-2.572298694997179
,,43.10921064595024,-2.572586331690581
,,43.109436439748855,-2.5707678110799113
,,43.10898481979909,-2.5744048399169492
,,43.11054318036081,-2.5728739857675924
,,43.11031734827824,-2.5746925335575113
,,43.11076898009006,-2.571055425592213
8400.392,31.533003003003,43.11210151770613,-2.5713430574873155
,,43.11187571204589,-2.5731616572296345
,,43.09825226831572,-2.6056941018977424
,,43.09847864702942,-2.6038760145395825
,,43.09802585726013,-2.607512176847383
,,43.099584703557674,-2.6059824203700512
,,43.099358286557475,-2.6078005348503015
,,43.0998110882152,-2.6041642934801352
,,43.10091713606674,-2.606270756262829
,,43.10069071312159,-2.6080889102759306
,,43.10114352666844,-2.604452589838918
,,43.102249565843024,-2.6065591095775194
9822.413999999999,36.87092342342341,43.100942526350295,-2.5950734729406952
9198.842999999999,34.53019144144143,43.10116871694437,-2.5932552716258495
9198.842999999999,34.53019144144143,43.10139487519329,-2.5914370579123736
9198.842999999999,34.53019144144143,43.1025011910461,-2.5935433307566247
9198.842999999999,34.53019144144143,43.10272735523368,-2.5917250775011307
9822.413999999999,36.87092342342341,43.102274994512605,-2.5953615716123237
,,43.10360745994431,-2.5956496876924113
9198.842999999999,34.53019144144143,43.103833662417614,-2.593831407293601
9198.842999999999,34.53019144144143,43.10405983254421,-2.5920131144938616
,,43.10493992264549,-2.595937821182391
11161.78,41.89857357357357,43.10182250440921,-2.5989980161180686
9822.413999999999,36.87092342342341,43.102048765633526,-2.5971798000666664
11161.78,41.89857357357357,43.102702326590894,-2.6029226852468357
11161.78,41.89857357357357,43.10338122512463,-2.597467955688713
11161.78,41.89857357357357,43.103154957958935,-2.5992862112809374
11161.78,41.89857357357357,43.10292865844756,-2.6011044544675
11161.78,41.89857357357357,43.10403476552347,-2.6032109769067713
11161.78,41.89857357357357,43.104487408777395,-2.5995744238581837
10808.589,40.572781531531525,43.104713681884846,-2.5977561287229007
11161.78,41.89857357357357,43.10426110332349,-2.601392706586665
,,43.102023136952525,-2.6083773031257125
,,43.10247596238925,-2.6047409036173663
,,43.103355558050374,-2.6086657134010913
,,43.10358199288656,-2.6068474803155595
,,43.10380839537772,-2.6050292348169286
,,43.104914417197485,-2.6071358684784003
,,43.105140825633896,-2.605317583439046
11788.362000000003,44.25060810810812,43.10468797641521,-2.608954141103512
11756.926000000003,44.132605105105114,43.106246838775824,-2.6074242740674825
11788.362000000003,44.25060810810812,43.10602039204713,-2.6092425862344153
9473.108999999999,35.55971846846846,43.105166131058965,-2.594119501238233
9473.108999999999,35.55971846846846,43.10539230712495,-2.592301168892005
9473.108999999999,35.55971846846846,43.106498596970276,-2.5944076125919655
,,43.10627238261623,-2.596225972083713
9473.108999999999,35.55971846846846,43.106724778975995,-2.592589240696996
10071.177,37.80471846846846,43.107604839856634,-2.5965141403978196
9699.986999999997,36.4113626126126,43.10783106015157,-2.594695741356228
9699.986999999997,36.4113626126126,43.10805724809741,-2.5928773299102805
9602.941999999997,36.04707957957957,43.10938971448928,-2.5931654365333032
9699.986999999997,36.4113626126126,43.109163520602955,-2.5949838875324773
10808.589,40.572781531531525,43.105367201724164,-2.6034992859870196
10808.589,40.572781531531525,43.105819856864684,-2.599862653851258
10808.589,40.572781531531525,43.10604613591426,-2.59804431917067
10808.589,40.572781531531525,43.10559354546786,-2.6016809761238973
10808.589,40.572781531531525,43.10669963519301,-2.6037876124890236
10808.589,40.572781531531525,43.10715230222089,-2.6001509012615958
10223.076,38.3749099099099,43.10737858721294,-2.598332527033468
10808.589,40.572781531531525,43.10692598488079,-2.6019692630806444
10226.409,38.38742117117116,43.108484744846066,-2.600439166090654
10223.076,38.3749099099099,43.108711035781,-2.5986207523127263
11598.341000000002,43.53731606606607,43.10647325315789,-2.6056059494851587
11756.926000000003,44.132605105105114,43.1073528049462,-2.6095310487952466
11598.341000000002,43.53731606606607,43.10780567794978,-2.605894332956715
11598.341000000002,43.53731606606607,43.10757925762169,-2.6077126970842506
11724.197000000004,44.00974849849851,43.108685215112466,-2.6098195287874453
11598.341000000002,43.53731606606607,43.10891167373515,-2.608001137530142
11223.210000000001,42.12916666666667,43.10913810000963,-2.606182733855157
11504.745000000003,43.18597972972974,43.110017622546074,-2.610108026212467
11504.745000000003,43.18597972972974,43.11024408711629,-2.6082895954066045
11223.210000000001,42.12916666666667,43.110470519337525,-2.6064711521819235
11223.210000000001,42.12916666666667,43.10803206593012,-2.6040759564142215
10808.589,40.572781531531525,43.10825842156234,-2.6022575674583424
10226.409,38.38742117117116,43.10981718474033,-2.60072744833986
11223.210000000001,42.12916666666667,43.10936449393555,-2.6043643177640643
10226.409,38.38742117117116,43.11004348161848,-2.5989089950099005
11467.680000000002,43.04684684684685,43.10959085551257,-2.6025458892584368
9965.933999999997,37.40966216216215,43.11137592472547,-2.599197255126427
11467.680000000002,43.04684684684685,43.11069691920941,-2.604652696539988
10788.77,40.49838588588589,43.11114962190374,-2.601015748010664
10788.77,40.49838588588589,43.11092328673159,-2.602834228482377
10071.177,37.80471846846846,43.10893729436674,-2.5968023261261433
10053.255,37.737443693693685,43.11049597832452,-2.595272051122145
9633.017999999998,36.15997747747747,43.1107221781517,-2.5934535605675038
9959.394999999999,37.385116366366354,43.11026974614666,-2.5970905292701367
9781.097999999998,36.71583333333332,43.111828433316326,-2.5955602321266786
9563.536999999998,35.8991629129129,43.11205463908473,-2.593741702014324
10015.127999999999,37.59432432432432,43.11160219519646,-2.597378749831237
9781.097999999998,36.71583333333332,43.113160885578466,-2.595848430547521
9700.883999999998,36.41472972972972,43.11338709728846,-2.5940298608752044
10641.894,39.94704954954955,43.112708365102065,-2.5994855326637443
11434.292000000001,42.92151651651651,43.11157649776519,-2.6085780707150854
11434.292000000001,42.92151651651651,43.11135002724706,-2.6103965410717405
11467.680000000002,43.04684684684685,43.11180293593354,-2.6067595879384653
11756.844000000003,44.132297297297306,43.11268242921552,-2.6106850733667137
11434.292000000001,42.92151651651651,43.11290890568194,-2.608866563457029
10935.088,41.04762762762763,43.11313534979777,-2.607048041126216
11756.844000000003,44.132297297297306,43.11401482845153,-2.61097362309884
10935.088,41.04762762762763,43.114467760930275,-2.607336511746632
11756.844000000003,44.132297297297306,43.11424131086658,-2.6091550736338687
12042.647000000003,45.20513138138139,43.115347224955165,-2.6112621902695574
8122.204000000001,30.488753753753755,43.10252518124845,-2.5823458034204476
9895.477999999997,37.145187687687674,43.102299184730526,-2.5841640791035148
8004.074,30.04532282282282,43.10275114541912,-2.58052751534819
8167.315000000001,30.658089339339345,43.10385769097023,-2.5826336252820212
9895.477999999997,37.145187687687674,43.103631688517616,-2.5844519405128166
8167.315000000001,30.658089339339345,43.10408366107482,-2.5808152976608993
8344.081999999999,31.32162912912912,43.10519019796399,-2.582921464536352
8417.06,31.595570570570565,43.10496418957631,-2.584739819317107
8440.784,31.68462462462462,43.105416174002855,-2.5811030973641107
8481.974999999999,31.83924549549549,43.1065227022298,-2.5832093211848663
9153.621999999998,34.360442942942925,43.107200551100014,-2.5777540638365353
9153.621999999998,34.360442942942925,43.10742643602252,-2.575935619942542
9153.621999999998,34.360442942942925,43.10830714723401,-2.579860290274445
9153.621999999998,34.360442942942925,43.10853307044063,-2.5780418192104535
9153.621999999998,34.360442942942925,43.10875896129578,-2.57622333575743
9153.621999999998,34.360442942942925,43.11009148384271,-2.5765110689604147
9153.621999999998,34.360442942942925,43.10986558705455,-2.5783295919747125
9153.621999999998,34.360442942942925,43.109639657914144,-2.5801481025988346
,,43.11119810094187,-2.57861738213075
,,43.111424003663394,-2.576798819552931
9350.697999999999,35.100217717717705,43.10584456221295,-2.5886644669996164
9474.479999999998,35.56486486486485,43.106070641234275,-2.586846097456612
9474.479999999998,35.56486486486485,43.10717704594112,-2.588952459703705
9417.714999999998,35.35178303303302,43.10695092863306,-2.5907708564003817
9474.479999999998,35.56486486486485,43.10740313089983,-2.5871340506085305
9394.556999999999,35.2648536036036,43.10828340369382,-2.591058906061544
8955.409999999998,33.616403903903894,43.10873561783686,-2.5874220211620123
9029.585,33.894838588588584,43.108509526940416,-2.589240469811594
9006.672999999999,33.808832582582575,43.11006810204545,-2.5877100091184926
9719.561999999998,36.48484234234233,43.10961587602538,-2.591346973130197
8417.06,31.595570570570565,43.10629668790667,-2.585027715517841
8481.974999999999,31.83924549549549,43.1067486842033,-2.581390914459277
8944.828,33.57668168168168,43.10785520376774,-2.5834971952290173
8718.045999999998,32.725397897897885,43.10762918350882,-2.585315629116445
8944.828,33.57668168168168,43.10808119167626,-2.5816787489478226
8921.730999999998,33.48998123123122,43.10918770257791,-2.5837850866702348
8873.123,33.307518768768766,43.10896167638281,-2.5856035601143663
8921.730999999998,33.48998123123122,43.109413696421804,-2.5819666008312026
8921.730999999998,33.48998123123122,43.110746198440005,-2.582254470110846
8803.211,33.04508633633633,43.11052019866036,-2.584072995509972
,,43.110972165867295,-2.5804359323172457
,,43.11275652075792,-2.5770865875364226
,,43.112304671093554,-2.5807237794311257
,,43.11253061210267,-2.578905189680008
,,43.113637173593,-2.58101164394191
,,43.114089035126405,-2.577374372912332
,,43.11386312053701,-2.5791930146239226
9699.900999999998,36.41103978978978,43.11496967336572,-2.581299525851043
,,43.11542154676884,-2.577662175682093
,,43.115195626245004,-2.579480856963944
9006.672999999999,33.808832582582575,43.11029416652872,-2.585891508513045
9124.544999999998,34.25129504504503,43.11185269201519,-2.5843609217496635
9175.240999999998,34.44159534534534,43.11162665394665,-2.5861794743139237
9124.544999999998,34.25129504504503,43.112078697730944,-2.5825423567882013
,,43.11341119429471,-2.5828302608647107
9124.544999999998,34.25129504504503,43.11318518264248,-2.5846488653907476
9188.753999999999,34.49231981981981,43.11295913863669,-2.5864674575184474
9699.900999999998,36.41103978978978,43.11474368813138,-2.583118182341811
9809.619999999999,36.82289789789789,43.114517670542305,-2.5849368264346726
11676.391000000003,43.830296546546556,43.11429162059887,-2.5867554581280507
9267.309999999998,34.78719969969969,43.109842005210886,-2.5895284973247334
9372.690999999999,35.18277402402402,43.111400583525686,-2.5879980144794166
9304.737999999998,34.927695195195184,43.11117448075263,-2.5898165422445634
9341.892999999998,35.06716591591591,43.110948345627854,-2.5916350576077845
9188.753999999999,34.49231981981981,43.11273306227764,-2.5882860372462297
9341.892999999998,35.06716591591591,43.112506953565735,-2.5901046045725207
9565.318999999998,35.905852102102095,43.112280812501325,-2.5919231594957433
9565.318999999998,35.905852102102095,43.11383942365028,-2.5903926843100558
11676.391000000003,43.830296546546556,43.1140655383014,-2.588574077420372
9565.318999999998,35.905852102102095,43.11361327664584,-2.5922112787955243
9699.900999999998,36.41103978978978,43.11607617924101,-2.583406121220946
9809.619999999999,36.82289789789789,43.115850155714725,-2.5852248048828765
11676.391000000003,43.830296546546556,43.11562409983329,-2.5870434761441823
9699.900999999998,36.41103978978978,43.11740866762373,-2.583694077503561
9793.983999999999,36.7642042042042,43.11718263815987,-2.5855128007368013
11589.839000000002,43.50540165165166,43.116956576340044,-2.5873315115682805
10449.109,39.22338213213213,43.11874115327959,-2.583982051191086
10449.109,39.22338213213213,43.11851511787777,-2.5858008139979005
11589.839000000002,43.50540165165166,43.118289050119216,-2.58761956440179
10108.099,37.94331456456457,43.12007363620865,-2.58427004228498
9699.900999999998,36.41103978978978,43.11630217041179,-2.581587425159963
,,43.11675405568539,-2.577949995847158
,,43.1165281292267,-2.5797687167015035
,,43.1178606294822,-2.5800565938380555
,,43.11808656187611,-2.578237833408956
9699.900999999998,36.41103978978978,43.1176346647313,-2.581875341870113
10449.109,39.22338213213213,43.118967156324295,-2.5821632759829414
,,43.11919312701158,-2.58034448837503
,,43.119419065341056,-2.578525688368936
10108.099,37.94331456456457,43.1202996451909,-2.5824512274998788
9565.318999999998,35.905852102102095,43.11494573806153,-2.592499415508568
11676.391000000003,43.830296546546556,43.115171891006334,-2.5906807814586017
11676.391000000003,43.830296546546556,43.11539801159704,-2.5888621350032843
11469.158000000003,43.0523948948949,43.116730482164634,-2.589150209996408
,,43.116278196748425,-2.5927875696363083
11469.158000000003,43.0523948948949,43.11650435563397,-2.590968896019611
11149.12,41.85105105105105,43.117836817533295,-2.5912570279945193
11149.12,41.85105105105105,43.11806295000426,-2.589438302401188
10722.030999999999,40.24786411411411,43.11761065270664,-2.593075741180202
10722.030999999999,40.24786411411411,43.118943105936225,-2.5933639301416793
8400.392,31.533003003003,43.112553031962904,-2.5677058208492047
8430.146999999999,31.64469594594594,43.113885578714275,-2.567993390986726
8400.392,31.533003003003,43.11365983183351,-2.5698120550689785
8453.994,31.734211711711712,43.11411129323908,-2.566174714521469
8610.654999999999,32.32227852852852,43.11521812274141,-2.5682809785054346
8542.333,32.06581456456457,43.11544384319557,-2.566462262465307
8610.654999999999,32.32227852852852,43.11499236993049,-2.570099682161413
8747.268,32.835090090090084,43.116776390428285,-2.566749827789527
8762.776,32.8933033033033,43.116324905302946,-2.570387326638719
8762.776,32.8933033033033,43.1165506640444,-2.5685685834067633
8176.389,30.6921509009009,43.1132300606834,-2.562249873032039
8542.333,32.06581456456457,43.114336975407575,-2.5643560256747926
,,43.11478824267421,-2.5607186108434687
8746.323,32.831542792792796,43.11456262521939,-2.5625373244482654
8746.323,32.831542792792796,43.11566953129264,-2.5646435340426175
8746.323,32.831542792792796,43.116120810414074,-2.5610060400558443
8746.323,32.831542792792796,43.11589518703226,-2.562824793238938
8747.268,32.835090090090084,43.1170020844543,-2.5649310597885786
9402.058,35.29301051051051,43.11745337543122,-2.56129348664186
8746.323,32.831542792792796,43.11722774612206,-2.5631122794054946
7852.4980000000005,29.476343843843843,43.11413231265531,-2.5549751026700753
,,43.11501382777166,-2.5588998848619813
,,43.115239380511404,-2.5570811465053844
9746.329000000002,36.58531906906907,43.11546490089306,-2.555262395775247
9381.173,35.21461336336336,43.11657196010286,-2.5573684965577406
9381.173,35.21461336336336,43.116346401437724,-2.5591872744949207
9746.329000000002,36.58531906906907,43.11679748640915,-2.555549706245882
9393.899,35.262383633633625,43.11790453697236,-2.557655863979243
9381.173,35.21461336336336,43.117678972381434,-2.55947468149925
9624.923000000003,36.12959084084085,43.11813006920362,-2.5558370340834142
,,43.11164987403153,-2.574980244585367
,,43.11320824100553,-2.5734493460781693
,,43.112982397059014,-2.5752679730019508
8400.392,31.533003003003,43.11343405259714,-2.5716307067666504
,,43.11454076723984,-2.5737370523146246
,,43.11431491736078,-2.5755557188087073
8610.654999999999,32.32227852852852,43.11476658476319,-2.5719183734316675
,,43.115873290748866,-2.5740247759404475
,,43.115647434936925,-2.5758434820070693
8762.776,32.8933033033033,43.11609911420433,-2.5722060574838044
9097.833,34.151024774774775,43.11810893493728,-2.567037410495561
8762.776,32.8933033033033,43.11765743795097,-2.5706749885023368
9097.833,34.151024774774775,43.11788320262329,-2.568856205692167
9131.812000000002,34.278573573573574,43.11944147672264,-2.5673250105848653
9120.782000000001,34.23716966966967,43.1189899678746,-2.5709626677537094
9120.782000000001,34.23716966966967,43.119215738478175,-2.5691438453630733
9120.782000000001,34.23716966966967,43.12077401578444,-2.5676126280588614
9120.782000000001,34.23716966966967,43.12032249507394,-2.5712503643942752
9120.782000000001,34.23716966966967,43.12054827160916,-2.5694315024209256
9120.782000000001,34.23716966966967,43.121880802016285,-2.569719176867171
9402.058,35.29301051051051,43.11878593772577,-2.5615809506029548
9040.692000000001,33.93653153153153,43.118334634892584,-2.5652186029141113
9040.692000000001,33.93653153153153,43.118560302488866,-2.5633997829493818
9402.058,35.29301051051051,43.120118497297774,-2.5618684319405705
9060.740000000002,34.01178678678679,43.119667182607614,-2.5655061634206544
9040.692000000001,33.93653153153153,43.11989285613278,-2.563687303872033
9402.058,35.29301051051051,43.12145105414733,-2.5621559306561434
9040.692000000001,33.93653153153153,43.12122540705388,-2.563974842174893
9060.740000000002,34.01178678678679,43.120999727599475,-2.565793741309656
,,43.122557955252226,-2.564262397859395
9393.899,35.262383633633625,43.11923711111998,-2.557943248771329
9402.058,35.29301051051051,43.119011540602926,-2.5597621058764117
9624.923000000003,36.12959084084085,43.11946264927659,-2.5561243792892827
9402.058,35.29301051051051,43.12056968254579,-2.5582306509354424
9402.058,35.29301051051051,43.12034410610222,-2.560049547627844
9672.406,36.30783033033033,43.120795226628125,-2.5564117418649306
9402.058,35.29301051051051,43.121676668879445,-2.560337006754992
9672.406,36.30783033033033,43.1219022512499,-2.5585180704730157
9672.406,36.30783033033033,43.122127801258316,-2.5566991218117936
9904.571,37.17932057057057,43.123009228934656,-2.560624483259292
,,43.11720581153272,-2.574312516957075
,,43.11697994978752,-2.5761312625984867
8762.776,32.8933033033033,43.11743164092065,-2.5724937589244985
,,43.11876416491224,-2.572781477755193
,,43.118538329591466,-2.574600275365947
,,43.118312461912645,-2.5764190605843944
,,43.11987084492521,-2.5748880511685086
,,43.120096686179174,-2.5730692139773317
,,43.119644971312376,-2.576706875966236
,,43.12120335753399,-2.5751758443662
,,43.12165501954909,-2.5715380784254784
,,43.12210655212278,-2.567900262919
10592.819,39.762834084084076,43.12321332969966,-2.570006868703244
,,43.122987541300105,-2.5718258098487583
10592.819,39.762834084084076,43.123439085737715,-2.568187915166723
10592.819,39.762834084084076,43.12477161662934,-2.568475584803472
10592.819,39.762834084084076,43.12454585465934,-2.570294577930589
10712.75,40.213025525525524,43.124320060327065,-2.5721135586655555
10821.722,40.62207957957958,43.125878376895436,-2.5705823045506397
10703.604,40.17869369369369,43.12610414479773,-2.5687632718306808
,,43.12233226986821,-2.5660813365825517
9904.571,37.17932057057057,43.122783608274496,-2.562443446751115
9904.571,37.17932057057057,43.12411615967939,-2.5627309802269305
10592.819,39.762834084084076,43.12366480941392,-2.5663689492407826
,,43.123890500727924,-2.564549970926987
10592.819,39.762834084084076,43.12499734623668,-2.5666565792857825
9904.571,37.17932057057057,43.12544870836207,-2.5630185310850204
10592.819,39.762834084084076,43.12522304348104,-2.56483756137911
10860.246,40.76668918918918,43.126329880336584,-2.5669442267190083
11382.571000000004,42.72736861861863,43.12655558351165,-2.5651251692172017
6346.199999999998,23.82207207207206,43.090423598137974,-2.514403882718838
6402.160999999998,24.032135885885875,43.09175635581412,-2.5146900601509996
6577.248999999998,24.689373123123115,43.09153157431947,-2.5165082145264224
6402.160999999998,24.032135885885875,43.093089110773846,-2.5149762548757915
6852.409999999998,25.72225975975975,43.09263950363176,-2.518612630418242
6590.669999999997,24.739752252252238,43.09286432337726,-2.516794448807402
,,43.09442186301722,-2.515262466894639
,,43.094197069718355,-2.517080700384692
6890.677999999998,25.8659084084084,43.09397224406978,-2.5188989215528315
,,43.095754612544326,-2.515548696208982
,,43.09552981334282,-2.517366969259714
,,43.095304981790825,-2.519185229987407
4766.748,17.893198198198196,43.08702915178404,-2.5528687128144423
4969.116000000001,18.65283783783784,43.092379227878105,-2.5428214973325396
5096.211,19.129921171171173,43.092604479954794,-2.5410033969479655
5360.768000000001,20.123003003003006,43.092829699685545,-2.5391852842198466
4370.37,16.405292792792793,43.08903798853586,-2.547701859279954
4682.039,17.57522147147147,43.09059597761363,-2.5461707593734935
5266.138000000001,19.76778528528529,43.0903706344173,-2.547988783176634
4856.775,18.231137387387385,43.09215394345583,-2.544639585371989
4856.775,18.231137387387385,43.0919286266883,-2.54645766106474
4856.775,18.231137387387385,43.09170327757587,-2.5482757244092182
5124.960000000001,19.23783783783784,43.09371188606091,-2.5431083372683068
5214.907,19.575476726726727,43.09393714405168,-2.5412901973367346
5360.768000000001,20.123003003003006,43.094162369695695,-2.5394720450604784
5210.6810000000005,19.559613363363365,43.09504454152211,-2.543395194536116
5214.907,19.575476726726727,43.09526980542731,-2.541577015055302
5360.768000000001,20.123003003003006,43.09549503698499,-2.53975882322866
5220.328,19.595825825825827,43.09637719426181,-2.5436820691374042
,,43.09682770155352,-2.540045618725836
5220.328,19.595825825825827,43.096602464081826,-2.5418638501051003
,,43.09816036340136,-2.5403324315534315
5124.960000000001,19.23783783783784,43.09348659572375,-2.544926464853615
4856.775,18.231137387387385,43.093261273040575,-2.5467445800910884
4856.775,18.231137387387385,43.0930359180117,-2.5485626829791475
5220.328,19.595825825825827,43.09481924526973,-2.5452133616695325
,,43.09436855572484,-2.548849658887852
5185.820000000001,19.46629129129129,43.094593916670526,-2.5470315164539663
5220.328,19.595825825825827,43.096151892093836,-2.545500275821168
,,43.095701190715374,-2.549136652136771
5220.328,19.595825825825827,43.095926557578245,-2.5473184701548175
5811.437000000001,21.814703453453454,43.097484536196156,-2.545787207309965
6402.160999999998,24.032135885885875,43.09198110496031,-2.51287189345752
6460.129999999997,24.249737237237227,43.09243050620582,-2.509235523122695
6460.129999999997,24.249737237237227,43.09220582175766,-2.511053714447557
,,43.093313865821145,-2.513158048624983
8002.059999999998,30.03776276276275,43.09376327886654,-2.5095215991720896
8002.059999999998,30.03776276276275,43.093538588518825,-2.5113398300565546
8002.059999999998,30.03776276276275,43.09487135256439,-2.511625962955121
8002.059999999998,30.03776276276275,43.09509604881201,-2.5098076925088058
8002.059999999998,30.03776276276275,43.09464662396601,-2.5134442210842574
8002.059999999998,30.03776276276275,43.0964288160423,-2.510093803134272
8002.059999999998,30.03776276276275,43.09597937939498,-2.5137304108367786
8002.059999999998,30.03776276276275,43.096204113894416,-2.511912113144683
7376.488999999997,27.68952327327326,43.09599451028778,-2.5025344875833446
7575.112999999998,28.435108858858847,43.09421256251063,-2.5058851004613487
7575.112999999998,28.435108858858847,43.09398793686392,-2.5077033559731636
7376.488999999997,27.68952327327326,43.09554534425353,-2.506171114670958
7376.488999999997,27.68952327327326,43.09576994344675,-2.5043528072825842
7548.787999999997,28.33629129129128,43.0953207127085,-2.5079894097468927
7548.787999999997,28.33629129129128,43.09665348583829,-2.50827548080713
7543.225999999997,28.315412912912898,43.096878123282,-2.5064571461648297
,,43.097087359355264,-2.5158349428202498
,,43.09663771679493,-2.5194715557233955
,,43.09686255425075,-2.5176532554339124
,,43.09842010345009,-2.5161212067298724
,,43.09819529244221,-2.5179395589087186
,,43.09797044908222,-2.5197578987622413
,,43.09975284482889,-2.5164074879392895
,,43.099303178652775,-2.5200442591053664
,,43.099528027917266,-2.5182258796855557
8938.661999999998,33.55353603603603,43.10108558349176,-2.5166937864499297
6890.677999999998,25.8659084084084,43.09374738607185,-2.5207171303974873
6824.089999999999,25.61595345345345,43.09485522163668,-2.522821714467337
6824.089999999999,25.61595345345345,43.09508011788865,-2.5210034783904685
5585.7339999999995,20.967469969969965,43.09305488706998,-2.5373671591497575
5753.119,21.59579204204204,43.09328004210778,-2.535549021739279
5877.491000000001,22.062653903903904,43.093505164798565,-2.5337308719899774
5479.0019999999995,20.566824324324323,43.09438756299263,-2.5376538804411126
5882.256,22.08054054054054,43.09461272394213,-2.535835703480217
5882.256,22.08054054054054,43.09483785254384,-2.534017514179364
6041.433,22.6780518018018,43.095062948797406,-2.5321993125401345
5479.0019999999995,20.566824324324323,43.09572023619478,-2.5379406190577773
5868.893999999999,22.030382882882876,43.09594540305636,-2.536122402544221
5868.893999999999,22.030382882882876,43.09617053756934,-2.5343041736895686
5868.893999999999,22.030382882882876,43.09727807945054,-2.536409118932722
6324.94,23.742267267267263,43.09750321987518,-2.5345908505220267
,,43.097052906676545,-2.5382273750011843
6242.593,23.433156906906905,43.095738043465744,-2.526744633607943
6242.593,23.433156906906905,43.0955130442587,-2.5285628722528486
6114.933,22.9539527027027,43.095288012702476,-2.5303810985641073
6324.94,23.742267267267263,43.09662070954816,-2.530667678963295
6242.593,23.433156906906905,43.09684574701332,-2.5288494130948265
,,43.09707075212845,-2.527031134891575
6324.94,23.742267267267263,43.09639563973339,-2.532485932495404
6324.94,23.742267267267263,43.09772832795009,-2.5327725697706756
,,43.09840345807297,-2.5273176534884643
6324.94,23.742267267267263,43.097953403674936,-2.530954276680252
6824.089999999999,25.61595345345345,43.09618794483083,-2.523108119323501
6824.089999999999,25.61595345345345,43.095963010323224,-2.524926382630971
6824.089999999999,25.61595345345345,43.09641284698817,-2.52128984368712
,,43.09774557337051,-2.521576226288862
,,43.09752066530743,-2.523394541487012
,,43.097295724893286,-2.5252128443551056
,,43.09907829703574,-2.5218626261971395
,,43.098628436745486,-2.525499323390269
,,43.09885338306652,-2.5236809809593006
,,43.099961145879924,-2.525785819737887
6324.94,23.742267267267263,43.098178447049335,-2.529135971252325
6324.94,23.742267267267263,43.09906101344755,-2.5330592243673964
6859.9839999999995,25.75069069069069,43.09973616129936,-2.5276041894000687
6859.9839999999995,25.75069069069069,43.099511144366865,-2.529422546726764
6859.9839999999995,25.75069069069069,43.099286095082824,-2.5312408917164015
6859.9839999999995,25.75069069069069,43.100393696225865,-2.533345896286991
6859.9839999999995,25.75069069069069,43.10106886180768,-2.5278907426278088
6859.9839999999995,25.75069069069069,43.100618783771935,-2.5315275240731787
6859.9839999999995,25.75069069069069,43.10084383896598,-2.529709139519594
6308.899,23.682053303303302,43.10172637628512,-2.533632585530896
8938.661999999998,33.55353603603603,43.100411017983916,-2.522149043413382
,,43.10018609810823,-2.523967437741798
,,43.101293852296685,-2.5260723333993975
9528.219,35.76658783783783,43.10174373621514,-2.522435477939019
9528.219,35.76658783783783,43.101518810432616,-2.5242539118359417
9528.219,35.76658783783783,43.1030764517295,-2.5227219297754884
,,43.102626555995826,-2.5263588643762356
9528.219,35.76658783783783,43.102851520039756,-2.524540403243167
9409.756000000001,35.321906906906904,43.10440916452706,-2.5230083989242305
9528.219,35.76658783783783,43.10418422692975,-2.5248269119649023
6931.7609999999995,26.020123873873867,43.10240155959804,-2.5281773131731193
6859.9839999999995,25.75069069069069,43.10195146974234,-2.5318141737520268
6859.9839999999995,25.75069069069069,43.10217653084677,-2.5299957496322416
6308.899,23.682053303303302,43.10305905362538,-2.5339192921005487
6931.7609999999995,26.020123873873867,43.10373425467051,-2.528463901037439
6931.7609999999995,26.020123873873867,43.10328415299413,-2.532100840754374
6931.7609999999995,26.020123873873867,43.10350922000929,-2.530282377066148
,,43.104391728246746,-2.534206015997381
7233.46,27.152627627627623,43.10506694702518,-2.528750506222202
7233.46,27.152627627627623,43.10484190645366,-2.5305690218227377
6931.7609999999995,26.020123873873867,43.10395925697745,-2.526645412669832
9409.756000000001,35.321906906906904,43.10574187460792,-2.523294885386666
7233.46,27.152627627627623,43.10529195524163,-2.5269319782816244
9409.756000000001,35.321906906906904,43.10551693110267,-2.5251134380025864
7542.916,28.314249249249247,43.10662465078846,-2.5272185612130484
9409.756000000001,35.321906906906904,43.10707458197214,-2.5235813891642414
7542.916,28.314249249249247,43.10684963255858,-2.5253999813576584
7542.916,28.314249249249247,43.10795734361801,-2.527505161465539
8141.6539999999995,30.56176426426426,43.10840728661981,-2.5238679102583914
7542.916,28.314249249249247,43.10818233129759,-2.525686542031543
7233.46,27.152627627627623,43.104616833527395,-2.532387525081659
8034.728,30.160390390390386,43.10572440014929,-2.5344927572228393
7542.916,28.314249249249247,43.106399636662125,-2.5290371287288407
8034.728,30.160390390390386,43.10594951134218,-2.532674226735312
7233.46,27.152627627627623,43.106174590179926,-2.530855683903451
8034.728,30.160390390390386,43.1072821864386,-2.532960945716772
8034.728,30.160390390390386,43.10750727118818,-2.5311423633097316
8034.728,30.160390390390386,43.10705706933309,-2.5347795157783484
7570.327,28.417143393393392,43.10773232358143,-2.5293237685587897
8034.728,30.160390390390386,43.10883994947851,-2.5314290600429987
8002.059999999998,30.03776276276275,43.09731213210814,-2.5140166178839785
8002.059999999998,30.03776276276275,43.097536872509,-2.5121982806266754
8002.059999999998,30.03776276276275,43.0977615805575,-2.510379931049927
,,43.0990943423577,-2.5106660762571993
,,43.09864488210553,-2.5143028422272873
,,43.098869628408195,-2.5124844654025367
10250.426000000001,38.47757507507507,43.1002023815921,-2.512770667473691
10250.426000000001,38.47757507507507,43.09997762938729,-2.5145890838681404
10250.426000000001,38.47757507507507,43.10042710144299,-2.510952238757517
10250.426000000001,38.47757507507507,43.10131037395345,-2.514875342807973
7543.225999999997,28.315412912912898,43.097986256253336,-2.5085615691553054
7543.225999999997,28.315412912912898,43.0982108995961,-2.5067431949443937
7581.093999999997,28.45756006006005,43.09843551058548,-2.5049248084187608
7581.093999999997,28.45756006006005,43.09976829008393,-2.5052108349134485
7581.093999999997,28.45756006006005,43.09954367319594,-2.5070292610110747
,,43.09931902395374,-2.50884767479285
,,43.10087644408157,-2.5073153443663148
,,43.10110106686855,-2.5054968786944403
,,43.10065178893959,-2.509133797721202
8499.429999999997,31.90476726726725,43.102209212253086,-2.5076014450115403
8938.661999999998,33.55353603603603,43.10063590550663,-2.5203306367542098
8938.661999999998,33.55353603603603,43.100860760676035,-2.518512217765866
8938.661999999998,33.55353603603603,43.102418319438776,-2.516980102263223
8938.661999999998,33.55353603603603,43.10219349071857,-2.5187985731510834
8938.661999999998,33.55353603603603,43.10196862964389,-2.520617031710208
9403.927,35.30002627627627,43.10375105267,-2.517266435380617
9528.219,35.76658783783783,43.10330135106468,-2.520903443974789
8938.661999999998,33.55353603603603,43.10352621804496,-2.5190849458426365
9403.927,35.30002627627627,43.105083783185535,-2.5175527858035287
9343.615,35.073629879879874,43.10463406976901,-2.5211898735493885
10250.426000000001,38.47757507507507,43.10175985781342,-2.5112384185523235
10250.426000000001,38.47757507507507,43.1015351320608,-2.5130568868415764
10250.426000000001,38.47757507507507,43.10286787981438,-2.5133431235076285
10250.426000000001,38.47757507507507,43.103092611469094,-2.511524615643042
10250.426000000001,38.47757507507507,43.10264311580414,-2.515161619048215
10250.426000000001,38.47757507507507,43.10420062485291,-2.5136293774732734
8715.927999999996,32.717447447447434,43.104425362410076,-2.5118108300311075
,,43.103975854939435,-2.5154479125902993
8715.927999999996,32.717447447447434,43.105758110636465,-2.512097061717957
8715.927999999996,32.717447447447434,43.10553336717646,-2.513915648739946
8476.225999999997,31.81766516516515,43.10399121452581,-2.504250460976286
8579.160999999996,32.20405780780779,43.105323989068744,-2.5045365170426743
9404.171,35.300942192192196,43.10665676089852,-2.5048225903988492
8476.225999999997,31.81766516516515,43.10243384093943,-2.5057829397631735
8499.429999999997,31.90476726726725,43.10198455121096,-2.5094199379417867
8499.429999999997,31.90476726726725,43.10354197771058,-2.5078875629481896
8476.225999999997,31.81766516516515,43.103766612296646,-2.5060690181210803
8499.429999999997,31.90476726726725,43.10331731076795,-2.509706095456037
8659.743999999997,32.50654654654653,43.104874740454115,-2.5081736981776883
8579.160999999996,32.20405780780779,43.10509938094027,-2.506355113769592
8586.930999999997,32.23322447447446,43.1046500676106,-2.5099922702653874
8659.743999999997,32.50654654654653,43.10620750048378,-2.5084598507014753
8659.743999999997,32.50654654654653,43.10643214687039,-2.5066412267101437
9403.927,35.30002627627627,43.1048589426553,-2.519371335841965
9403.927,35.30002627627627,43.106416510985454,-2.517839153533403
9343.615,35.073629879879874,43.10596678575703,-2.5214763204354487
9403.927,35.30002627627627,43.10619166454965,-2.5196577431504985
,,43.107749236069836,-2.5181255385716677
9409.756000000001,35.321906906906904,43.10729949902876,-2.521762784634387
9403.927,35.30002627627627,43.10752438372812,-2.519944167769673
8844.241000000002,33.19910285285286,43.10908195843877,-2.5184119409197594
8844.241000000002,33.19910285285286,43.10885710019076,-2.520230609700919
,,43.10863220958432,-2.5220492661476546
,,43.10530859135938,-2.515734223435666
,,43.10686610678515,-2.5142019373090854
8715.927999999996,32.717447447447434,43.10709085614834,-2.5123833107050197
,,43.10664132506407,-2.516020551585737
9977.689000000002,37.45378753753754,43.10819884367903,-2.514488243182121
9977.689000000002,37.45378753753754,43.10842359894576,-2.5126695769937375
,,43.10797405605359,-2.5163068970419604
9977.689000000002,37.45378753753754,43.109531577858164,-2.5147745663604897
9977.689000000002,37.45378753753754,43.10975633902885,-2.5129558605855307
9977.689000000002,37.45378753753754,43.109306784328034,-2.5165932598057568
9245.012999999999,34.70350225225225,43.108214117583756,-2.503289992828817
9404.171,35.300942192192196,43.10798953001524,-2.5051086810462446
9245.012999999999,34.70350225225225,43.10954688988709,-2.503576061178857
9607.048999999999,36.06249624624624,43.10932229641899,-2.5053947889862966
9323.626,34.998596096096094,43.1108796594779,-2.5038621468207403
9607.048999999999,36.06249624624624,43.11065506010984,-2.5056809142204357
,,43.098385574437984,-2.538514148272769
,,43.098610753124774,-2.5366958526471577
,,43.09883589946141,-2.5348775446781744
6308.899,23.682053303303302,43.09971823947917,-2.538800938873967
6308.899,23.682053303303302,43.09994342407912,-2.536982603688962
6308.899,23.682053303303302,43.10016857632815,-2.5351642561594425
6308.899,23.682053303303302,43.101050901800185,-2.5390877468062216
6308.899,23.682053303303302,43.10127609231368,-2.5372693720595683
6308.899,23.682053303303302,43.10150125047545,-2.535450984967268
6308.899,23.682053303303302,43.10238356140113,-2.539374572070953
5838.503,21.91630255255255,43.09703382298339,-2.549423662727335
5811.437000000001,21.814703453453454,43.0972591957638,-2.547605441195069
5838.503,21.91630255255255,43.098366452528985,-2.5497106906609943
5811.437000000001,21.814703453453454,43.09881717757678,-2.5460741561373603
5811.437000000001,21.814703453453454,43.0985918312273,-2.5478924295761596
5924.681,22.23979354354354,43.0999244639688,-2.5481794352995353
6030.005,22.635153903903905,43.0996990793522,-2.5499977359391637
5924.681,22.23979354354354,43.100149816235735,-2.5463611223047846
6030.005,22.635153903903905,43.10103170345315,-2.550284798563306
5924.681,22.23979354354354,43.10148245217319,-2.5466481058136807
,,43.09793512001528,-2.542150702487573
,,43.097709844280104,-2.5439689610736096
,,43.099493022528584,-2.540619261712892
,,43.09926777322775,-2.5424375722041477
,,43.09904249157704,-2.544255870346162
,,43.100375136152714,-2.5445427969565024
,,43.10082567893529,-2.5409061092056433
,,43.10060042371934,-2.5427244592562634
,,43.10170777800721,-2.544829740906069
,,43.10215833262154,-2.54119297403313
,,43.10193307149012,-2.543011363645358
,,43.10304041714061,-2.5451167021962915
,,43.10326571654016,-2.5432982853728667
,,43.10349098358741,-2.541479856196781
,,43.104373053553,-2.545403680828612
,,43.104598358869545,-2.5435852244402253
,,43.10482363183303,-2.541766755698038
,,43.106156277358416,-2.5420536725383354
,,43.10570568724445,-2.545690676804467
,,43.10593099847835,-2.54387218084887
6308.899,23.682053303303302,43.10260875782853,-2.537556157760417
6308.899,23.682053303303302,43.102833921903404,-2.5357377311030893
,,43.10371621828207,-2.539661414669614
6308.899,23.682053303303302,43.10394142062373,-2.5378429607929376
6308.899,23.682053303303302,43.104166590612074,-2.536024494568339
,,43.105048872443085,-2.539948274603627
,,43.105274080699374,-2.5381297811585717
,,43.10549925660157,-2.5363112753644512
,,43.10638152388426,-2.540235151874436
,,43.106606738055554,-2.538416618858755
6030.005,22.635153903903905,43.10125709398838,-2.5484664583666143
6294.245,23.62704579579579,43.102364324831896,-2.5505718785348312
6030.005,22.635153903903905,43.10258972128613,-2.548753498778852
,,43.10281508538917,-2.5469351066654804
,,43.10414771588375,-2.5472221248616194
6451.9890000000005,24.21917792792793,43.10369694348852,-2.5508589758551965
,,43.10392234586214,-2.549040556537676
,,43.10548034365703,-2.5475091604035405
6719.905,25.22486861861862,43.10525496771647,-2.5493276316445233
6719.905,25.22486861861862,43.10502955942311,-2.5511460905258336
7353.726,27.604076576576574,43.10683191987196,-2.536598073492866
7759.822999999999,29.12846471471471,43.10771417260569,-2.540522046483478
7353.726,27.604076576576574,43.107939392692344,-2.538703473894923
7353.726,27.604076576576574,43.108164580423306,-2.5368848889550177
7759.822999999999,29.12846471471471,43.109046818607425,-2.5408089584321805
7896.665,29.64213588588588,43.10927204460981,-2.538990346268505
7353.726,27.604076576576574,43.10949723825571,-2.5371717217523386
7896.665,29.64213588588588,43.11060469380806,-2.5392772359809452
7618.901999999999,28.599481981981974,43.110829893369264,-2.5374585718862734
8126.393000000001,30.504478228228226,43.11037946188957,-2.541095887721992
7092.464999999999,26.62336711711711,43.10703831821504,-2.5459776901252855
7092.464999999999,26.62336711711711,43.10726363536668,-2.544159154600239
7759.822999999999,29.12846471471471,43.10748892016369,-2.542340606719107
7092.464999999999,26.62336711711711,43.108596269534594,-2.5444461456957663
7092.464999999999,26.62336711711711,43.10837094646485,-2.5462647207925166
8126.393000000001,30.504478228228226,43.108821560248906,-2.5426275582417968
7421.548,27.85866366366366,43.10992890098218,-2.544733154136891
8126.393000000001,30.504478228228226,43.11015419761417,-2.542914527107834
7421.548,27.85866366366366,43.10970357199397,-2.546551768807586
7496.194,28.138866366366365,43.11126152970951,-2.545020179925053
6719.905,25.22486861861862,43.10636217263575,-2.5514332225481717
7092.464999999999,26.62336711711711,43.10658758684924,-2.549614724100835
7092.464999999999,26.62336711711711,43.10681296870909,-2.547796213292679
7430.304999999999,27.89153528528528,43.10769478312653,-2.551720371923661
7092.464999999999,26.62336711711711,43.10814559104003,-2.5480832835304663
7430.304999999999,27.89153528528528,43.10792020326047,-2.5499018339080375
7430.304999999999,27.89153528528528,43.109027390895506,-2.55200753865373
7092.464999999999,26.62336711711711,43.10947821064989,-2.548370371118346
7485.7519999999995,28.099669669669666,43.10925281695028,-2.550188961067586
7655.400999999999,28.736490240240233,43.11035999594276,-2.5522947227398207
7421.548,27.85866366366366,43.11081082753877,-2.548657476057749
7485.7519999999995,28.099669669669666,43.110585427918735,-2.5504761055809038
7679.837,28.828216966966966,43.1116925982684,-2.5525819241833716
7496.194,28.138866366366365,43.11214344170676,-2.548944598350122
7655.400999999999,28.736490240240233,43.111918036165946,-2.5507632674494367
7852.4980000000005,29.476343843843843,43.113025197872474,-2.552869142985818
8093.839000000001,30.382278528528527,43.113476053153924,-2.5492317379969
7810.197999999999,29.317560060060053,43.11325064169197,-2.55105044667462
8093.839000000001,30.382278528528527,43.11458324449687,-2.551337643257887
8093.839000000001,30.382278528528527,43.114808661880346,-2.5495188949995145
8715.927999999996,32.717447447447434,43.10598282173902,-2.510278462371272
9525.913999999999,35.75793543543543,43.10754025779966,-2.5087460205209813
9404.171,35.300942192192196,43.10776491008709,-2.5069273569441584
8715.927999999996,32.717447447447434,43.10731557315329,-2.510564671775128
9525.913999999999,35.75793543543543,43.10887301240184,-2.5090322076376372
9549.646999999999,35.847023273273265,43.109097670590444,-2.507213504473083
9525.913999999999,35.75793543543543,43.10864832185349,-2.5108508984783793
9549.646999999999,35.847023273273265,43.11043042838054,-2.507499669298342
9525.913999999999,35.75793543543543,43.110205764290384,-2.509318412052878
9699.505,36.4095533033033,43.10998106783969,-2.511137142482471
8844.241000000002,33.19910285285286,43.11041467809234,-2.5186983605791156
8844.241000000002,33.19910285285286,43.11018981393766,-2.520517068945676
8496.331,31.893134384384382,43.10996491742377,-2.5223357649766807
8638.752,32.427747747747745,43.11152252496891,-2.520803545505383
8638.752,32.427747747747745,43.111297622547205,-2.5226222811228944
8844.241000000002,33.19910285285286,43.111747395030626,-2.5189847975511634
8638.752,32.427747747747745,43.112855233284584,-2.5210900393814604
8638.752,32.427747747747745,43.1126303249547,-2.5229088145877414
9066.260000000002,34.03250750750751,43.113080109253694,-2.5192712518373415
9066.260000000002,34.03250750750751,43.11418793888478,-2.5213765505753556
10341.594000000003,38.819797297297306,43.11198782108788,-2.505967056750092
10341.594000000003,38.819797297297306,43.11221242635627,-2.5041482497558936
10341.594000000003,38.819797297297306,43.11354519052228,-2.5044343699857485
10341.594000000003,38.819797297297306,43.11332057935319,-2.506253216576709
10341.594000000003,38.819797297297306,43.113769769328236,-2.5026155110723076
10341.594000000003,38.819797297297306,43.114653334905846,-2.5065393937017095
10341.594000000003,38.819797297297306,43.115102536682215,-2.502901608998165
10341.594000000003,38.819797297297306,43.114877951976005,-2.5047205075117462
,,43.11598608774593,-2.5068255881265324
10320.092000000002,38.73908408408409,43.11131381111199,-2.5114234037888243
9699.505,36.4095533033033,43.111538513465376,-2.5096046337681392
9699.505,36.4095533033033,43.11176318345747,-2.50778585142137
10320.092000000002,38.73908408408409,43.112871259926926,-2.509890872784855
9752.101000000002,36.60698573573574,43.113095935821285,-2.508072050843601
10320.092000000002,38.73908408408409,43.11264655167047,-2.51170968239888
9752.101000000002,36.60698573573574,43.114204003675084,-2.510177129104457
9752.101000000002,36.60698573573574,43.114428685472085,-2.508358267566473
9558.368000000002,35.879759759759764,43.11397928951521,-2.5119959783140757
9616.359000000002,36.0974436936937,43.11531202464626,-2.5122822915358354
9977.689000000002,37.45378753753754,43.11108907639765,-2.5132421614818448
9977.689000000002,37.45378753753754,43.11086430932269,-2.51506090684562
9977.689000000002,37.45378753753754,43.11063950988747,-2.5168796398785687
10249.511000000002,38.474140390390396,43.11242181105226,-2.5135284796841066
10249.511000000002,38.474140390390396,43.11219703807264,-2.5153472646389474
8844.241000000002,33.19910285285286,43.111972232731986,-2.5171660372618296
9452.087000000001,35.480807057057056,43.11375454299276,-2.5138148151937516
9220.459,34.611332582582584,43.11352976410813,-2.5156336397419126
9014.876000000002,33.839624624624626,43.11330495286165,-2.517452451956966
9418.536000000002,35.35486486486487,43.115087272219235,-2.5141011680122216
8379.101,31.45308183183183,43.11396302464634,-2.5231953653726436
9066.260000000002,34.03250750750751,43.11441282076164,-2.51955772343909
9066.260000000002,34.03250750750751,43.11552064176955,-2.521663079088498
9066.260000000002,34.03250750750751,43.11574552955453,-2.5198442123578326
,,43.1152957216222,-2.5234819334790504
,,43.116628415882374,-2.5237685189083834
,,43.11685334193901,-2.52194962492233
,,43.117078235632476,-2.5201307185950164
9307.037,34.93632507507507,43.1181860393932,-2.5222361880782773
9307.037,34.93632507507507,43.11796110742692,-2.524055121662091
9752.101000000002,36.60698573573574,43.11576143240996,-2.508644501591415
9714.094000000001,36.46431681681682,43.11553674470995,-2.5104634027283725
9714.094000000001,36.46431681681682,43.11709417663497,-2.5089307529198592
9506.765000000001,35.686054804804805,43.11664475706373,-2.5125686220656007
9714.094000000001,36.46431681681682,43.11686948303159,-2.5107496936580485
11297.089000000002,42.406490240240245,43.11842691814722,-2.5092170215532454
9506.765000000001,35.686054804804805,43.11797748676771,-2.512854969904805
11297.089000000002,42.406490240240245,43.11820221864009,-2.5110360018949147
11297.089000000002,42.406490240240245,43.119759656946776,-2.509503307493004
11297.089000000002,42.406490240240245,43.11931021375826,-2.513141335054888
10341.594000000003,38.819797297297306,43.11643530132437,-2.5031877242193366
10341.594000000003,38.819797297297306,43.11621071071752,-2.505006662335319
11576.542000000003,43.455487987988,43.11731883787354,-2.507111799852615
,,43.11776806325474,-2.5034738567372736
11576.542000000003,43.455487987988,43.11754346674691,-2.5052928344578875
,,43.11910082247347,-2.5037600065533923
11576.542000000003,43.455487987988,43.11865158528872,-2.507398028881385
11576.542000000003,43.455487987988,43.11887622006425,-2.5055790238809035
11576.542000000003,43.455487987988,43.12043357898059,-2.504046173669136
11576.542000000003,43.455487987988,43.12020897066966,-2.5058652306057905
9220.459,34.611332582582584,43.11486248742922,-2.515920032155942
9238.106000000002,34.677575075075076,43.114637670276565,-2.517738883965421
9409.995,35.32280405405405,43.116419998731736,-2.514387538140937
9238.106000000002,34.677575075075076,43.1159703849768,-2.5180253332886346
9248.058,34.714932432432434,43.11619520803598,-2.5162064418824737
9248.058,34.714932432432434,43.11752792592853,-2.5164928689229433
9506.765000000001,35.686054804804805,43.1177527225304,-2.514673925581343
9238.106000000002,34.677575075075076,43.11730309696243,-2.518311799928028
,,43.118860641106906,-2.516779313278788
,,43.11863580623354,-2.518598283885041
9590.052000000001,35.998693693693696,43.11841093899552,-2.5204172421520683
9307.037,34.93632507507507,43.11929379625593,-2.524341741741599
9590.052000000001,35.998693693693696,43.11974363964377,-2.5207037830304277
9590.052000000001,35.998693693693696,43.119518734132235,-2.5225227685577796
9307.037,34.93632507507507,43.1206264823695,-2.5246283791483553
9590.052000000001,35.998693693693696,43.12107633757731,-2.5209903412315264
9946.566,37.33695945945946,43.120851426156165,-2.5228093663622757
9817.810000000001,36.85364114114114,43.122409032796185,-2.5212769167568037
9599.460000000001,36.034009009009004,43.12195916576771,-2.5249150338837785
9800.254,36.78774024024024,43.12218411546511,-2.5230959814932015
8034.728,30.160390390390386,43.108614858816736,-2.5332476820274823
7570.327,28.417143393393392,43.109065007783165,-2.52961042571349
7353.726,27.604076576576574,43.10838973579822,-2.5350662916653404
7581.666,28.459707207207206,43.110172625050986,-2.5317157741047045
7921.884000000001,29.736801801801803,43.11039768926741,-2.5298971001943777
7451.456999999999,27.97093468468468,43.10972239954479,-2.5353530848852666
7581.666,28.459707207207206,43.109947528476646,-2.5335344356688605
7799.831999999999,29.278648648648645,43.111505297905694,-2.5320025054962745
7985.5070000000005,29.975626876876877,43.11173036803427,-2.530183792002878
7618.901999999999,28.599481981981974,43.11105506057284,-2.535639895439551
8141.6539999999995,30.56176426426426,43.10929003373037,-2.5277917790405238
8141.6539999999995,30.56176426426426,43.10951502731977,-2.525973120025683
8496.882,31.895202702702697,43.10973998855103,-2.5241544486705423
8453.747000000001,31.733284534534537,43.11107268776585,-2.5244410044021306
8191.378,30.748415915915913,43.11084772062521,-2.52625971534151
7898.578,29.649316816816814,43.11062272112561,-2.528078413939451
8379.101,31.45308183183183,43.11240538426436,-2.5247275774545987
8154.260000000001,30.609084084084085,43.11218041121395,-2.5265463279804607
8241.044,30.934849849849847,43.11195540580379,-2.528365066163747
8378.663,31.451437687687687,43.11373807804667,-2.5250141678293745
7583.648,28.467147147147145,43.11128019541843,-2.533821206642357
7799.831999999999,29.278648648648645,43.112837968042705,-2.5322892542191466
7994.462,30.00924174174174,43.11306304408379,-2.530470501140434
7799.831999999999,29.278648648648645,43.112612859642155,-2.5341079949494048
7679.074,28.82535285285285,43.112387718882474,-2.535926723329632
8895.643,33.3920533033033,43.113945521147905,-2.5343948005914374
8119.092,30.47707207207207,43.11372037447377,-2.53621356855695
7994.462,30.00924174174174,43.11417063546213,-2.5325760202747594
8895.643,33.3920533033033,43.11527817993578,-2.5346816235698992
8725.393,32.75297672672672,43.11505302734683,-2.5365004311229398
9318.951000000001,34.9810472972973,43.11328808776504,-2.528651735714851
9133.035000000002,34.283164414414415,43.11351309908612,-2.5268329579439706
8126.371,30.50439564564564,43.11439571741608,-2.5307572276084835
9318.951000000001,34.9810472972973,43.11462076700941,-2.528938422594196
9133.035000000002,34.283164414414415,43.11484578424177,-2.5271196052334757
9133.035000000002,34.283164414414415,43.115070769112826,-2.525300775527896
9058.753,34.004328078078075,43.11572838803121,-2.531043971408459
9133.035000000002,34.283164414414415,43.11640345746291,-2.525587400551607
8399.1,31.528153153153152,43.11595344353699,-2.529225126803221
9133.035000000002,34.283164414414415,43.116178466681006,-2.527406269850411
9764.243,36.65256381381381,43.11550330016402,-2.532862803664546
8764.987000000001,32.901602852852854,43.11661083600584,-2.534968463886213
8764.987000000001,32.901602852852854,43.1163856775017,-2.536787311029035
8515.399,31.964710960960954,43.116835962148485,-2.5331496043899455
8764.987000000001,32.901602852852854,43.11794348935817,-2.5352553215418308
9281.506000000001,34.84048798798799,43.11816862141556,-2.5334364224523918
8764.987000000001,32.901602852852854,43.11771832493847,-2.5370742082766777
9214.806,34.590112612612614,43.11905096965724,-2.5373611228673014
9281.506000000001,34.84048798798799,43.11950127796536,-2.533723257853322
9281.506000000001,34.84048798798799,43.11927613999284,-2.53554219653818
8515.399,31.964710960960954,43.11706105592927,-2.531330732541801
9307.037,34.93632507507507,43.117736143097034,-2.5258740429019295
9058.753,34.004328078078075,43.11728611734785,-2.5295118483433634
8399.1,31.528153153153152,43.117511146403885,-2.5276929517962103
8515.399,31.964710960960954,43.11839372111033,-2.531617511009938
8773.594000000001,32.93391141141141,43.11861878844209,-2.5297985872160536
9307.037,34.93632507507507,43.119068826015244,-2.5261607025803072
8773.594000000001,32.93391141141141,43.118843823410515,-2.527979651072315
8730.088,32.770600600600595,43.11972638357446,-2.5319043068143166
8913.477,33.45899774774775,43.11995145681977,-2.5300853434227344
9307.037,34.93632507507507,43.12040150621765,-2.5264473795881717
8913.477,33.45899774774775,43.12017649770095,-2.5282663676801604
8931.090000000002,33.52511261261262,43.12105904332178,-2.5321911199563654
10486.275000000003,39.36289414414416,43.121509169275285,-2.528553101621181
8931.090000000002,33.52511261261262,43.12128412248099,-2.53037211696484
9599.460000000001,36.034009009009004,43.1217341837043,-2.5267340739269666
9095.953000000001,34.14396771771772,43.122391700352345,-2.532477950437527
9186.529,34.48396771771772,43.12261678542583,-2.5306589078438058
10486.275000000003,39.36289414414416,43.1228418381336,-2.5288398528968106
10486.275000000003,39.36289414414416,43.123066858475305,-2.5270207855981224
9214.806,34.590112612612614,43.120383611658085,-2.537648054802349
8964.18,33.649324324324326,43.120608787909966,-2.5358290888767017
8964.18,33.649324324324326,43.120833931797975,-2.5340101105941786
9214.806,34.590112612612614,43.12171625094106,-2.537935004083253
8979.348,33.706261261261254,43.1219414331096,-2.5361159985588286
9348.0,35.090090090090094,43.12216658291346,-2.534296980676396
9962.573,37.39704579579579,43.12304888750627,-2.538221970711445
9851.482000000002,36.98003753753754,43.12327407559182,-2.536402925586005
9275.498000000001,34.81793543543544,43.123499231311925,-2.5345838681014077
9926.042000000001,37.25991741741742,43.1243815213538,-2.538508954688376
9309.160000000002,34.944294294294295,43.123724354666216,-2.532764798259236
10472.379000000003,39.31073198198199,43.12417450427596,-2.52912662150849
9186.529,34.48396771771772,43.12394944565434,-2.5309457160610687
10472.379000000003,39.31073198198199,43.12439953053074,-2.5273075146030757
9559.208,35.882912912912914,43.125057006263496,-2.5330516634229268
9741.453000000001,36.56701576576577,43.12528210316664,-2.53123254161807
10289.106000000003,38.62277027027028,43.125732199870676,-2.5275942609432707
9741.453000000001,36.56701576576577,43.12550716770249,-2.5294134074576577
9693.001000000002,36.385138888888896,43.1266147579628,-2.5315193845162427
10179.220000000001,38.21028528528529,43.127064866495196,-2.5278810246201364
9811.743,36.830867117117116,43.12460671535673,-2.5366898699596603
9418.775000000001,35.355762012012015,43.12483187699341,-2.5348707728706503
9748.065,36.591835585585585,43.12571415248371,-2.5387959560154743
9598.201000000001,36.02928303303303,43.12593935240438,-2.536976831681241
9694.365000000002,36.390259009009014,43.126164519958024,-2.5351576949855694
9830.342,36.90068318318318,43.12704678089609,-2.539082974694185
9951.442000000001,37.35526276276276,43.12727198673488,-2.537263810752178
9694.365000000002,36.390259009009014,43.127497160205834,-2.5354446344476003
9993.859,37.51448573573574,43.128379406591016,-2.539370010725943
10105.151000000002,37.9322484984985,43.12882979773695,-2.535731591258173
7671.097000000001,28.795409159159156,43.11216254576403,-2.53774543935825
8216.206999999999,30.84161786786786,43.11171210245221,-2.5413828343543416
8259.954,31.005833333333328,43.11193734028715,-2.5395641430336826
8071.830999999999,30.29966591591591,43.11349519544007,-2.5380323241697145
8316.768,31.219099099099097,43.113044740295415,-2.5416697983306653
8326.023,31.253840090090083,43.11326998404718,-2.539851067428143
8071.830999999999,30.29966591591591,43.114827842397524,-2.538319226322091
8211.262999999999,30.823059309309304,43.11437737541926,-2.541956779652407
8071.830999999999,30.29966591591591,43.11460262508821,-2.5401380091657737
8236.312,30.917087087087086,43.11616048663643,-2.5386061458168276
7421.548,27.85866366366366,43.11103619480247,-2.5468388341719437
8294.329,31.134868618618615,43.111486832259544,-2.5432015133186545
7771.487,29.172248498498497,43.11281946418512,-2.5434885168757053
7496.194,28.138866366366365,43.11236881489046,-2.5471259168870093
7738.784000000001,29.04948948948949,43.112594155716685,-2.5453072230616773
7833.972000000001,29.4068018018018,43.114152093390985,-2.5437755377804145
8093.839000000001,30.382278528528527,43.11370143225797,-2.5474130169542377
7738.784000000001,29.04948948948949,43.11392677900379,-2.5455942835482177
8093.839000000001,30.382278528528527,43.11503404690513,-2.54770013437506
8211.262999999999,30.823059309309304,43.11548471987721,-2.5440625760342246
7852.4980000000005,29.476343843843843,43.11435779475509,-2.5531563791486
8093.839000000001,30.382278528528527,43.11614126788611,-2.549806069359412
8093.839000000001,30.382278528528527,43.11591584458077,-2.5516248572006854
9746.329000000002,36.58531906906907,43.1156903889163,-2.5534436326731553
9746.329000000002,36.58531906906907,43.11724844194373,-2.5519120885044484
9533.402000000002,35.78604354354355,43.11747387117131,-2.5500932610780254
9746.329000000002,36.58531906906907,43.11702298035622,-2.5537309035609246
9746.329000000002,36.58531906906907,43.11835556907489,-2.5540181918133436
9533.402000000002,35.78604354354355,43.118806471736,-2.550380470156796
9746.329000000002,36.58531906906907,43.11858103658581,-2.5521993371706113
8236.312,30.917087087087086,43.11593526341034,-2.5404249682480096
8960.784000000001,33.63657657657658,43.11571000782382,-2.542243778320999
8960.784000000001,33.63657657657658,43.11749312815685,-2.538893082655357
8960.784000000001,33.63657657657658,43.11704263750921,-2.542530794337882
8960.784000000001,33.63657657657658,43.11726789901365,-2.5407119446762847
9513.058,35.70967717717718,43.11837526447547,-2.5428178277044924
9513.058,35.70967717717718,43.11882576695891,-2.539180036839116
9513.058,35.70967717717718,43.118600531898196,-2.540998938452038
9513.058,35.70967717717718,43.11993316206409,-2.5412859495767117
8497.575,31.897804054054056,43.11970788872271,-2.5431048784222643
7833.972000000001,29.4068018018018,43.11525939957087,-2.545881361386108
8093.839000000001,30.382278528528527,43.116366658831986,-2.547987269150915
8960.784000000001,33.63657657657658,43.11681734364388,-2.5443496316385734
8093.839000000001,30.382278528528527,43.11659201741802,-2.5461684565767757
8497.575,31.897804054054056,43.11814996469107,-2.544636704594896
9533.402000000002,35.78604354354355,43.117699268038635,-2.5482744212832413
8497.575,31.897804054054056,43.11792463254534,-2.5464555691216706
9533.402000000002,35.78604354354355,43.11903187452515,-2.548561590773475
8653.768,32.484114114114114,43.11925724495288,-2.546742699022224
8497.575,31.897804054054056,43.11948258301885,-2.544923794904628
9513.058,35.70967717717718,43.12015840304267,-2.5394670083695443
9475.524000000001,35.568783783783786,43.12126578951141,-2.541572978051738
9684.011000000002,36.351392642642644,43.12104051025099,-2.5433919464926387
9475.524000000001,35.568783783783786,43.12149103640822,-2.5397539972480794
9475.524000000001,35.568783783783786,43.12259841424022,-2.5418600238785545
9684.011000000002,36.351392642642644,43.122373129060406,-2.54367903191706
9475.524000000001,35.568783783783786,43.12282366705563,-2.540041003476158
9827.078000000001,36.88843093093093,43.123931036250596,-2.542147087058605
9505.833,35.6825563063063,43.123705745151035,-2.543966134696954
9926.042000000001,37.25991741741742,43.12415629498497,-2.5403280270552173
9206.003,34.557068318318315,43.1199136285071,-2.552486603200618
9206.003,34.557068318318315,43.12013906958028,-2.5506676965971598
9624.923000000003,36.12959084084085,43.11968815507243,-2.554305497431854
9497.392000000002,35.650870870870875,43.12124621770771,-2.5527738865959098
9672.406,36.30783033033033,43.12102073834888,-2.554592820417892
10001.358000000002,37.542635135135136,43.12147166470424,-2.550954940400558
9497.392000000002,35.650870870870875,43.12257880418768,-2.553061187357924
9237.474,34.6752027027027,43.12280425710793,-2.5512422015684324
9672.406,36.30783033033033,43.122353318904366,-2.5548801607728993
9497.392000000002,35.650870870870875,43.12391138794712,-2.5533485054880916
8772.466,32.929677177177176,43.12081519862732,-2.545210902569215
9533.402000000002,35.78604354354355,43.12036447829161,-2.548848777623054
8772.466,32.929677177177176,43.120589854640734,-2.5470298462798797
9684.011000000002,36.351392642642644,43.12214781151656,-2.5454980275900896
8772.466,32.929677177177176,43.12192246160901,-2.5473170108960717
9033.389000000001,33.90911786786787,43.121697079338134,-2.5491359818334205
9096.201000000001,34.14489864864865,43.12302967766473,-2.5494232034060085
9236.715,34.672353603603604,43.123255065857755,-2.547604192872235
9533.765000000001,35.78740615615616,43.12348042168664,-2.5457851699686938
9554.861,35.866595345345345,43.124587667387054,-2.547891392209819
9237.474,34.6752027027027,43.12436227327154,-2.5497104423422634
9526.843,35.76142267267267,43.12481302913765,-2.5460723297064596
9699.345000000001,36.4089527027027,43.126145633869655,-2.5463595068048326
9392.732000000002,35.258003003003004,43.12569486615861,-2.5499976986436224
9851.436000000002,36.97986486486487,43.125920266197,-2.5481786089102565
10112.825000000003,37.96105480480481,43.12702745632605,-2.5502849723115215
10287.856000000003,38.618078078078085,43.127252862287655,-2.5484658429749865
9840.843000000003,36.94010135135136,43.127478235882755,-2.5466467012652516
10326.752000000002,38.76408408408409,43.12836004377391,-2.5505722633474
10529.176000000003,39.52393393393394,43.12858545565911,-2.548753094405449
9237.474,34.6752027027027,43.12413684679144,-2.551529480102215
9920.558000000003,37.239331831831834,43.12368589673894,-2.5551675184983207
9920.558000000003,37.239331831831834,43.125018471852684,-2.5554548935955848
9392.732000000002,35.258003003003004,43.125469433754866,-2.55181677600335
9920.558000000003,37.239331831831834,43.1252439689861,-2.553635840987863
10112.825000000003,37.96105480480481,43.12680201799829,-2.5521040892732745
10342.486000000003,38.82314564564565,43.12635104424568,-2.5557422860661334
10342.486000000003,38.82314564564565,43.1265765473047,-2.5539231938586737
10554.506000000003,39.61901651651653,43.128134599521765,-2.5523914199134308
10342.486000000003,38.82314564564565,43.12768361391801,-2.556029695911414
11576.542000000003,43.455487987988,43.119984329991595,-2.507684275214274
,,43.1217663327762,-2.5043323580859354
11576.542000000003,43.455487987988,43.12154171856315,-2.506151454633985
11576.542000000003,43.455487987988,43.121317071982205,-2.5079705388527236
11140.199000000004,41.81756381381383,43.12264981126067,-2.5082568197981674
11140.199000000004,41.81756381381383,43.12309908386037,-2.504618559805229
11140.199000000004,41.81756381381383,43.12287446374487,-2.506437695966922
11140.199000000004,41.81756381381383,43.12398254782706,-2.508543118052034
11140.199000000004,41.81756381381383,43.12420720621487,-2.5067239546060343
11140.199000000004,41.81756381381383,43.12443183223319,-2.504904778828446
11297.089000000002,42.406490240240245,43.119534951535556,-2.511322327440401
10643.754000000003,39.95403153153154,43.12064293803548,-2.5134277175172666
11297.089000000002,42.406490240240245,43.12086768171801,-2.511608670295948
11297.089000000002,42.406490240240245,43.12109239303372,-2.5097896107405697
10643.754000000003,39.95403153153154,43.12197565959943,-2.513714117293398
10643.754000000003,39.95403153153154,43.122200409187606,-2.5118950304629832
10643.754000000003,39.95403153153154,43.12242512640813,-2.5100759312973815
10452.379000000003,39.23565690690691,43.1233083784502,-2.5140005343847056
10643.754000000003,39.95403153153154,43.123533133944385,-2.5121814079429523
10996.307000000003,41.27742867867868,43.12375785707012,-2.510362269164869
,,43.11908544361526,-2.51496033033487
10015.303000000002,37.59498123123124,43.120193353571224,-2.517065774951434
10015.303000000002,37.59498123123124,43.119968512790216,-2.51888478516112
10015.303000000002,37.59498123123124,43.12041816198643,-2.5152467524029607
10015.303000000002,37.59498123123124,43.121526063321554,-2.5173522539423288
10015.303000000002,37.59498123123124,43.12130121663255,-2.519171303757686
10015.303000000002,37.59498123123124,43.121750877643954,-2.515533191787039
10410.234000000002,39.07745495495496,43.122858770357965,-2.5176387502529
10277.593000000003,38.579553303303314,43.1226339177606,-2.5194578396761798
10423.044000000002,39.12554054054054,43.12308359058795,-2.5158196484885464
10037.971000000001,37.68007132132132,43.123516802059115,-2.5233826139519846
10116.613000000001,37.975274024024024,43.12374172530051,-2.521563509607699
10306.067000000003,38.68643768768769,43.12329184645061,-2.5252017059493204
10116.613000000001,37.975274024024024,43.125074415090374,-2.521850119785639
10037.971000000001,37.68007132132132,43.1248494859383,-2.523669263740072
10162.827000000001,38.14875,43.1246245244183,-2.525488395346414
10371.688000000002,38.93276276276276,43.12640710216583,-2.5221367472920675
10065.888,37.784864864864865,43.12595719967088,-2.525775102076487
10309.497000000003,38.69931306306307,43.1261821671027,-2.5239559308588966
10492.060000000001,39.38460960960961,43.12728987220838,-2.5260618261409884
9403.756000000001,35.29938438438439,43.12576457789475,-2.505191015157025
11076.032000000003,41.5766966966967,43.125315281681445,-2.5088294336157677
11140.199000000004,41.81756381381383,43.12553994597324,-2.5070102305527553
,,43.12687268302004,-2.507296523808525
11076.032000000003,41.5766966966967,43.1266480128239,-2.509115766490792
9403.756000000001,35.29938438438439,43.12709732084511,-2.505477268792397
9191.215000000002,34.501557807807814,43.12820541735538,-2.5075828343747784
9806.185000000001,36.810003753753755,43.128430061084366,-2.505763539735997
9191.215000000002,34.501557807807814,43.12798074125453,-2.5094021166785527
9191.215000000002,34.501557807807814,43.12953814897933,-2.507869162252942
10326.771000000002,38.76415540540541,43.124416300818474,-2.516106122508919
10573.121000000003,39.68889264264265,43.12419147468055,-2.5179252638845844
10277.593000000003,38.579553303303314,43.12396661617446,-2.5197443929180365
10663.024000000003,40.026366366366375,43.125524176289396,-2.518211794838819
10663.024000000003,40.026366366366375,43.12529931187419,-2.5200309634846962
10831.598000000002,40.659151651651655,43.125749008335625,-2.51639261384959
10831.598000000002,40.659151651651655,43.12685687518457,-2.518498343117037
10831.598000000002,40.659151651651655,43.127081713139475,-2.5166791225119995
10411.025000000001,39.080424174174176,43.1266320048599,-2.520317551377588
9902.998000000001,37.17341591591592,43.12818957136616,-2.518784908720682
10326.771000000002,38.76415540540541,43.124641094587886,-2.514286968792625
11076.032000000003,41.5766966966967,43.124865855988425,-2.512467802737281
11076.032000000003,41.5766966966967,43.12509058501971,-2.5106486243444657
10831.598000000002,40.659151651651655,43.12597380801255,-2.5145734205185946
11076.032000000003,41.5766966966967,43.126423310257046,-2.5109349968376162
11076.032000000003,41.5766966966967,43.1261985753198,-2.512754214847407
10831.598000000002,40.659151651651655,43.127306518724275,-2.514859889564048
,,43.12753129193862,-2.5130406442747693
9278.062000000002,34.82756006006006,43.12775603278215,-2.511221386645743
9278.062000000002,34.82756006006006,43.12886400584497,-2.5133270910208005
10492.060000000001,39.38460960960961,43.12751484555243,-2.5242426153098902
10491.870000000003,39.3838963963964,43.127739786526966,-2.5224233921284185
10614.511,39.84426051051051,43.12884752128756,-2.5245293170944962
10614.511,39.84426051051051,43.12862254203093,-2.5263485675413517
10614.511,39.84426051051051,43.12907246817388,-2.522710054296131
10627.844000000001,39.89430930930931,43.129955209138615,-2.526635326279008
10614.511,39.84426051051051,43.130405147106636,-2.5229967337966346
10627.844000000001,39.89430930930931,43.13018019430816,-2.5248160362141476
10627.844000000001,39.89430930930931,43.131512864614336,-2.525102772670284
10627.844000000001,39.89430930930931,43.131287873531484,-2.5269221023554
9191.215000000002,34.501557807807814,43.12931346697341,-2.50968848418048
9806.185000000001,36.810003753753755,43.1297627986126,-2.506049827989265
9191.215000000002,34.501557807807814,43.13064618998059,-2.5099748689980066
8949.258000000002,33.59331081081081,43.131095533429885,-2.5063361335536323
9178.855000000001,34.45516141141141,43.13087087789197,-2.508155507444462
9757.751,36.628194444444446,43.132428265536326,-2.5066224564305357
8949.258000000002,33.59331081081081,43.132203604093384,-2.508441869950762
9104.290000000003,34.17526276276276,43.13197891027618,-2.5102612711325785
9757.751,36.628194444444446,43.13353632758364,-2.508728249773294
9757.751,36.628194444444446,43.13376099493198,-2.5069087966214045
9278.062000000002,34.82756006006006,43.129088752595145,-2.5115077937702917
9836.967,36.9255518018018,43.128639226723166,-2.5151463759304225
9278.062000000002,34.82756006006006,43.13019671703889,-2.513613555086936
9278.062000000002,34.82756006006006,43.13042146969611,-2.5117942182126938
9836.967,36.9255518018018,43.129971932009276,-2.515432879619155
9570.241000000002,35.924328078078084,43.13152942552049,-2.5139000364746114
9472.263,35.5565427927928,43.13130463458268,-2.515719400631672
9570.241000000002,35.924328078078084,43.13175418408511,-2.5120806599743846
9570.241000000002,35.924328078078084,43.13286213128986,-2.514186535185265
9570.241000000002,35.924328078078084,43.13308689576224,-2.512367119056803
,,43.117992627396724,-2.5016548666923333
,,43.119325392516,-2.5019409769004253
9432.973000000002,35.40905780780781,43.12088269849973,-2.500408022817631
9432.973000000002,35.40905780780781,43.120658154924065,-2.502227104405885
9071.558000000003,34.0523948948949,43.1226644659423,-2.4970558486322516
9071.558000000003,34.0523948948949,43.1239972406284,-2.497341891885593
8826.306000000002,33.131779279279286,43.12533001260459,-2.497627952433848
9432.973000000002,35.40905780780781,43.12243998120438,-2.4988749944817363
,,43.12199091462098,-2.502513249210157
9432.973000000002,35.40905780780781,43.12221546409716,-2.5006941280082273
8826.306000000002,33.131779279279286,43.123772749991176,-2.499161077353266
,,43.12332367160681,-2.502799411314668
,,43.12354822698388,-2.500980250496818
8826.306000000002,33.131779279279286,43.125105516067734,-2.4994471775219744
,,43.12465642588167,-2.503085590720853
,,43.12488098715997,-2.501266390284835
8826.306000000002,33.131779279279286,43.126662781871,-2.497914030278465
9236.308,34.67082582582582,43.1264382794341,-2.499733294989287
9403.756000000001,35.29938438438439,43.12621374462554,-2.5015525473737057
9403.756000000001,35.29938438438439,43.12598917744563,-2.503371787430144
9236.308,34.67082582582582,43.12777104009039,-2.5000194297566365
9403.756000000001,35.29938438438439,43.127321926298755,-2.503658001443987
9403.756000000001,35.29938438438439,43.12754649938065,-2.5018387217648703
9236.308,34.67082582582582,43.12887925142536,-2.5021249134597654
9236.308,34.67082582582582,43.12910379803665,-2.500305581825461
9806.185000000001,36.810003753753755,43.12865467244113,-2.503944232763799
8410.028000000002,31.56917417417418,43.130436553273,-2.5005917511972027
9806.185000000001,36.810003753753755,43.12998741587288,-2.504230481391028
9806.185000000001,36.810003753753755,43.1302120007598,-2.5024111224598102
8593.254000000003,32.256959459459466,43.1317693057995,-2.5008779378732795
8762.074000000002,32.890668168168176,43.13132015659403,-2.504516747327104
8593.254000000003,32.256959459459466,43.13154474738401,-2.50269734876646
8169.991000000001,30.668134384384384,43.13310205561623,-2.5011641418551416
8621.344000000001,32.3624024024024,43.13265289460468,-2.5048030305734645
8621.344000000001,32.3624024024024,43.13287749129809,-2.5029835923811365
8169.991000000001,30.668134384384384,43.13443480272327,-2.5014503631442113
8621.344000000001,32.3624024024024,43.13398562990492,-2.5050893311315416
8621.344000000001,32.3624024024024,43.13421023250213,-2.503269853305286
8169.991000000001,30.668134384384384,43.135767547120714,-2.5017366017419356
,,43.13531836249483,-2.5053756490027723
,,43.1355429709962,-2.5035561315403303
8944.788999999997,33.57653528528527,43.136651092374485,-2.5056619841885923
8944.788999999997,33.57653528528527,43.136875706780394,-2.5038424270877138
8944.788999999997,33.57653528528527,43.13798381954396,-2.505948336690437
8944.788999999997,33.57653528528527,43.13820843985477,-2.504128739948866
8741.319,32.81275900900901,43.13931654400336,-2.506234706509744
8944.788999999997,33.57653528528527,43.139541170219424,-2.504415070125228
8763.295,32.8952515015015,43.140649265752735,-2.506521093647947
8763.295,32.8952515015015,43.140873897874435,-2.5047014176182363
8054.305999999997,30.233881381381366,43.14198198479218,-2.506807498106487
7952.327999999998,29.85108108108107,43.14220662281988,-2.504987782429324
,,43.14243122846672,-2.5031680544105157
7952.327999999998,29.85108108108107,43.14353934505584,-2.505274164559928
9984.649000000001,37.479913663663666,43.127964695131666,-2.5206041565981554
9902.998000000001,37.17341591591592,43.12841441523011,-2.516965648497573
9984.649000000001,37.479913663663666,43.12929738268957,-2.520890779147827
9836.967,36.9255518018018,43.12974711460761,-2.517252191807759
9984.649000000001,37.479913663663666,43.12952226483425,-2.5190714916511787
10107.941,37.94272147147147,43.13063006753367,-2.521177419028052
10107.941,37.94272147147147,43.13085495558893,-2.519358091909973
10107.941,37.94272147147147,43.13107981127205,-2.5175387524439894
9472.263,35.5565427927928,43.132412505223506,-2.5178253304076974
10107.941,37.94272147147147,43.131962749664076,-2.5214640762402527
9472.263,35.5565427927928,43.1326373344435,-2.5160059389694243
9291.958999999999,34.879725975975965,43.13419483434706,-2.514473051220332
8909.31,33.44335585585585,43.134419604727555,-2.5126535954613827
9313.315,34.95989114114114,43.13397003159177,-2.51629249463384
9291.958999999999,34.879725975975965,43.13552753469218,-2.5147595845812516
8909.31,33.44335585585585,43.135752310981175,-2.5129400891895584
9291.958999999999,34.879725975975965,43.13530272602762,-2.5165790676263593
8909.31,33.44335585585585,43.13708501452314,-2.513226600242773
10920.829000000002,40.994102852852855,43.136635417751094,-2.516865657948417
8909.31,33.44335585585585,43.13686023232529,-2.515046135269455
10107.941,37.94272147147147,43.13218764363025,-2.5196447094984986
10107.941,37.94272147147147,43.133520328958326,-2.5199313444181928
9313.315,34.95989114114114,43.13374519646209,-2.5181119257003215
10266.07,38.536298798798796,43.133295429080846,-2.5217507507858747
9313.315,34.95989114114114,43.13507788498785,-2.518398538323302
10048.144,37.71825825825826,43.13462810578409,-2.522037442666352
10048.144,37.71825825825826,43.134853011573234,-2.520217996670491
10920.829000000002,40.994102852852855,43.13618569147503,-2.520504666256832
10920.829000000002,40.994102852852855,43.13641057080089,-2.5186851682780707
10574.981000000002,39.69587462462462,43.13596077977385,-2.5223241518831263
9104.290000000003,34.17526276276276,43.13331162786027,-2.510547690585616
,,43.135093721616926,-2.507195154127685
,,43.13486904836284,-2.509014646913475
8909.31,33.44335585585585,43.13464434273293,-2.5108341273585686
8909.31,33.44335585585585,43.13620176643106,-2.5093010613727524
8538.589999999998,32.05176426426426,43.136426445591255,-2.5074815289508003
8909.31,33.44335585585585,43.13597705489424,-2.511120581452869
8457.214999999998,31.746302552552542,43.137534481788364,-2.5095874931525604
8538.589999999998,32.05176426426426,43.13775916685505,-2.5077679210921975
8909.31,33.44335585585585,43.13730976434429,-2.511407052869948
8909.31,33.44335585585585,43.13841771535357,-2.5135131286224563
9010.991,33.825041291291285,43.13819292724649,-2.515332703286383
10920.829000000002,40.994102852852855,43.13796810676227,-2.5171522656014496
9010.991,33.825041291291285,43.13930079306125,-2.517438890586892
9010.991,33.825041291291285,43.13952561945586,-2.5156192886334714
9010.991,33.825041291291285,43.13975041347252,-2.5137996743300484
9010.991,33.825041291291285,43.140858308953455,-2.5159058913121592
8655.917,32.49218093093093,43.14108310888008,-2.514086237366981
8979.652,33.7074024024024,43.14063347664812,-2.5177255329061867
8655.917,32.49218093093093,43.14241580157633,-2.514372817734702
10920.829000000002,40.994102852852855,43.137743253901256,-2.518971815566064
10044.712,37.705375375375375,43.13751836866379,-2.520791353178655
9900.17,37.1628003003003,43.13729345105024,-2.5226108784376264
9797.694,36.77813063063062,43.13862611961333,-2.5228976223312993
9298.438,34.90404654654654,43.13907593428907,-2.5192584801887254
9489.945000000002,35.62291666666667,43.13885104313964,-2.5210780574373874
9328.876,35.018303303303306,43.14040861196439,-2.5195451621474865
9328.876,35.018303303303306,43.14018371490263,-2.5213647790344793
9685.105000000001,36.355499249249256,43.13995878546319,-2.523184383565576
9154.813,34.36491366366366,43.1417412869273,-2.5198318614437896
8496.613,31.894192942942936,43.13909188540838,-2.5080543305533056
8457.214999999998,31.746302552552542,43.138867194434866,-2.5098739422543352
8457.214999999998,31.746302552552542,43.138642471083145,-2.511693541611246
8635.176,32.41432432432432,43.14042460125135,-2.50834075733557
8635.176,32.41432432432432,43.13997517511089,-2.5119800476781986
8635.176,32.41432432432432,43.140199904370625,-2.510160408679515
8184.9209999999985,30.724177927927922,43.14175731438401,-2.5086272014404147
8135.984999999997,30.54048423423422,43.14130787642761,-2.512266571072248
8135.984999999997,30.54048423423422,43.14153261159571,-2.5104468924295307
8140.000999999998,30.5555593093093,43.143090024806476,-2.508913662869283
8655.917,32.49218093093093,43.1426405750334,-2.512553111794822
8140.000999999998,30.5555593093093,43.14286531611021,-2.5107333935058223
7952.327999999998,29.85108108108107,43.14442273251879,-2.509200141623616
8874.455,33.31251876876876,43.14397327092829,-2.5128396698473643
8140.000999999998,30.5555593093093,43.14419801791423,-2.5110199119098255
8567.874,32.16168918918918,43.145755437521075,-2.509486637704843
8567.874,32.16168918918918,43.14530596411244,-2.513126245231311
8567.874,32.16168918918918,43.14553071700783,-2.5113064476429847
8643.583999999999,32.44588588588588,43.14708813981338,-2.5097731511144015
8567.874,32.16168918918918,43.14663865458588,-2.5134128379480956
8655.917,32.49218093093093,43.1421909957394,-2.516192511323879
9154.813,34.36491366366366,43.14196615752294,-2.5180121925607666
8705.179,32.677098348348345,43.14352367981374,-2.516479148670068
8874.455,33.31251876876876,43.14374849156135,-2.514659415434641
8705.179,32.677098348348345,43.14329883568579,-2.5182988695520767
9457.547000000002,35.50130255255256,43.14463151113678,-2.5185855638815458
8874.455,33.31251876876876,43.14508117883523,-2.514946030468233
8874.455,33.31251876876876,43.14485636117656,-2.516765803352175
9457.547000000002,35.50130255255256,43.145964183875954,-2.5188722755506165
8137.252999999997,30.54524399399398,43.14618903982795,-2.5170524753716235
9353.820000000002,35.111936936936935,43.14151638395285,-2.5216515179713612
9353.820000000002,35.111936936936935,43.14129144859992,-2.5234711621418993
9154.813,34.36491366366366,43.1430739591779,-2.520118578079072
9353.820000000002,35.111936936936935,43.14284905029037,-2.521938274249476
9353.820000000002,35.111936936936935,43.142624109023586,-2.523757958061703
9457.547000000002,35.50130255255256,43.14440662871624,-2.5204053120547703
9457.547000000002,35.50130255255256,43.14418171391528,-2.5222250478702555
,,43.143956766734284,-2.524044771326431
,,43.14528942173207,-2.5243316019375133
,,43.14551437482767,-2.5225118388351455
,,43.14376395660824,-2.5034543968902785
7952.327999999998,29.85108108108107,43.14331470112179,-2.5070939198867936
8419.044999999998,31.60302177177176,43.145096682040744,-2.5037407566887353
8419.044999999998,31.60302177177176,43.1448720645824,-2.5055605640114886
7952.327999999998,29.85108108108107,43.14464741474164,-2.507380358990306
8419.044999999998,31.60302177177176,43.14620478139964,-2.505846980785431
8402.731999999998,31.541786786786776,43.145980125651796,-2.507666815418463
8419.044999999998,31.60302177177176,43.146429404764284,-2.504027133807337
6970.946999999998,26.16721846846846,43.14776212477896,-2.5043135282475006
8402.731999999998,31.541786786786776,43.147537495507656,-2.5061334148832075
7139.226,26.798896396396394,43.146653995745346,-2.5022072744857504
7139.226,26.798896396396394,43.147986721665895,-2.5024936292671773
6970.946999999998,26.16721846846846,43.14931944487802,-2.5027800013693535
6818.222999999998,25.59393018018017,43.15065216538177,-2.5030663907937245
5832.825999999999,21.894992492492484,43.15087674169526,-2.5012464001438257
6818.222999999998,25.59393018018017,43.15198488317728,-2.503352797541725
5832.825999999999,21.894992492492484,43.15220946539693,-2.5015327672251746
8402.731999999998,31.541786786786776,43.14731283385234,-2.5079532891726988
8643.583999999999,32.44588588588588,43.14864553934338,-2.5082397802544536
6970.946999999998,26.16721846846846,43.149094842084835,-2.5045999400106798
6970.946999999998,26.16721846846846,43.14887020690651,-2.506419866306243
8643.583999999999,32.44588588588588,43.14997824212497,-2.508526288665158
6970.946999999998,26.16721846846846,43.150202915596275,-2.5067063350559775
6818.222999999998,25.59393018018017,43.150427556682,-2.504886369098304
6818.222999999998,25.59393018018017,43.15153562157707,-2.5069928211338453
6914.286999999998,25.95453078078077,43.1513109421972,-2.5088128144062605
6818.222999999998,25.59393018018017,43.15176026857054,-2.5051728155118114
6683.652999999998,25.08878753753753,43.15286832484894,-2.5072793245412974
6914.286999999998,25.95453078078077,43.152643639560154,-2.509099357479188
6299.57,23.647034534534534,43.15309297775054,-2.505459279252633
6683.652999999998,25.08878753753753,43.15420102541199,-2.507565845279758
6995.273999999998,26.258536036036027,43.1539763342139,-2.5093859178853837
6299.57,23.647034534534534,43.15442568422207,-2.5057457603222177
6683.652999999998,25.08878753753753,43.15553372326627,-2.507852383350665
6995.273999999998,26.258536036036027,43.15530902615854,-2.5096724956262864
5317.226,19.959557057057054,43.155758387985216,-2.506032258722
5521.614999999999,20.726783033033026,43.15664171539416,-2.5099590907033282
6299.57,23.647034534534534,43.15331759826459,-2.503639221614789
6299.57,23.647034534534534,43.15465031064383,-2.5039256630143534
4966.197999999999,18.64188438438438,43.15709108904007,-2.506318774453407
,,43.15686641841189,-2.508138938755468
4736.365,17.779147897897893,43.158199110848926,-2.508425511495588
5521.614999999999,20.726783033033026,43.15797440192081,-2.510245703117956
4640.347,17.418719969969967,43.15930708573858,-2.510532332871601
4736.365,17.779147897897893,43.15953180057744,-2.5087121015724785
4640.347,17.418719969969967,43.16063976684758,-2.5108189799657032
10745.418,40.33565315315315,43.11248205633638,-2.601304065104507
11013.535,41.342098348348344,43.11202934175176,-2.6049410927434398
11013.535,41.342098348348344,43.11225571521949,-2.603122585131598
10672.832,40.06318318318318,43.11381448803834,-2.601592399622833
10935.088,41.04762762762763,43.11336176156268,-2.6052295063758666
11038.565,41.436054804804805,43.113588140976326,-2.6034109592075443
10935.088,41.04762762762763,43.11469417864225,-2.605517937438706
10724.741,40.25803678678678,43.11514691700966,-2.6018807515670876
10762.196,40.39863363363363,43.11492056400216,-2.6036993507116653
10653.555,39.99082207207207,43.11647934325046,-2.6021691209387163
10659.258,40.012229729729725,43.11293464151622,-2.597666987810894
10564.239,39.6555518018018,43.114040802748356,-2.599773827623308
10122.170999999998,37.99613738738738,43.11449333511103,-2.59613664638611
10122.170999999998,37.99613738738738,43.11471955276297,-2.594318037151594
10072.043,37.80796921921922,43.11426708510603,-2.5979552432105413
10206.569,38.31294669669669,43.11605200550834,-2.594606230844931
10243.413,38.451249999999995,43.11582578191407,-2.5964248796438936
10409.81,39.07586336336336,43.11537323766438,-2.6000621400065502
10256.821,38.50158033033033,43.115599525965955,-2.598243516031626
10456.95,39.25281531531531,43.11670566985024,-2.6003504698149187
10275.371,38.571212462462455,43.11693196409609,-2.5985318062755924
10178.657,38.20817192192192,43.11738445552464,-2.594894441956656
10178.657,38.20817192192192,43.11715822598767,-2.596713130322315
10428.767,39.14702327327327,43.11803809930601,-2.600638817049858
10592.82,39.762837837837836,43.11871690281196,-2.5951826704882244
10660.854,40.01822072072071,43.1182643994965,-2.5988201139438862
10404.144,39.05459459459459,43.11849066733194,-2.597001398422815
10660.854,40.01822072072071,43.11937052603177,-2.6009271817128075
10660.854,40.01822072072071,43.11982310594694,-2.5972896839468382
10660.854,40.01822072072071,43.11959683216728,-2.599108439037945
10866.015,40.78834459459459,43.115800169331145,-2.6076249998011507
12042.647000000003,45.20513138138139,43.115573713319236,-2.60944360124706
11838.775000000003,44.439846096096105,43.116679618726515,-2.6115507748803086
10866.015,40.78834459459459,43.117132575000475,-2.607913505291215
11838.775000000003,44.439846096096105,43.11690611303995,-2.60973214629804
11838.775000000003,44.439846096096105,43.11801200976562,-2.6118393769325423
11347.173,42.59449324324324,43.1184649779383,-2.6082020282182734
11838.775000000003,44.439846096096105,43.118238510028824,-2.6100207087882623
11838.775000000003,44.439846096096105,43.11934439807263,-2.6121279964277035
11476.868000000002,43.08133633633634,43.11979737814473,-2.6084905685837723
10937.627999999999,41.05716216216216,43.11602659299055,-2.605806385933404
10937.627999999999,41.05716216216216,43.11625298429711,-2.6039877596453986
10866.015,40.78834459459459,43.11735900460768,-2.606094851861407
10653.555,39.99082207207207,43.1178117667608,-2.602457507739152
10866.015,40.78834459459459,43.11758540186123,-2.604276186010195
10653.555,39.99082207207207,43.11914418754076,-2.6027459119698477
10866.015,40.78834459459459,43.11869141349369,-2.6063833352241597
10866.015,40.78834459459459,43.11891781669462,-2.604564629807491
11347.173,42.59449324324324,43.12002381964865,-2.6066718360231023
11899.788000000004,44.668873873873885,43.12047660559044,-2.6030343336322503
10722.030999999999,40.24786411411411,43.12004934737038,-2.595470916441061
11899.788000000004,44.668873873873885,43.120702950027614,-2.6012155638052143
10956.838,41.12927177177177,43.121155541832735,-2.5975779868958253
11899.788000000004,44.668873873873885,43.120929262108504,-2.5993967815592174
10956.838,41.12927177177177,43.12138178919999,-2.595759179816623
11937.810000000003,44.811599099099105,43.12203537129362,-2.601503963328531
11528.593000000003,43.27549924924926,43.122487974989426,-2.597866307271226
10930.859,41.031753003003004,43.122714228300836,-2.5960474606163473
11937.810000000003,44.811599099099105,43.12226168932024,-2.5996851415091426
1212                                                                                                                                                                                                                                                                                                                                                                                                                                                                                                                                                                                                                                                                                                                                                                                                                                                                                                                                                                                                                                                                                                                                                                                                                                                                                                                                                                                                                                                                                                                                                                                                                                                                                                                                                                                                                                                                                                                                                                                                                                                                                                                                                                                                                                                                                                                                                                                                                                                                                                                                                                                                                                                                                                                                                                                                                                                                                                                                                                                                                                                                                                                                                                                                                                                                                                                                                                                                                                                                                                                                                                                                                                                                                                                                                                                                                                                                                                                                                                                                                                                                                                                                                                                                                                                                                                                                                                                                                                                                                                                                                                                                                                                                                                                                                                                                                                                                                                                                                                                                                                                                                                                                                                                                                                                                                                                                                                                                                                                                                                                                                                                                                                                                                                                                                                                                                                                                                                                                                                                                                                                                                                                                                                                                                                                                                                                                                                                                                                                                                                                                                                                                                                                                                                                                                                                                                                                                                                                                                                                                                                                                                                                                                                                                                                                                                                                                                                                                                                                                                                                                                                                                                                                                                                                                                                                                                                                                                                                                                                                                                                                                                                                                                                                                                                                                                                                                                                                                                                                                                                                                                                                                                                                                                                                                                                                                                                                                                                                                                                                                                                                                                                                                                                                                                                                                                                                                                                                                                                                                                                                                                                                                                                                                                                                                                                                                                                                                                                                                                                                                                                                                                                                                                                                                                                                                                                                                                                                                                                                                                                                                                                                                                                                                                                                                                                                                                                                                                                                                                                                                                                                                                                                                                                                                                                                                                                                                                                                                                                                                                                                                                                                                                                                                                                                                                                                                                                                                                                                                                                                                                                                                                                                                                                                                                                                                                                                                                                                                                                                                                                                                                                                                                                                                                                                                                                                                                                                                                                                                                                                                                                                                                                                                                                                                                                                                                                                                                                                                                                                                                                                                                                                                                                                                                                                                                                                                                                                                                                                                                                                                                                                                                                                                                                                                                                                                                                                                                                                                                                                                                                                                                                                                                                                                                                                                                                                                                                                                                                                                                                                                                                                                                                                                                                                                                                                                                                                                                                                                                                                                                                                                                                                                                                                                                                                                                                                                                                                                                                                                                                                                                                                                                                                                                                                                                                                                                                                                                                                                                                                                                                                                                                                                                                                                                                                                                                                                                                                                                                                                                                                                                                                                                                                                                                                                                                                                                                                                                                                                                                                                                                                                                                                                                                                                                                                                                                                                                                                                                                                                                                                                                                                                                                                                                                                                                                                                                                                                                                                                                                                                                                                                                                                                                                                                                                                                                                                                                                                                                                                                                                                                                                                                                                                                                                                                                                                                                                                                                                                                                                                                                                                                                                                                                                                                                                                                                                                                                                                                                                                                                                                                                                                                                                                                                                                                                                                                                                                                                                                                                                                                                                                                                                                                                                                                                                                                                                                                                                                                                                                                                                                                                                                                                                                                                                                                                                                                                                                                                                                                                                                                                                                                                                                                                                                                                                                                                                                                                                                                                                                                                                                                                                                                                                                                                                                                                                                                                                                                                                                                                                                                                                                                                                                                                                                                                                                                                                                                                                                                                                                                                                                                                                                                                                                                                                                                                                                                                                                                                                                                                                                                                                                                                                                                                                                                                                                                                                                                                                                                                                                                                                                                                                                                                                                                                                                                                                                                                                                                                                                                                                                                                                                                                                                                                                                                                                                                                                                                                                                                                                                                                                                                                                                                                                                                                                                                                                                                                                                                                                                                                                                                                                                                                                                                                                                                                                                                                                                                                                                                                                                                                                                                                                                                                                                                                                                                                                                                                                                                                                                                                                                                                                                                                                                                                                                                                                                                                                                                                                                                                                                                                                                                                                                                                                                                                                                                                                                                                                                                                                                                                                                                                                                                                                                                                                                                                                                                                                                                                                                                                                                                                                                                                                                                                                                                                                                                                                                                                                                                                                                                                                                                                                                                                                                                                                                                                                                                                                                                                                                                                                                                                                                                                                                                                                                                                                                                                                                                                                                                                                                                                                                                                                                                                                                                                                                                                                                                                                                                                                                                                                                                                                                                                                                                                                                                                                                                                                                                                                                                                                                                                                                                                                                                                                                                                                                                                                                                                                                                                                                                                                                                                                                                                                                                                                                                                                                                                                                                                                                                                                                                                                                                                                                                                                                                                                                                                                                                                                                                                                                                                                                                                                                                                                                                                                                                                                                                                                                                                                                                                                                                                                                                                                                                                                                                                                                                                                                                                                                                                                                                                                                                                                                                                                                                                                                                                                                                                                                                                                                                                                                                                                                                                                                                                                                                                                                                                                                                                                                                                                                                                                                                                                                                                                                                                                                                                                                                                                                                                                                                                                                                                                                                                                                                                                                                                                                                                                                                                                                                                                                                                                                                                                                                                                                                                                                                                                                                                                                                                                                                                                                                                                                                                                                                                                                                                                                                                                                                                                                                                                                                                                                                                                                                                                                                                                                                                                                                                                                                                                                                                                                                                                                                                                                                                                                                                                                                                                                                                                                                                                                                                                                                                                                                                                                                                                                                                                                                                                                                                                                                                                                                                                                                                                                                                                                                                                                                                                                                                                                                                                                                                                                                                                                                                                                                                                                                                                                                                                                                                                                                                                                                                                                                                                                                                                                                                                                                                                                                                                                                                                                                                                                                                                                                                                                                                                                                                                                                                                                                                                                                                                                                                                                                                                                                                                                                                                                                                                                                                                                                                                                                                                                                                                                                                                                                                                                                                                                                                                                                                                                                                                                                                                                                                                                                                                                                                                                                                                                                                                                                                                                                                                                                                                                                                                                                                                                                                                                                                                                                                                                                                                                                                                                                                                                                                                                                                                                                                                                                                                                                                                                                                                                                                                                                                                                                                                                                                                                                                                                                                                                                                                                                                                                                                                                                                                                                                                                                                                                                                                                                                                                                                                                                                                                                                                                                                                                                                                                                                                                                                                                                                                                                                                                                                                                                                                                                                                                                                                                                                                                                                                                                                                                                                                                                                                                                                                                                                                                                                                                                                                                                                                                                                                                                                                                                                                                                                                                                                                                                                                                                                                                                                                                                                                                                                                                                                                                                                                                                                                                                                                                                                                                                                                                                                                                                                                                                                                                                                                                                                                                                                                                                                                                                                                                                                                                                                                                                                                                                                                                                                                                                                                                                                                                                                                                                                                                                                                                                                                                                                                                                                                                                                                                                                                                                                                                                                                                                                                                                                                                                                                                                                                                                                                                                                                                                                                                                                                                                                                                                                                                                                                                                                                                                                                                                                                                                                                                                                                                                                                                                                                                                                                                                                                                                                                                                                                                                                                                                                                                                                                                                                                                                                                                                                                                                                                                                                                                                                                                                                                                                                                                                                                                                                                                                                                                                                                                                                                                                                                                                                                                                                                                                                                                                                                                                                                                                                                                                                                                                                                                                                                                                                                                                                                                                                                                                                                                                                                                                                                                                                                                                                                                                                                                                                                                                                                                                                                                                                                                                                                                                                                                                                                                                                                                                                                                                                                                                                                                                                                                                                                                                                                                                                                                                                                                                                                                                                                                                                                                                                                                                                                                                                                                                                                                                                                                                                                                                                                                                                                                                                                                                                                                                                                                                                                                                                                                                                                                                                                                                                                                                                                                                                                                                                                                                                                                                                                                                                                                                                                                                                                                                                                                                                                                                                                                                                                                                                                                                                                                                                                                                                                                                                                                                                                                                                                                                                                                                                                                                                                                                                                                                                                                                                                                                                                                                                                                                                                                                                                                                                                                                                                                                                                                                                                                                                                                                                                                                                                                                                                                                                                                                                                                                                                                                                                                                                                                                                                                                                                                                                                                                                                                                                                                                                                                                                                                                                                                                                                                                                                                                                                                                                                                                                                                                                                                                                                                                                                                                                                                                                                                                                                                                                                                                                                                                                                                                                                                                                                                                                                                                                                                                                                                                                                                                                                                                                                                                                                                                                                                                                                                                                                                                                                                                                                                                                                                                                                                                                                                                                                                                                                                                                                                                                                                                                                                                                                                                                                                                                                                                                                                                                                                                                                                                                                                                                                                                                                                                                                                                                                                                                                                                                                                                                                                                                                                                                                                                                                                                                                                                                                                                                                                                                                                                                                                                                                                                                                                                                                                                                                                                                                                                                                                                                                                                                                                                                                                                                                                                                                                                                                                                                                                                                                                                                                                                                                                                                                                                                                                                                                                                                                                                                                                                                                                                                                                                                                                                                                                                                                                                                                                                                                                                                                                                                                                                                                                                                                                                                                                                                                                                                                                                                                                                                                                                                                                                                                                                                                                                                                                                                                                                                                                                                                                                                                                                                                                                                                                                                                                                                                                                                                                                                                                                                                                                                                                                                                                                                                                                                                                                                                                                                                                                                                                                                                                                                                                                                                                                                                                                                                                                                                                                                                                                                                                                                                                                                                                                                                                                                                                                                                                                                                                                                                                                                                                                                                                                                                                                                                                                                                                                                                                                                                                                                                                                                                                                                                                                                                                                                                                                                                                                                                                                                                                                                                                                                                                                                                                                                                                                                                                                                                                                                                                                                                                                                                                                                                                                                                                                                                                                                                                                                                                                                                                                                                                                                                                                                                                                                                                                                                                                                                                                                                                                                                                                                                                                                                                                                                                                                                                                                                                                                                                                                                                                                                                                                                                                                                                                                                                                                                                                                                                                                                                                                                                                                                                                                                                                                                                                                                                                                                                                                                                                                                                                                                                                                                                                                                                                                                                                                                                                                                                                                                                                                                                                                                                                                                                                                                                                                                                                                                                                                                                                                                                                                                                                                                                                                                                                                                                                                                                                                                                                                                                                                                                                                                                                                                                                                                                                                                                                                                                                                                                                                                                                                                                                                                                                                                                                                                                                                                                                                                                                                                                                                                                                                                                                                                                                                                                                                                                                                                                                                                                                                                                                                                                                                                                                                                                                                                                                                                                                                                                                                                                                                                                                                                                                                                                                                                                                                                                                                                                                                                                                                                                                                                                                                                                                                                                                                                                                                                                                                                                                                                                                                                                                                                                                                                                                                                                                                                                                                                                                                                                                                                                                                                                                                                                                                                                                                                                                                                                                                                                                                                                                                                                                                                                                                                                                                                                                                                                                                                                                                                                                                                                                                                                                                                                                                                                                                                                                                                                                                                                                                                                                                                                                                                                                                                                                                                                                                                                                                                                                                                                                                                                                                                                                                                                                                                                                                                                                                                                                                                                                                                                                                                                                                                                                                                                                                                                                                                                                                                                                                                                                                                                                                                                                                                                                                                                                                                                                                                                                                                                                                                                                                                                                                                                                                                                                                                                                                                                                                                                                                                                                                                                                                                                                                                                                                                                                                                                                                                                                                                                                                                                                                                                                                                                                                                                                                                                                                                                                                                                                                                                                                                                                                                                                                                                                                                                                                                                                                                                                                                                                                                                                                                                                                                                                                                                                                                                                                                                                                                                                                                                                                                                                                                                                                                                                                                                                                                                                                                                                                                                                                                                                                                                                                                                                                                                                                                                                                                                                                                                                                                                                                                                                                                                                                                                                                                                                                                                                                                                                                                                                                                                                                                                                                                                                                                                                                                                                                                                                                                                                                                                                                                                                                                                                                                                                                                                                                                                                                                                                                                                                                                                                                                                                                                                                                                                                                                                                                                                                                                                                                                                                                                                                                                                                                                                                                                                                                                                                                                                                                                                                                                                                                                                                                                                                                                                                                                                                                                                                                                                                                                                                                                                                                                                                                                                                                                                                                                                                                                                                                                                                                                                                                                                                                                                                                                                                                                                                                                                                                                                                                                                                                                                                                                                                                                                                                                                                                                                                                                                                                                                                                                                                                                                                                                                                                                                                                                                                                                                                                                                                                                                                                                                                                                                                                                                                                                                                                                                                                                                                                                                                                                                                                                                                                                                                                                                                                                                                                                                                                                                                                                                                                                                                                                                                                                                                                                                                                                                                                                                                                                                                                                                                                                                                                                                                                                                                                                                                                                                                                                                                                                                                                                                                                                                                                                                                                                                                                                                                                                                                                                                                                                                                                                                                                                                                                                                                                                                                                                                                                                                                                                                                                                                                                                                                                                                                                                                                                                                                                                                                                                                                                                                                                                                                                                                                                                                                                                                                                                                                                                                                                                                                                                                                                                                                                                                                                                                                                                                                                                                                                                                                                                                                                                                                                                                                                                                                                                                                                                                                                                                                                                                                                                                                                                                                                                                                                                                                                                                                                                                                                                                                                                                                                                                                                                                                                                                                                                                                                                                                                                                                                                                                                                                                                                                                                                                                                                                                                                                                                                                                                                                                                                                                                                                                                                                                                                                                                                                                                                                                                                                                                                                                                                                                                                                                                                                                                                                                                                                                                                                                                                                                                                                                                                                                                                                                                                                                                                                                                                                                                                                                                                                                                                                                                                                                                                                                                                                                                                                                                                                                                                                                                                                                                                                                                                                                                                                                                                                                                                                                                                                                                                                                                                                                                                                                                                                                                                                                                                                                                                                                                                                                                                                                                                                                                                                                                                                                                                                                                                                                                                                                                                                                                                                                                                                                                                                                                                                                                                                                                                                                                                                                                                                                                                                                                                                                                                                                                                                                                                                                                                                                                                                                                                                                                                                                                                                                                                                                                                                                                                                                                                                                                                                                                                                                                                                                                                                                                                                                                                                                                                                                                                                                                                                                                                                                                                                                                                                                                                                                                                                                                                                                                                                                                                                                                                                                                                                                                                                                                                                                                                                                                                                                                                                                                                                                                                                                                                                                                                                                                                                                                                                                                                                                                                                                                                                                                                                                                                                                                                                                                                                                                                                                                                                                                                                                                                                                                                                                                                                                                                                                                                                                                                                                                                                                                                                                                                                                                                                                                                                                                                                                                                                                                                                                                                                                                                                                                                                                                                                                                                                                                                                                                                                                                                                                                                                                                                                                                                                                                                                                                                                                                                                                                                                                                                                                                                                                                                                                                                                                                                                                                                                                                                                                                                                                                                                                                                                                                                                                                                                                                                                                                                                                                                                                                                                                                                                                                                                                                                                                                                                                                                                                                                                                                                                                                                                                                                                                                                                                                                                                                                                                                                                                                                                                                                                                                                                                                                                                                                                                                                                                                                                                                                                                                                                                                                                                                                                                                                                                                                                                                                                                                                                                                                                                                                                                                                                                                                                                                                                                                                                                                                                                                                                                                                                                                                                                                                                                                                                                                                                                                                                                                                                                                                                                                                                                                                                                                                                                                                                                                                                                                                                                                                                                                                                                                                                                                                                                                                                                                                                                                                                                                                                                                                                                                                                                                                                                                                                                                                                                                                                                                                                                                                                                                                                                                                                                                                                                                                                                                                                                                                                                                                                                                                                                                                                                                                                                                                                                                                                                                                                                                                                                                                                                                                                                                                                                                                                                                                                                                                                                                                                                                                                                                                                                                                                                                                                                                                                                                                                                                                                                                                                                                                                                                                                                                                                                                                                                                                                                                                                                                                                                                                                                                                                                                                                                                                                                                                                                                                                                                                                                                                                                                                                                                                                                                                                                                                                                                                                                                                                                                                                                                                                                                                                                                                                                                                                                                                                                                                                                                                                                                                                                                                                                                                                                                                                                                                                                                                                                                                                                                                                                                                                                                                                                                                                                                                                                                                                                                                                                                                                                                                                                                                                                                                                                                                                                                                                                                                                                                                                                                                                                                                                                                                                                                                                                                                                                                                                                                                                                                                                                                                                                                                                                                                                                                                                                                                                                                                                                                                                                                                                                                                                                                                                                                                                                                                                                                                                                                                                                                                                                                                                                                                                                                                                                                                                                                                                                                                                                                                                                                                                                                                                                                                                                                                                                                                                                                                                                                                                                                                                                                                                                                                                                                                                                                                                                                                                                                                                                                                                                                                                                                                                                                                                                                                                                                                                                                                                                                                                                                                                                                                                                                                                                                                                                                                                                                                                                                                                                                                                                                                                                                                                                                                                                                                                                                                                                                                                                                                                                                                                                                                                                                                                                                                                                                                                                                                                                                                                                                                                                                                                                                                                                                                                                                                                                                                                                                                                                                                                                                                                                                                                                                                                                                                                                                                                                                                                                                                                                                                                                                                                                                                                                                                                                                                                                                                                                                                                                                                                                                                                                                                                                                                                                                                                                                                                                                                                                                                                                                                                                                                                                                                                                                                                                                                                                                                                                                                                                                                                                                                                                                                                                                                                                                                                                                                                                                                                                                                                                                                                                                                                                                                                                                                                                                                                                                                                                                                                                                                                                                                                                                                                                                                                                                                                                                                                                                                                                                                                                                                                                                                                                                                                                                                                                                                                                                                                                                                                                                                                                                                                                                                                                                                                                                                                                                                                                                                                                                                                                                                                                                                                                                                                                                                                                                                                                                                                                                                                                                                                                                                                                                                                                                                                                                                                                                                                                                                                                                                                                                                                                                                                                                                                                                                                                                                                                                                                                                                                                                                                                                                                                                                                                                                                                                                                                                                                                                                                                                                                                                                                                                                                                                                                                                                                                                                                                                                                                                                                                                                                                                                                                                                                                                                                                                                                                                                                                                                                                                                                                                                                                                                                                                                                                                                                                                                                                                                                                                                                                                                                                                                                                                                                                                                                                                                                                                                                                                                                                                                                                                                                                                                                                                                                                                                                                                                                                                                                                                                                                                                                                                                                                                                                                                                                                                                                                                                                                                                                                                                                                                                                                                                                                                                                                                                                                                                                                                                                                                                                                                                                                                                                                                                                                                                                                                                                                                                                                                                                                                                                                                                                                                                                                                                                                                                                                                                                                                                                                                                                                                                                                                                                                                                                                                                                                                                                                                                                                                                                                                                                                                                                                                                                                                                                                                                                                                                                                                                                                                                                                                                                                                                                                                                                                                                                                                                                                                                                                                                                                                                                                                                                                                                                                                                                                                                                                                                                                                                                                                                                                                                                                                                                                                                                                                                                                                                                                                                                                                                                                                                                                                                                                                                                                                                                                                                                                                                                                                                                                                                                                                                                                                                                                                                                                                                                                                                                                                                                                                                                                                                                                                                                                                                                                                                                                                                                                                                                                                                                                                                                                                                                                                                                                                                                                                                                                                                                                                                                                                                                                                                                                                                                                                                                                                                                                                                                                                                                                                                                                                                                                                                                                                                                                                                                                                                                                                                                                                                                                                                                                                                                                                                                                                                                                                                                                                                                                                                                                                                                                                                                                                                                                                                                                                                                                                                                                                                                                                                                                                                                                                                                                                                                                                                                                                                                                                                                                                                                                                                                                                                                                                                                                                                                                                                                                                                                                                                                                                                                                                                                                                                                                                                                                                                                                                                                                                                                                                                                                                                                                                                                                                                                                                                                                                                                                                                                                                                                                                                                                                                                                                                                                                                                                                                                                                                                                                                                                                                                                                                                                                                                                                                                                                                                                                                                                                                                                                                                                                                                                                                                                                                                                                                                                                                                                                                                                                                                                                                                                                                                                                                                                                                                                                                                                                                                                                                                                                                                                                                                                                                                                                                                                                                                                                                                                                                                                                                                                                                                                                                                                                                                                                                                                                                                                                                                                                                                                                                                                                                                                                                                                                                                                                                                                                                                                                                                                                                                                                                                                                                                                                                                                                                                                                                                                                                                                                                                                                                                                                                                                                                                                                                                                                                                                                                                                                                                                                                                                                                                                                                                                                                                                                                                                                                                                                                                                                                                                                                                                                                                                                                                                                                                                                                                                                                                                                                                                                                                                                                                                                                                                                                                                                                                                                                                                                                                                                                                                                                                                                                                                                                                                                                                                                                                                                                                                                                                                                                                                                                                                                                                                                                                                                                                                                                                                                                                                                                                                                                                                                                                                                                                                                                                                                                                                                                                                                                                                                                                                                                                                                                                                                                                                                                                                                                                                                                                                                                                                                                                                                                                                                                                                                                                                                                                                                                                                                                                                                                                                                                                                                                                                                                                                                                                                                                                                                                                                                                                                                                                                                                                                                                                                                                                                                                                                                                                                                                                                                                                                                                                                                                                                                                                                                                                                                                                                                                                                                                                                                                                                                                                                                                                                                                                                                                                                                                                                                                                                                                                                                                                                                                                                                                                                                                                                                                                                                                                                                                                                                                                                                                                                                                                                                                                                                                                                                                                                                                                                                                                                                                                                                                                                                                                                                                                                                                                                                                                                                                                                                                                                                                                                                                                                                                                                                                                                                                                                                                                                                                                                                                                                                                                                                                                                                                                                                                                                                                                                                                                                                                                                                                                                                                                                                                                                                                                                                                                                                                                                                                                                                                                                                                                                                                                                                                                                                                                                                                                                                                                                                                                                                                                                                                                                                                                                                                                                                                                                                                                                                                                                                                                                                                                                                                                                                                                                                                                                                                                                                                                                                                                                                                                                                                                                                                                                                                                                                                                                                                                                                                                                                                                                                                                                                                                                                                                                                                                                                                                                                                                                                                                                                                                                                                                                                                                                                                                                                                                                                                                                                                                                                                                                                                                                                                                                                                                                                                                                                                                                                                                                                                                                                                                                                                                                                                                                                                                                                                                                                                                                                                                                                                                                                                                                                                                                                                                                                                                                                                                                                                                                                                                                                                                                                                                                                                                                                                                                                                                                                                                                                                                                                                                                                                                                                                                                                                                                                                                                                                                                                                                                                                                                                                                                                                                                                                                                                                                                                                                                                                                                                                                                                                                                                                                                                                                                                                                                                                                                                                                                                                                                                                                                                                                                                                                                                                                                                                                                                                                                                                                                                                                                                                                                                                                                                                                                                                                                                                                                                                                                                                                                                                                                                                                                                                                                                                                                                                                                                                                                                                                                                                                                                                                                                                                                                                                                                                                                                                                                                                                                                                                                                                                                                                                                                                                                                                                                                                                                                                                                                                                                                                                                                                                                                                                                                                                                                                                                                                                                                                                                                                                                                                                                                                                                                                                                                                                                                                                                                                                                                                                                                                                                                                                                                                                                                                                                                                                                                                                                                                                                                                                                                                                                                                                                                                                                                                                                                                                                                                                                                                                                                                                                                                                                                                                                                                                                                                                                                                                                                                                                                                                                                                                                                                                                                                                                                                                                                                                                                                                                                                                                                                                                                                                                                                                                                                                                                                                                                                                                                                                                                                                                                                                                                                                                                                                                                                                                                                                                                                                                                                                                                                                                                                                                                                                                                                                                                                                                                                                                                                                                                                                                                                                                                                                                                                                                                                                                                                                                                                                                                                                                                                                                                                                                                                                                                                                                                                                                                                                                                                                                                                                                                                                                                                                                                                                                                                                                                                                                                                                                                                                                                                                                                                                                                                                                                                                                                                                                                                                                                                                                                                                                                                                                                                                                                                                                                                                                                                                                                                                                                                                                                                                                                                                                                                                                                                                                                                                                                                                                                                                                                                                                                                                                                                                                                                                                                                                                                                                                                                                                                                                                                                                                                                                                                                                                                                                                                                                                                                                                                                                                                                                                                                                                                                                                                                                                                                                                                                                                                                                                                                                                                                                                                                                                                                                                                                                                                                                                                                                                                                                                                                                                                                                                                                                                                                                                                                                                                                                                                                                                                                                                                                                                                                                                                                                                                                                                                                                                                                                                                                                                                                                                                                                                                                                                                                                                                                                                                                                                                                                                                                                                                                                                                                                                                                                                                                                                                                                                                                                                                                                                                                                                                                                                                                                                                                                                                                                                                                                                                                                                                                                                                                                                                                                                                                                                                                                                                                                                                                                                                                                                                                                                                                                                                                                                                                                                                                                                                                                                                                                                                                                                                                                                                                                                                                                                                                                                                                                                                                                                                                                                                                                                                                                                                                                                                                                                                                                                                                                                                                                                                                                                                                                                                                                                                                                                                                                                                                                                                                                                                                                                                                                                                                                                                                                                                                                                                                                                                                                                                                                                                                                                                                                                                                                                                                                                                                                                                                                                                                                                                                                                                                                                                                                                                                                                                                                                                                                                                                                                                                                                                                                                                                                                                                                                                                                                                                                                                                                                                                                                                                                                                                                                                                                                                                                                                                                                                                                                                                                                                                                                                                                                                                                                                                                                                                                                                                                                                                                                                                                                                                                                                                                                                                                                                                                                                                                                                                                                                                                                                                                                                                                                                                                                                                                                                                                                                                                                                                                                                                                                                                                                                                                                                                                                                                                                                                                                                                                                                                                                                                                                                                                                                                                                                                                                                                                                                                                                                                                                                                                                                                                                                                                                                                                                                                                                                                                                                                                                                                                                                                                                                                                                                                                                                                                                                                                                                                                                                                                                                                                                                                                                                                                                                                                                                                                                                                                                                                                                                                                                                                                                                                                                                                                                                                                                                                                                                                                                                                                                                                                                                                                                                                                                                                                                                                                                                                                                                                                                                                                                                                                                                                                                                                                                                                                                                                                                                                                                                                                                                                                                                                                                                                                                                                                                                                                                                                                                                                                                                                                                                                                                                                                                                                                                                                                                                                                                                                                                                                                                                                                                                                                                                                                                                                                                                                                                                                                                                                                                                                                                                                                                                                                                                                                                                                                                                                                                                                                                                                                                                                                                                                                                                                                                                                                                                                                                                                                                                                                                                                                                                                                                                                                                                                                                                                                                                                                                                                                                                                                                                                                                                                                                                                                                                                                                                                                                                                                                                                                                                                                                                                                                                                                                                                                                                                                                                                                                                                                                                                                                                                                                                                                                                                                                                                                                                                                                                                                                                                                                                                                                                                                                                                                                                                                                                                                                                                                                                                                                                                                                                                                                                                                                                                                                                                                                                                                                                                                                                                                                                                                                                                                                                                                                                                                                                                                                                                                                                                                                                                                                                                                                                                                                                                                                                                                                                                                                                                                                                                                                                                                                                                                                                                                                                                                                                                                                                                                                                                                                                                                                                                                                                                                                                                                                                                                                                                                                                                                                                                                                                                                                                                                                                                                                                                                                                                                                                                                                                                                                                                                                                                                                                                                                                                                                                                                                                                                                                                                                                                                                                                                                                                                                                                                                                                                                                                                                                                                                                                                                                                                                                                                                                                                                                                                                                                                                                                                                                                                                                                                                                                                                                                                                                                                                                                                                                                                                                                                                                                                                                                                                                                                                                                                                                                                                                                                                                                                                                                                                                                                                                                                                                                                                                                                                                                                                                                                                                                                                                                                                                                                                                                                                                                                                                                                                                                                                                                                                                                                                                                                                                                                                                                                                                                                                                                                                                                                                                                                                                                                                                                                                                                                                                                                                                                                                                                                                                                                                                                                                                                                                                                                                                                                                                                                                                                                                                                                                                                                                                                                                                                                                                                                                                                                                                                                                                                                                                                                                                                                                                                                                                                                                                                                                                                                                                                                                                                                                                                                                                                                                                                                                                                                                                                                                                                                                                                                                                                                                                                                                                                                                                                                                                                                                                                                                                                                                                                                                                                                                                                                                                                                                                                                                                                                                                                                                                                                                                                                                                                                                                                                                                                                                                                                                                                                                                                                                                                                                                                                                                                                                                                                                                                                                                                                                                                                                                                                                                                                                                                                                                                                                                                                                                                                                                                                                                                                                                                                                                                                                                                                                                                                                                                                                                                                                                                                                                                                                                                                                                                                                                                                                                                                                                                                                                                                                                                                                                                                                                                                                                                                                                                                                                                                                                                                                                                                                                                                                                                                                                                                                                                                                                                                                                                                                                                                                                                                                                                                                                                                                                                                                                                                                                                                                                                                                                                                                                                                                                                                                                                                                                                                                                                                                                                                                                                                                                                                                                                                                                                                                                                                                                                                                                                                                                                                                                                                                                                                                                                                                                                                                                                                                                                                                                                                                                                                                                                                                                                                                                                                                                                                                                                                                                                                                                                                                                                                                                                                                                                                                                                                                                                                                                                                                                                                                                                                                                                                                                                                                                                                                                                                                                                                                                                                                                                                                                                                                                                                                                                                                                                                                                                                                                                                                                                                                                                                                                                                                                                                                                                                                                                                                                                                                                                                                                                                                                                                                                                                                                                                                                                                                                                                                                                                                                                                                                                                                                                                                                                                                                                                                                                                                                                                                                                                                                                                                                                                                                                                                                                                                                                                                                                                                                                                                                                                                                                                                                                                                                                                                                                                                                                                                                                                                                                                                                                                                                                                                                                                                                                                                                                                                                                                                                                                                                                                                                                                                                                                                                                                                                                                                                                                                                                                                                                                                                                                                                                                                                                                                                                                                                                                                                                                                                                                                                                                                                                                                                                                                                                                                                                                                                                                                                                                                                                                                                                                                                                                                                                                                                                                                                                                                                                                                                                                                                                                                                                                                                                                                                                                                                                                                                                                                                                                                                                                                                                                                                                                                                                                                                                                                                                                                                                                                                                                                                                                                                                                                                                                                                                                                                                                                                                                                                                                                                                                                                                                                                                                                                                                                                                                                                                                                                                                                                                                                                                                                                                                                                                                                                                                                                                                                                                                                                                                                                                                                                                                                                                                                                                                                                                                                                                                                                                                                                                                                                                                                                                                                                                                                                                                                                                                                                                                                                                                                                                                                                                                                                                                                                                                                                                                                                                                                                                                                                                                                                                                                                                                                                                                                                                                                                                                                                                                                                                                                                                                                                                                                                                                                                                                                                                                                                                                                                                                                                                                                                                                                                                                                                                                                                                                                                                                                                                                                                                                                                                                                                                                                                                                                                                                                                                                                                                                                                                                                                                                                                                                                                                                                                                                                                                                                                                                                                                                                                                                                                                                                                                                                                                                                                                                                                                                                                                                                                                                                                                                                                                                                                                                                                                                                                                                                                                                                                                                                                                                                                                                                                                                                                                                                                                                                                                                                                                                                                                                                                                                                                                                                                                                                                                                                                                                                                                                                                                                                                                                                                                                                                                                                                                                                                                                                                                                                                                                                                                                                                                                                                                                                                                                                                                                                                                                                                                                                                                                                                                                                                                                                                                                                                                                                                                                                                                                                                                                                                                                                                                                                                                                                                                                                                                                                                                                                                                                                                                                                                                                                                                                                                                                                                                                                                                                                                                                                                                                                                                                                                                                                                                                                                                                                                                                                                                                                                                                                                                                                                                                                                                                                                                                                                                                                                                                                                                                                                                                                                                                                                                                                                                                                                                                                                                                                                                                                                                                                                                                                                                                                                                                                                                                                                                                                                                                                                                                                                                                                                                                                                                                                                                                                                                                                                                                                                                                                                                                                                                                                                                                                                                                                                                                                                                                                                                                                                                                                                                                                                                                                                                                                                                                                                                                                                                                                                                                                                                                                                                                                                                                                                                                                                                                                                                                                                                                                                                                                                                                                                                                                                                                                                                                                                                                                                                                                                                                                                                                                                                                                                                                                                                                                                                                                                                                                                                                                                                                                                                                                                                                                                                                                                                                                                                                                                                                                                                                                                                                                                                                                                                                                                                                                                                                                                                                                                                                                                                                                                                                                                                                                                                                                                                                                                                                                                                                                                                                                                                                                                                                                                                                                                                                                                                                                                                                                                                                                                                                                                                                                                                                                                                                                                                                                                                                                                                                                                                                                                                                                                                                                                                                                                                                                                                                                                                                                                                                                                                                                                                                                                                                                                                                                                                                                                                                                                                                                                                                                                                                                                                                                                                                                                                                                                                                                                                                                                                                                                                                                                                                                                                                                                                                                                                                                                                                                                                                                                                                                                                                                                                                                                                                                                                                                                                                                                                                                                                                                                                                                                                                                                                                                                                                                                                                                                                                                                                                                                                                                                                                                                                                                                                                                                                                                                                                                                                                                                                                                                                                                                                                                                                                                                                                                                                                                                                                                                                                                                                                                                                                                                                                                                                                                                                                                                                                                                                                                                                                                                                                                                                                                                                                                                                                                                                                                                                                                                                                                                                                                                                                                                                                                                                                                                                                                                                                                                                                                                                                                                                                                                                                                                                                                                                                                                                                                                                                                                                                                                                                                                                                                                                                                                                                                                                                                                                                                                                                                                                                                                                                                                                                                                                                                                                                                                                                                                                                                                                                                                                                                                                                                                                                                                                                                                                                                                                                                                                                                                                                                                                                                                                                                                                                                                                                                                                                                                                                                                                                                                                                                                                                                                                                                                                                                                                                                                                                                                                                                                                                                                                                                                                                                                                                                                                                                                                                                                                                                                                                                                                                                                                                                                                                                                                                                                                                                                                                                                                                                                                                                                                                                                                                                                                                                                                                                                                                                                                                                                                                                                                                                                                                                                                                                                                                                                                                                                                                                                                                                                                                                                                                                                                                                                                                                                                                                                                                                                                                                                                                                                                                                                                                                                                                                                                                                                                                                                                                                                                                                                                                                                                                                                                                                                                                                                                                                                                                                                                                                                                                                                                                                                                                                                                                                                                                                                                                                                                                                                                                                                                                                                                                                                                                                                                                                                                                                                                                                                                                                                                                                                                                                                                                                                                                                                                                                                                                                                                                                                                                                                                                                                                                                                                                                                                                                                                                                                                                                                                                                                                                                                                                                                                                                                                                                                                                                                                                                                                                                                                                                                                                                                                                                                                                                                                                                                                                                                                                                                                                                                                                                                                                                                                                                                                                                                                                                                                                                                                                                                                                                                                                                                                                                                                                                                                                                                                                                                                                                                                                                                                                                                                                                                                                                                                                                                                                                                                                                                                                                                                                                                                                                                                                                                                                                                                                                                                                                                                                                                                                                                                                                                                                                                                                                                                                                                                                                                                                                                                                                                                                                                                                                                                                                                                                                                                                                                                                                                                                                                                                                                                                                                                                                                                                                                                                                                                                                                                                                                                                                                                                                                                                                                                                                                                                                                                                                                                                                                                                                                                                                                                                                                                                                                                                                                                                                                                                                                                                                                                                                                                                                                                                                                                                                                                                                                                                                                                                                                                                                                                                                                                                                                                                                                                                                                                                                                                                                                                                                                                                                                                                                                                                                                                                                                                                                                                                                                                                                                                                                                                                                                                                                                                                                                                                                                                                                                                                                                                                                                                                                                                                                                                                                                                                                                                                                                                                                                                                                                                                                                                                                                                                                                                                                                                                                                                                                                                                                                                                                                                                                                                                                                                                                                                                                                                                                                                                                                                                                                                                                                                                                                                                                                                                                                                                                                                                                                                                                                                                                                                                                                                                                                                                                                                                                                                                                                                                                                                                                                                                                                                                                                                                                                                                                                                                                                                                                                                                                                                                                                                                                                                                                                                                                                                                                                                                                                                                                                                                                                                                                                                                                                                                                                                                                                                                                                                                                                                                                                                                                                                                                                                                                                                                                                                                                                                                                                                                                                                                                                                                                                                                                                                                                                                                                                                                                                                                                                                                                                                                                                                                                                                                                                                                                                                                                                                                                                                                                                                                                                                                                                                                                                                                                                                                                                                                                                                                                                                                                                                                                                                                                                                                                                                                                                                                                                                                                                                                                                                                                                                                                                                                                                                                                                                                                                                                                                                                                                                                                                                                                                                                                                                                                                                                                                                                                                                                                                                                                                                                                                                                                                                                                                                                                                                                                                                                                                                                                                                                                                                                                                                                                                                                                                                                                                                                                                                                                                                                                                                                                                                                                                                                                                                                                                                                                                                                                                                                                                                                                                                                                                                                                                                                                                                                                                                                                                                                                                                                                                                                                                                                                                                                                                                                                                                                                                                                                                                                                                                                                                                                                                                                                                                                                                                                                                                                                                                                                                                                                                                                                                                                                                                                                                                                                                                                                                                                                                                                                                                                                                                                                                                                                                                                                                                                                                                                                                                                                                                                                                                                                                                                                                                                                                                                                                                                                                                                                                                                                                                                                                                                                                                                                                                                                                                                                                                                                                                                                                                                                                                                                                                                                                                                                                                                                                                                                                                                                                                                                                                                                                                                                                                                                                                                                                                                                                                                                                                                                                                                                                                                                                                                                                                                                                                                                                                                                                                                                                                                                                                                                                                                                                                                                                                                                                                                                                                                                                                                                                                                                                                                                                                                                                                                                                                                                                                                                                                                                                                                                                                                                                                                                                                                                                                                                                                                                                                                                                                                                                                                                                                                                                                                                                                                                                                                                                                                                                                                                                                                                                                                                                                                                                                                                                                                                                                                                                                                                                                                                                                                                                                                                                                                                                                                                                                                                                                                                                                                                                                                                                                                                                                                                                                                                                                                                                                                                                                                                                                                                                                                                                                                                                                                                                                                                                                                                                                                                                                                                                                                                                                                                                                                                                                                                                                                                                                                                                                                                                                                                                                                                                                                                                                                                                                                                                                                                                                                                                                                                                                                                                                                                                                                                                                                                                                                                                                                                                                                                                                                                                                                                                                                                                                                                                                                                                                                                                                                                                                                                                                                                                                                                                                                                                                                                                                                                                                                                                                                                                                                                                                                                                                                                                                                                                                                                                                                                                                                                                                                                                                                                                                                                                                                                                                                                                                                                                                                                                                                                                                                                                                                                                                                                                                                                                                                                                                                                                                                                                                                                                                                                                                                                                                                                                                                                                                                                                                                                                                                                                                                                                                                                                                                                                                                                                                                                                                                                                                                                                                                                                                                                                                                                                                                                                                                                                                                                                                                                                                                                                                                                                                                                                                                                                                                                                                                                                                                                                                                                                                                                                                                                                                                                                                                                                                                                                                                                                                                                                                                                                                                                                                                                                                                                                                                                                                                                                                                                                                                                                                                                                                                                                                                                                                                                                                                                                                                                                                                                                                                                                                                                                                                                                                                                                                                                                                                                                                                                                                                                                                                                                                                                                                                                                                                                                                                                                                                                                                                                                                                                                                                                                                                                                                                                                                                                                                                                                                                                                                                                                                                                                                                                                                                                                                                                                                                                                                                                                                                                                                                                                                                                                                                                                                                                                                                                                                                                                                                                                                                                                                                                                                                                                                                                                                                                                                                                                                                                                                                                                                                                                                                                                                                                                                                                                                                                                                                                                                                                                                                                                                                                                                                                                                                                                                                                                                                                                                                                                                                                                                                                                                                                                                                                                                                                                                                                                                                                                                                                                                                                                                                                                                                                                                                                                                                                                                                                                                                                                                                                                                                                                                                                                                                                                                                                                                                                                                                                                                                                                                                                                                                                                                                                                                                                                                                                                                                                                                                                                                                                                                                                                                                                                                                                                                                                                                                                                                                                                                                                                                                                                                                                                                                                                                                                                                                                                                                                                                                                                                                                                                                                                                                                                                                                                                                                                                                                                                                                                                                                                                                                                                                                                                                                                                                                                                                                                                                                                                                                                                                                                                                                                                                                                                                                                                                                                                                                                                                                                                                                                                                                                                                                                                                                                                                                                                                                                                                                                                                                                                                                                                                                                                                                                                                                                                                                                                                                                                                                                                                                                                                                                                                                                                                                                                                                                                                                                                                                                                                                                                                                                                                                                                                                                                                                                                                                                                                                                                                                                                                                                                                                                                                                                                                                                                                                                                                                                                                                                                                                                                                                                                                                                                                                                                                                                                                                                                                                                                                                                                                                                                                                                                                                                                                                                                                                                                                                                                                                                                                                                                                                                                                                                                                                                                                                                                                                                                                                                                                                                                                                                                                                                                                                                                                                                                                                                                                                                                                                                                                                                                                                                                                                                                                                                                                                                                                                                                                                                                                                                                                                                                                                                                                                                                                                                                                                                                                                                                                                                                                                                                                                                                                                                                                                                                                                                                                                                                                                                                                                                                                                                                                                                                                                                                                                                                                                                                                                                                                                                                                                                                                                                                                                                                                                                                                                                                                                                                                                                                                                                                                                                                                                                                                                                                                                                                                                                                                                                                                                                                                                                                                                                                                                                                                                                                                                                                                                                                                                                                                                                                                                                                                                                                                                                                                                                                                                                                                                                                                                                                                                                                                                                                                                                                                                                                                                                                                                                                                                                                                                                                                                                                                                                                                                                                                                                                                                                                                                                                                                                                                                                                                                                                                                                                                                                                                                                                                                                                                                                                                                                                                                                                                                                                                                                                                                                                                                                                                                                                                                                                                                                                                                                                                                                                                                                                                                                                                                                                                                                                                                                                                                                                                                                                                                                                                                                                                                                                                                                                                                                                                                                                                                                                                                                                                                                                                                                                                                                                                                                                                                                                                                                                                                                                                                                                                                                                                                                                                                                                                                                                                                                                                                                                                                                                                                                                                                                                                                                                                                                                                                                                                                                                                                                                                                                                                                                                                                                                                                                                                                                                                                                                                                                                                                                                                                                                                                                                                                                                                                                                                                                                                                                                                                                                                                                                                                                                                                                                                                                                                                                                                                                                                                                                                                                                                                                                                                                                                                                                                                                                                                                                                                                                                                                                                                                                                                                                                                                                                                                                                                                                                                                                                                                                                                                                                                                                                                                                                                                                                                                                                                                                                                                                                                                                                                                                                                                                                                                                                                                                                                                                                                                                                                                                                                                                                                                                                                                                                                                                                                                                                                                                                                                                                                                                                                                                                                                                                                                                                                                                                                                                                                                                                                                                                                                                                                                                                                                                                                                                                                                                                                                                                                                                                                                                                                                                                                                                                                                                                                                                                                                                                                                                                                                                                                                                                                                                                                                                                                                                                                                                                                                                                                                                                                                                                                                                                                                                                                                                                                                                                                                                                                                                                                                                                                                                                                                                                                                                                                                                                                                                                                                                                                                                                                                                                                                                                                                                                                                                                                                                                                                                                                                                                                                                                                                                                                                                                                                                                                                                                                                                                                                                                                                                                                                                                                                                                                                                                                                                                                                                                                                                                                                                                                                                                                                                                                                                                                                                                                                                                                                                                                                                                                                                                                                                                                                                                                                                                                                                                                                                                                                                                                                                                                                                                                                                                                                                                                                                                                                                                                                                                                                                                                                                                                                                                                                                                                                                                                                                                                                                                                                                                                                                                                                                                                                                                                                                                                                                                                                                                                                                                                                                                                                                                                                                                                                                                                                                                                                                                                                                                                                                                                                                                                                                                                                                                                                                                                                                                                                                                                                                                                                                                                                                                                                                                                                                                                                                                                                                                                                                                                                                                                                                                                                                                                                                                                                                                                                                                                                                                                                                                                                                                                                                                                                                                                                                                                                                                                                                                                                                                                                                                                                                                                                                                                                                                                                                                                                                                                                                                                                                                                                                                                                                                                                                                                                                                                                                                                                                                                                                                                                                                                                                                                                                                                                                                                                                                                                                                                                                                                                                                                                                                                                                                                                                                                                                                                                                                                                                                                                                                                                                                                                                                                                                                                                                                                                                                                                                                                                                                                                                                                                                                                                                                                                                                                                                                                                                                                                                                                                                                                                                                                                                                                                                                                                                                                                                                                                                                                                                                                                                                                                                                                                                                                                                                                                                                                                                                                                                                                                                                                                                                                                                                                                                                                                                                                                                                                                                                                                                                                                                                                                                                                                                                                                                                                                                                                                                                                                                                                                                                                                                                                                                                                                                                                                                                                                                                                                                                                                                                                                                                                                                                                                                                                                                                                                                                                                                                                                                                                                                                                                                                                                                                                                                                                                                                                                                                                                                                                                                                                                                                                                                                                                                                                                                                                                                                                                                                                                                                                                                                                                                                                                                                                                                                                                                                                                                                                                                                                                                                                                                                                                                                                                                                                                                                                                                                                                                                                                                                                                                                                                                                                                                                                                                                                                                                                                                                                                                                                                                                                                                                                                                                                                                                                                                                                                                                                                                                                                                                                                                                                                                                                                                                                                                                                                                                                                                                                                                                                                                                                                                                                                                                                                                                                                                                                                                                                                                                                                                                                                                                                                                                                                                                                                                                                                                                                                                                                                                                                                                                                                                                                                                                                                                                                                                                                                                                                                                                                                                                                                                                                                                                                                                                                                                                                                                                                                                                                                                                                                                                                                                                                                                                                                                                                                                                                                                                                                                                                                                                                                                                                                                                                                                                                                                                                                                                                                                                                                                                                                                                                                                                                                                                                                                                                                                                                                                                                                                                                                                                                                                                                                                                                                                                                                                                                                                                                                                                                                                                                                                                                                                                                                                                                                                                                                                                                                                                                                                                                                                                                                                                                                                                                                                                                                                                                                                                                                                                                                                                                                                                                                                                                                                                                                                                                                                                                                                                                                                                                                                                                                                                                                                                                                                                                                                                                                                                                                                                                                                                                                                                                                                                                                                                                                                                                                                                                                                                                                                                                                                                                                                                                                                                                                                                                                                                                                                                                                                                                                                                                                                                                                                                                                                                                                                                                                                                                                                                                                                                                                                                                                                                                                                                                                                                                                                                                                                                                                                                                                                                                                                                                                                                                                                                                                                                                                                                                                                                                                                                                                                                                                                                                                                                                                                                                                                                                                                                                                                                                                                                                                                                                                                                                                                                                                                                                                                                                                                                                                                                                                                                                                                                                                                                                                                                                                                                                                                                                                                                                                                                                                                                                                                                                                                                                                                                                                                                                                                                                                                                                                                                                                                                                                                                                                                                                                                                                                                                                                                                                                                                                                                                                                                                                                                                                                                                                                                                                                                                                                                                                                                                                                                                                                                                                                                                                                                                                                                                                                                                                                                                                                                                                                                                                                                                                                                                                                                                                                                                                                                                                                                                                                                                                                                                                                                                                                                                                                                                                                                                                                                                                                                                                                                                                                                                                                                                                                                                                                                                                                                                                                                                                                                                                                                                                                                                                                                                                                                                                                                                                                                                                                                                                                                                                                                                                                                                                                                                                                                                                                                                                                                                                                                                                                                                                                                                                                                                                                                                                                                                                                                                                                                                                                                                                                                                                                                                                                                                                                                                                                                                                                                                                                                                                                                                                                                                                                                                                                                                                                                                                                                                                                                                                                                                                                                                                                                                                                                                                                                                                                                                                                                                                                                                                                                                                                                                                                                                                                                                                                                                                                                                                                                                                                                                                                                                                                                                                                                                                                                                                                                                                                                                                                                                                                                                                                                                                                                                                                                                                                                                                                                                                                                                                                                                                                                                                                                                                                                                                                                                                                                                                                                                                                                                                                                                                                                                                                                                                                                                                                                                                                                                                                                                                                                                                                                                                                                                                                                                                                                                                                                                                                                                                                                                                                                                                                                                                                                                                                                                                                                                                                                                                                                                                                                                                                                                                                                                                                                                                                                                                                                                                                                                                                                                                                                                                                                                                                                                                                                                                                                                                                                                                                                                                                                                                                                                                                                                                                                                                                                                                                                                                                                                                                                                                                                                                                                                                                                                                                                                                                                                                                                                                                                                                                                                                                                                                                                                                                                                                                                                                                                                                                                                                                                                                                                                                                                                                                                                                                                                                                                                                                                                                                                                                                                                                                                                                                                                                                                                                                                                                                                                                                                                                                                                                                                                                                                                                                                                                                                                                                                                                                                                                                                                                                                                                                                                                                                                                                                                                                                                                                                                                                                                                                                                                                                                                                                                                                                                                                                                                                                                                                                                                                                                                                                                                                                                                                                                                                                                                                                                                                                                                                                                                                                                                                                                                                                                                                                                                                                                                                                                                                                                                                                                                                                                                                                                                                                                                                                                                                                                                                                                                                                                                                                                                                                                                                                                                                                                                                                                                                                                                                                                                                                                                                                                                                                                                                                                                                                                                                                                                                                                                                                                                                                                                                                                                                                                                                                                                                                                                                                                                                                                                                                                                                                                                                                                                                                                                                                                                                                                                                                                                                                                                                                                                                                                                                                                                                                                                                                                                                                                                                                                                                                                                                                                                                                                                                                                                                                                                                                                                                                                                                                                                                                                                                                                                                                                                                                                                                                                                                                                                                                                                                                                                                                                                                                                                                                                                                                                                                                                                                                                                                                                                                                                                                                                                                                                                                                                                                                                                                                                                                                                                                                                                                                                                                                                                                                                                                                                                                                                                                                                                                                                                                                                                                                                                                                                                                                                                                                                                                                                                                                                                                                                                                                                                                                                                                                                                                                                                                                                                                                                                                                                                                                                                                                                                                                                                                                                                                                                                                                                                                                                                                                                                                                                                                                                                                                                                                                                                                                                                                                                                                                                                                                                                                                                                                                                                                                                                                                                                                                                                                                                                                                                                                                                                                                                                                                                                                                                                                                                                                                                                                                                                                                                                                                                                                                                                                                                                                                                                                                                                                                                                                                                                                                                                                                                                                                                                                                                                                                                                                                                                                                                                                                                                                                                                                                                                                                                                                                                                                                                                                                                                                                                                                                                                                                                                                                                                                                                                                                                                                                                                                                                                                                                                                                                                                                                                                                                                                                                                                                                                                                                                                                                                                                                                                                                                                                                                                                                                                                                                                                                                                                                                                                                                                                                                                                                                                                                                                                                                                                                                                                                                                                                                                                                                                                                                                                                                                                                                                                                                                                                                                                                                                                                                                                                                                                                                                                                                                                                                                                                                                                                                                                                                                                                                                                                                                                                                                                                                                                                                                                                                                                                                                                                                                                                                                                                                                                                                                                                                                                                                                                                                                                                                                                                                                                                                                                                                                                                                                                                                                                                                                                                                                                                                                                                                                                                                                                                                                                                                                                                                                                                                                                                                                                                                                                                                                                                                                                                                                                                                                                                                                                                                                                                                                                                                                                                                                                                                                                                                                                                                                                                                                                                                                                                                                                                                                                                                                                                                                                                                                                                                                                                                                                                                                                                                                                                                                                                                                                                                                                                                                                                                                                                                                                                                                                                                                                                                                                                                                                                                                                                                                                                                                                                                                                                                                                                                                                                                                                                                                                                                                                                                                                                                                                                                                                                                                                                                                                                                                                                                                                                                                                                                                                                                                                                                                                                                                                                                                                                                                                                                                                                                                                                                                                                                                                                                                                                                                                                                                                                                                                                                                                                                                                                                                                                                                                                                                                                                                                                                                                                                                                                                                                                                                                                                                                                                                                                                                                                                                                                                                                                                                                                                                                                                                                                                                                                                                                                                                                                                                                                                                                                                                                                                                                                                                                                                                                                                                                                                                                                                                                                                                                                                                                                                                                                                                                                                                                                                                                                                                                                                                                                                                                                                                                                                                                                                                                                                                                                                                                                                                                                                                                                                                                                                                                                                                                                                                                                                                                                                                                                                                                                                                                                                                                                                                                                                                                                                                                                                                                                                                                                                                                                                                                                                                                                                                                                                                                                                                                                                                                                                                                                                                                                                                                                                                                                                                                                                                                                                                                                                                                                                                                                                                                                                                                                                                                                                                                                                                                                                                                                                                                                                                                                                                                                                                                                                                                                                                                                                                                                                                                                                                                                                                                                                                                                                                                                                                                                                                                                                                                                                                                                                                                                                                                                                                                                                                                                                                                                                                                                                                                                                                                                                                                                                                                                                                                                                                                                                                                                                                                                                                                                                                                                                                                                                                                                                                                                                                                                                                                                                                                                                                                                                                                                                                                                                                                                                                                                                                                                                                                                                                                                                                                                                                                                                                                                                                                                                                                                                                                                                                                                                                                                                                                                                                                                                                                                                                                                                                                                                                                                                                                                                                                                                                                                                                                                                                                                                                                                                                                                                                                                                                                                                                                                                                                                                                                                                                                                                                                                                                                                                                                                                                                                                                                                                                                                                                                                                                                                                                                                                                                                                                                                                                                                                                                                                                                                                                                                                                                                                                                                                                                                                                                                                                                                                                                                                                                                                                                                                                                                                                                                                                                                                                                                                                                                                                                                                                                                                                                                                                                                                                                                                                                                                                                                                                                                                                                                                                                                                                                                                                                                                                                                                                                                                                                                                                                                                                                                                                                                                                                                                                                                                                                                                                                                                                                                                                                                                                                                                                                                                                                                                                                                                                                                                                                                                                                                                                                                                                                                                                                                                                                                                                                                                                                                                                                                                                                                                                                                                                                                                                                                                                                                                                                                                                                                                                                                                                                                                                                                                                                                                                                                                                                                                                                                                                                                                                                                                                                                                                                                                                                                                                                                                                                                                                                                                                                                                                                                                                                                                                                                                                                                                                                                                                                                                                                                                                                                                                                                                                                                                                                                                                                                                                                                                                                                                                                                                                                                                                                                                                                                                                                                                                                                                                                                                                                                                                                                                                                                                                                                                                                                                                                                                                                                                                                                                                                                                                                                                                                                                                                                                                                                                                                                                                                                                                                                                                                                                                                                                                                                                                                                                                                                                                                                                                                                                                                                                                                                                                                                                                                                                                                                                                                                                                                                                                                                                                                                                                                                                                                                                                                                                                                                                                                                                                                                                                                                                                                                                                                                                                                                                                                                                                                                                                                                                                                                                                                                                                                                                                                                                                                                                                                                                                                                                                                                                                                                                                                                                                                                                                                                                                                                                                                                                                                                                                                                                                                                                                                                                                                                                                                                                                                                                                                                                                                                                                                                                                                                                                                                                                                                                                                                                                                                                                                                                                                                                                                                                                                                                                                                                                                                                                                                                                                                                                                                                                                                                                                                                                                                                                                                                                                                                                                                                                                                                                                                                                                                                                                                                                                                                                                                                                                                                                                                                                                                                                                                                                                                                                                                                                                                                                                                                                                                                                                                                                                                                                                                                                                                                                                                                                                                                                                                                                                                                                                                                                                                                                                                                                                                                                                                                                                                                                                                                                                                                                                                                                                                                                                                                                                                                                                                                                                                                                                                                                                                                                                                                                                                                                                                                                                                                                                                                                                                                                                                                                                                                                                                                                                                                                                                                                                                                                                                                                                                                                                                                                                                                                                                                                                                                                                                                                                                                                                                                                                                                                                                                                                                                                                                                                                                                                                                                                                                                                                                                                                                                                                                                                                                                                                                                                                                                                                                                                                                                                                                                                                                                                                                                                                                                                                                                                                                                                                                                                                                                                                                                                                                                                                                                                                                                                                                                                                                                                                                                                                                                                                                                                                                                  